{
  "type": "FeatureCollection",
  "features": [
    {
      "type": "Feature",
      "properties": {
        "source": "CWC",
        "source_record_id": "CWC_Ganga_at_Patna_20260923_015747",
        "event_type": "flood",
        "timestamp": "2026-09-23T01:57:47.233995",
        "valid_from": "2026-09-23T01:57:47.233995",
        "valid_until": "2026-09-23T02:57:47.233995",
        "river_name": "Ganga",
        "water_level": 23.07,
        "is_flood": true,
        "severity": "severe",
        "description": "Flood observation on Ganga: Water level 23.07m, Flood conditions"
      },
      "geometry": {
        "type": "Point",
        "coordinates": [
          85.1376,
          25.5941
        ]
      }
    },
    {
      "type": "Feature",
      "properties": {
        "source": "CWC",
        "source_record_id": "CWC_Brahmaputra_at_Guwahati_20260923_015747",
        "event_type": "flood",
        "timestamp": "2026-09-23T01:57:47.233995",
        "valid_from": "2026-09-23T01:57:47.233995",
        "valid_until": "2026-09-23T02:57:47.233995",
        "river_name": "Brahmaputra",
        "water_level": 20.36,
        "is_flood": true,
        "severity": "high",
        "description": "Flood observation on Brahmaputra: Water level 20.36m, Flood conditions"
      },
      "geometry": {
        "type": "Point",
        "coordinates": [
          91.7362,
          26.1445
        ]
      }
    },
    {
      "type": "Feature",
      "properties": {
        "source": "CWC",
        "source_record_id": "CWC_Barak_at_Badarpurghat_20260923_015747",
        "event_type": "flood",
        "timestamp": "2026-09-23T01:57:47.233995",
        "valid_from": "2026-09-23T01:57:47.233995",
        "valid_until": "2026-09-23T02:57:47.233995",
        "river_name": "Barak",
        "water_level": 18.51,
        "is_flood": false,
        "severity": "moderate",
        "description": "Flood observation on Barak: Water level 18.51m, Normal"
      },
      "geometry": {
        "type": "Point",
        "coordinates": [
          92.15,
          24.8833
        ]
      }
    },
    {
      "type": "Feature",
      "properties": {
        "source": "CWC",
        "source_record_id": "CWC_Godavari_at_Nashik_20260923_015747",
        "event_type": "flood",
        "timestamp": "2026-09-23T01:57:47.233995",
        "valid_from": "2026-09-23T01:57:47.233995",
        "valid_until": "2026-09-23T02:57:47.233995",
        "river_name": "Godavari",
        "water_level": 8.36,
        "is_flood": false,
        "severity": "low",
        "description": "Flood observation on Godavari: Water level 8.36m, Normal"
      },
      "geometry": {
        "type": "Point",
        "coordinates": [
          73.7898,
          20.0059
        ]
      }
    },
    {
      "type": "Feature",
      "properties": {
        "source": "CWC",
        "source_record_id": "CWC_Krishna_at_Vijayawada_20260923_015747",
        "event_type": "flood",
        "timestamp": "2026-09-23T01:57:47.233995",
        "valid_from": "2026-09-23T01:57:47.233995",
        "valid_until": "2026-09-23T02:57:47.233995",
        "river_name": "Krishna",
        "water_level": 21.54,
        "is_flood": true,
        "severity": "high",
        "description": "Flood observation on Krishna: Water level 21.54m, Flood conditions"
      },
      "geometry": {
        "type": "Point",
        "coordinates": [
          80.648,
          16.5062
        ]
      }
    },
    {
      "type": "Feature",
      "properties": {
        "source": "CWC",
        "source_record_id": "CWC_Ganga_at_Patna_20260923_025747",
        "event_type": "flood",
        "timestamp": "2026-09-23T02:57:47.233995",
        "valid_from": "2026-09-23T02:57:47.233995",
        "valid_until": "2026-09-23T03:57:47.233995",
        "river_name": "Ganga",
        "water_level": 11.86,
        "is_flood": false,
        "severity": "low",
        "description": "Flood observation on Ganga: Water level 11.86m, Normal"
      },
      "geometry": {
        "type": "Point",
        "coordinates": [
          85.1376,
          25.5941
        ]
      }
    },
    {
      "type": "Feature",
      "properties": {
        "source": "CWC",
        "source_record_id": "CWC_Brahmaputra_at_Guwahati_20260923_025747",
        "event_type": "flood",
        "timestamp": "2026-09-23T02:57:47.233995",
        "valid_from": "2026-09-23T02:57:47.233995",
        "valid_until": "2026-09-23T03:57:47.233995",
        "river_name": "Brahmaputra",
        "water_level": 10.23,
        "is_flood": false,
        "severity": "low",
        "description": "Flood observation on Brahmaputra: Water level 10.23m, Normal"
      },
      "geometry": {
        "type": "Point",
        "coordinates": [
          91.7362,
          26.1445
        ]
      }
    },
    {
      "type": "Feature",
      "properties": {
        "source": "CWC",
        "source_record_id": "CWC_Barak_at_Badarpurghat_20260923_025747",
        "event_type": "flood",
        "timestamp": "2026-09-23T02:57:47.233995",
        "valid_from": "2026-09-23T02:57:47.233995",
        "valid_until": "2026-09-23T03:57:47.233995",
        "river_name": "Barak",
        "water_level": 6.89,
        "is_flood": false,
        "severity": "low",
        "description": "Flood observation on Barak: Water level 6.89m, Normal"
      },
      "geometry": {
        "type": "Point",
        "coordinates": [
          92.15,
          24.8833
        ]
      }
    },
    {
      "type": "Feature",
      "properties": {
        "source": "CWC",
        "source_record_id": "CWC_Godavari_at_Nashik_20260923_025747",
        "event_type": "flood",
        "timestamp": "2026-09-23T02:57:47.233995",
        "valid_from": "2026-09-23T02:57:47.233995",
        "valid_until": "2026-09-23T03:57:47.233995",
        "river_name": "Godavari",
        "water_level": 16.08,
        "is_flood": false,
        "severity": "low",
        "description": "Flood observation on Godavari: Water level 16.08m, Normal"
      },
      "geometry": {
        "type": "Point",
        "coordinates": [
          73.7898,
          20.0059
        ]
      }
    },
    {
      "type": "Feature",
      "properties": {
        "source": "CWC",
        "source_record_id": "CWC_Krishna_at_Vijayawada_20260923_025747",
        "event_type": "flood",
        "timestamp": "2026-09-23T02:57:47.233995",
        "valid_from": "2026-09-23T02:57:47.233995",
        "valid_until": "2026-09-23T03:57:47.233995",
        "river_name": "Krishna",
        "water_level": 10.25,
        "is_flood": false,
        "severity": "low",
        "description": "Flood observation on Krishna: Water level 10.25m, Normal"
      },
      "geometry": {
        "type": "Point",
        "coordinates": [
          80.648,
          16.5062
        ]
      }
    },
    {
      "type": "Feature",
      "properties": {
        "source": "CWC",
        "source_record_id": "CWC_Ganga_at_Patna_20260923_035747",
        "event_type": "flood",
        "timestamp": "2026-09-23T03:57:47.233995",
        "valid_from": "2026-09-23T03:57:47.233995",
        "valid_until": "2026-09-23T04:57:47.233995",
        "river_name": "Ganga",
        "water_level": 13.3,
        "is_flood": false,
        "severity": "low",
        "description": "Flood observation on Ganga: Water level 13.3m, Normal"
      },
      "geometry": {
        "type": "Point",
        "coordinates": [
          85.1376,
          25.5941
        ]
      }
    },
    {
      "type": "Feature",
      "properties": {
        "source": "CWC",
        "source_record_id": "CWC_Brahmaputra_at_Guwahati_20260923_035747",
        "event_type": "flood",
        "timestamp": "2026-09-23T03:57:47.233995",
        "valid_from": "2026-09-23T03:57:47.233995",
        "valid_until": "2026-09-23T04:57:47.233995",
        "river_name": "Brahmaputra",
        "water_level": 16.99,
        "is_flood": false,
        "severity": "low",
        "description": "Flood observation on Brahmaputra: Water level 16.99m, Normal"
      },
      "geometry": {
        "type": "Point",
        "coordinates": [
          91.7362,
          26.1445
        ]
      }
    },
    {
      "type": "Feature",
      "properties": {
        "source": "CWC",
        "source_record_id": "CWC_Barak_at_Badarpurghat_20260923_035747",
        "event_type": "flood",
        "timestamp": "2026-09-23T03:57:47.233995",
        "valid_from": "2026-09-23T03:57:47.233995",
        "valid_until": "2026-09-23T04:57:47.233995",
        "river_name": "Barak",
        "water_level": 11.39,
        "is_flood": false,
        "severity": "low",
        "description": "Flood observation on Barak: Water level 11.39m, Normal"
      },
      "geometry": {
        "type": "Point",
        "coordinates": [
          92.15,
          24.8833
        ]
      }
    },
    {
      "type": "Feature",
      "properties": {
        "source": "CWC",
        "source_record_id": "CWC_Godavari_at_Nashik_20260923_035747",
        "event_type": "flood",
        "timestamp": "2026-09-23T03:57:47.233995",
        "valid_from": "2026-09-23T03:57:47.233995",
        "valid_until": "2026-09-23T04:57:47.233995",
        "river_name": "Godavari",
        "water_level": 9.68,
        "is_flood": false,
        "severity": "low",
        "description": "Flood observation on Godavari: Water level 9.68m, Normal"
      },
      "geometry": {
        "type": "Point",
        "coordinates": [
          73.7898,
          20.0059
        ]
      }
    },
    {
      "type": "Feature",
      "properties": {
        "source": "CWC",
        "source_record_id": "CWC_Krishna_at_Vijayawada_20260923_035747",
        "event_type": "flood",
        "timestamp": "2026-09-23T03:57:47.233995",
        "valid_from": "2026-09-23T03:57:47.233995",
        "valid_until": "2026-09-23T04:57:47.233995",
        "river_name": "Krishna",
        "water_level": 23.5,
        "is_flood": true,
        "severity": "severe",
        "description": "Flood observation on Krishna: Water level 23.5m, Flood conditions"
      },
      "geometry": {
        "type": "Point",
        "coordinates": [
          80.648,
          16.5062
        ]
      }
    },
    {
      "type": "Feature",
      "properties": {
        "source": "CWC",
        "source_record_id": "CWC_Ganga_at_Patna_20260923_045747",
        "event_type": "flood",
        "timestamp": "2026-09-23T04:57:47.233995",
        "valid_from": "2026-09-23T04:57:47.233995",
        "valid_until": "2026-09-23T05:57:47.233995",
        "river_name": "Ganga",
        "water_level": 19.08,
        "is_flood": false,
        "severity": "moderate",
        "description": "Flood observation on Ganga: Water level 19.08m, Normal"
      },
      "geometry": {
        "type": "Point",
        "coordinates": [
          85.1376,
          25.5941
        ]
      }
    },
    {
      "type": "Feature",
      "properties": {
        "source": "CWC",
        "source_record_id": "CWC_Brahmaputra_at_Guwahati_20260923_045747",
        "event_type": "flood",
        "timestamp": "2026-09-23T04:57:47.233995",
        "valid_from": "2026-09-23T04:57:47.233995",
        "valid_until": "2026-09-23T05:57:47.233995",
        "river_name": "Brahmaputra",
        "water_level": 7.25,
        "is_flood": false,
        "severity": "low",
        "description": "Flood observation on Brahmaputra: Water level 7.25m, Normal"
      },
      "geometry": {
        "type": "Point",
        "coordinates": [
          91.7362,
          26.1445
        ]
      }
    },
    {
      "type": "Feature",
      "properties": {
        "source": "CWC",
        "source_record_id": "CWC_Barak_at_Badarpurghat_20260923_045747",
        "event_type": "flood",
        "timestamp": "2026-09-23T04:57:47.233995",
        "valid_from": "2026-09-23T04:57:47.233995",
        "valid_until": "2026-09-23T05:57:47.233995",
        "river_name": "Barak",
        "water_level": 11.04,
        "is_flood": false,
        "severity": "low",
        "description": "Flood observation on Barak: Water level 11.04m, Normal"
      },
      "geometry": {
        "type": "Point",
        "coordinates": [
          92.15,
          24.8833
        ]
      }
    },
    {
      "type": "Feature",
      "properties": {
        "source": "CWC",
        "source_record_id": "CWC_Godavari_at_Nashik_20260923_045747",
        "event_type": "flood",
        "timestamp": "2026-09-23T04:57:47.233995",
        "valid_from": "2026-09-23T04:57:47.233995",
        "valid_until": "2026-09-23T05:57:47.233995",
        "river_name": "Godavari",
        "water_level": 23.39,
        "is_flood": true,
        "severity": "severe",
        "description": "Flood observation on Godavari: Water level 23.39m, Flood conditions"
      },
      "geometry": {
        "type": "Point",
        "coordinates": [
          73.7898,
          20.0059
        ]
      }
    },
    {
      "type": "Feature",
      "properties": {
        "source": "CWC",
        "source_record_id": "CWC_Krishna_at_Vijayawada_20260923_045747",
        "event_type": "flood",
        "timestamp": "2026-09-23T04:57:47.233995",
        "valid_from": "2026-09-23T04:57:47.233995",
        "valid_until": "2026-09-23T05:57:47.233995",
        "river_name": "Krishna",
        "water_level": 10.74,
        "is_flood": false,
        "severity": "low",
        "description": "Flood observation on Krishna: Water level 10.74m, Normal"
      },
      "geometry": {
        "type": "Point",
        "coordinates": [
          80.648,
          16.5062
        ]
      }
    },
    {
      "type": "Feature",
      "properties": {
        "source": "CWC",
        "source_record_id": "CWC_Ganga_at_Patna_20260923_055747",
        "event_type": "flood",
        "timestamp": "2026-09-23T05:57:47.233995",
        "valid_from": "2026-09-23T05:57:47.233995",
        "valid_until": "2026-09-23T06:57:47.233995",
        "river_name": "Ganga",
        "water_level": 18.19,
        "is_flood": false,
        "severity": "moderate",
        "description": "Flood observation on Ganga: Water level 18.19m, Normal"
      },
      "geometry": {
        "type": "Point",
        "coordinates": [
          85.1376,
          25.5941
        ]
      }
    },
    {
      "type": "Feature",
      "properties": {
        "source": "CWC",
        "source_record_id": "CWC_Brahmaputra_at_Guwahati_20260923_055747",
        "event_type": "flood",
        "timestamp": "2026-09-23T05:57:47.233995",
        "valid_from": "2026-09-23T05:57:47.233995",
        "valid_until": "2026-09-23T06:57:47.233995",
        "river_name": "Brahmaputra",
        "water_level": 5.98,
        "is_flood": false,
        "severity": "low",
        "description": "Flood observation on Brahmaputra: Water level 5.98m, Normal"
      },
      "geometry": {
        "type": "Point",
        "coordinates": [
          91.7362,
          26.1445
        ]
      }
    },
    {
      "type": "Feature",
      "properties": {
        "source": "CWC",
        "source_record_id": "CWC_Barak_at_Badarpurghat_20260923_055747",
        "event_type": "flood",
        "timestamp": "2026-09-23T05:57:47.233995",
        "valid_from": "2026-09-23T05:57:47.233995",
        "valid_until": "2026-09-23T06:57:47.233995",
        "river_name": "Barak",
        "water_level": 19.94,
        "is_flood": false,
        "severity": "moderate",
        "description": "Flood observation on Barak: Water level 19.94m, Normal"
      },
      "geometry": {
        "type": "Point",
        "coordinates": [
          92.15,
          24.8833
        ]
      }
    },
    {
      "type": "Feature",
      "properties": {
        "source": "CWC",
        "source_record_id": "CWC_Godavari_at_Nashik_20260923_055747",
        "event_type": "flood",
        "timestamp": "2026-09-23T05:57:47.233995",
        "valid_from": "2026-09-23T05:57:47.233995",
        "valid_until": "2026-09-23T06:57:47.233995",
        "river_name": "Godavari",
        "water_level": 11.41,
        "is_flood": false,
        "severity": "low",
        "description": "Flood observation on Godavari: Water level 11.41m, Normal"
      },
      "geometry": {
        "type": "Point",
        "coordinates": [
          73.7898,
          20.0059
        ]
      }
    },
    {
      "type": "Feature",
      "properties": {
        "source": "CWC",
        "source_record_id": "CWC_Krishna_at_Vijayawada_20260923_055747",
        "event_type": "flood",
        "timestamp": "2026-09-23T05:57:47.233995",
        "valid_from": "2026-09-23T05:57:47.233995",
        "valid_until": "2026-09-23T06:57:47.233995",
        "river_name": "Krishna",
        "water_level": 19.89,
        "is_flood": false,
        "severity": "moderate",
        "description": "Flood observation on Krishna: Water level 19.89m, Normal"
      },
      "geometry": {
        "type": "Point",
        "coordinates": [
          80.648,
          16.5062
        ]
      }
    },
    {
      "type": "Feature",
      "properties": {
        "source": "CWC",
        "source_record_id": "CWC_Ganga_at_Patna_20260923_065747",
        "event_type": "flood",
        "timestamp": "2026-09-23T06:57:47.233995",
        "valid_from": "2026-09-23T06:57:47.233995",
        "valid_until": "2026-09-23T07:57:47.233995",
        "river_name": "Ganga",
        "water_level": 8.21,
        "is_flood": false,
        "severity": "low",
        "description": "Flood observation on Ganga: Water level 8.21m, Normal"
      },
      "geometry": {
        "type": "Point",
        "coordinates": [
          85.1376,
          25.5941
        ]
      }
    },
    {
      "type": "Feature",
      "properties": {
        "source": "CWC",
        "source_record_id": "CWC_Brahmaputra_at_Guwahati_20260923_065747",
        "event_type": "flood",
        "timestamp": "2026-09-23T06:57:47.233995",
        "valid_from": "2026-09-23T06:57:47.233995",
        "valid_until": "2026-09-23T07:57:47.233995",
        "river_name": "Brahmaputra",
        "water_level": 14.77,
        "is_flood": false,
        "severity": "low",
        "description": "Flood observation on Brahmaputra: Water level 14.77m, Normal"
      },
      "geometry": {
        "type": "Point",
        "coordinates": [
          91.7362,
          26.1445
        ]
      }
    },
    {
      "type": "Feature",
      "properties": {
        "source": "CWC",
        "source_record_id": "CWC_Barak_at_Badarpurghat_20260923_065747",
        "event_type": "flood",
        "timestamp": "2026-09-23T06:57:47.233995",
        "valid_from": "2026-09-23T06:57:47.233995",
        "valid_until": "2026-09-23T07:57:47.233995",
        "river_name": "Barak",
        "water_level": 5.58,
        "is_flood": false,
        "severity": "low",
        "description": "Flood observation on Barak: Water level 5.58m, Normal"
      },
      "geometry": {
        "type": "Point",
        "coordinates": [
          92.15,
          24.8833
        ]
      }
    },
    {
      "type": "Feature",
      "properties": {
        "source": "CWC",
        "source_record_id": "CWC_Godavari_at_Nashik_20260923_065747",
        "event_type": "flood",
        "timestamp": "2026-09-23T06:57:47.233995",
        "valid_from": "2026-09-23T06:57:47.233995",
        "valid_until": "2026-09-23T07:57:47.233995",
        "river_name": "Godavari",
        "water_level": 8.21,
        "is_flood": false,
        "severity": "low",
        "description": "Flood observation on Godavari: Water level 8.21m, Normal"
      },
      "geometry": {
        "type": "Point",
        "coordinates": [
          73.7898,
          20.0059
        ]
      }
    },
    {
      "type": "Feature",
      "properties": {
        "source": "CWC",
        "source_record_id": "CWC_Krishna_at_Vijayawada_20260923_065747",
        "event_type": "flood",
        "timestamp": "2026-09-23T06:57:47.233995",
        "valid_from": "2026-09-23T06:57:47.233995",
        "valid_until": "2026-09-23T07:57:47.233995",
        "river_name": "Krishna",
        "water_level": 7.98,
        "is_flood": false,
        "severity": "low",
        "description": "Flood observation on Krishna: Water level 7.98m, Normal"
      },
      "geometry": {
        "type": "Point",
        "coordinates": [
          80.648,
          16.5062
        ]
      }
    },
    {
      "type": "Feature",
      "properties": {
        "source": "CWC",
        "source_record_id": "CWC_Ganga_at_Patna_20260923_075747",
        "event_type": "flood",
        "timestamp": "2026-09-23T07:57:47.233995",
        "valid_from": "2026-09-23T07:57:47.233995",
        "valid_until": "2026-09-23T08:57:47.233995",
        "river_name": "Ganga",
        "water_level": 5.05,
        "is_flood": false,
        "severity": "low",
        "description": "Flood observation on Ganga: Water level 5.05m, Normal"
      },
      "geometry": {
        "type": "Point",
        "coordinates": [
          85.1376,
          25.5941
        ]
      }
    },
    {
      "type": "Feature",
      "properties": {
        "source": "CWC",
        "source_record_id": "CWC_Brahmaputra_at_Guwahati_20260923_075747",
        "event_type": "flood",
        "timestamp": "2026-09-23T07:57:47.233995",
        "valid_from": "2026-09-23T07:57:47.233995",
        "valid_until": "2026-09-23T08:57:47.233995",
        "river_name": "Brahmaputra",
        "water_level": 15.56,
        "is_flood": false,
        "severity": "low",
        "description": "Flood observation on Brahmaputra: Water level 15.56m, Normal"
      },
      "geometry": {
        "type": "Point",
        "coordinates": [
          91.7362,
          26.1445
        ]
      }
    },
    {
      "type": "Feature",
      "properties": {
        "source": "CWC",
        "source_record_id": "CWC_Barak_at_Badarpurghat_20260923_075747",
        "event_type": "flood",
        "timestamp": "2026-09-23T07:57:47.233995",
        "valid_from": "2026-09-23T07:57:47.233995",
        "valid_until": "2026-09-23T08:57:47.233995",
        "river_name": "Barak",
        "water_level": 15.49,
        "is_flood": false,
        "severity": "low",
        "description": "Flood observation on Barak: Water level 15.49m, Normal"
      },
      "geometry": {
        "type": "Point",
        "coordinates": [
          92.15,
          24.8833
        ]
      }
    },
    {
      "type": "Feature",
      "properties": {
        "source": "CWC",
        "source_record_id": "CWC_Godavari_at_Nashik_20260923_075747",
        "event_type": "flood",
        "timestamp": "2026-09-23T07:57:47.233995",
        "valid_from": "2026-09-23T07:57:47.233995",
        "valid_until": "2026-09-23T08:57:47.233995",
        "river_name": "Godavari",
        "water_level": 19.89,
        "is_flood": false,
        "severity": "moderate",
        "description": "Flood observation on Godavari: Water level 19.89m, Normal"
      },
      "geometry": {
        "type": "Point",
        "coordinates": [
          73.7898,
          20.0059
        ]
      }
    },
    {
      "type": "Feature",
      "properties": {
        "source": "CWC",
        "source_record_id": "CWC_Krishna_at_Vijayawada_20260923_075747",
        "event_type": "flood",
        "timestamp": "2026-09-23T07:57:47.233995",
        "valid_from": "2026-09-23T07:57:47.233995",
        "valid_until": "2026-09-23T08:57:47.233995",
        "river_name": "Krishna",
        "water_level": 8.89,
        "is_flood": false,
        "severity": "low",
        "description": "Flood observation on Krishna: Water level 8.89m, Normal"
      },
      "geometry": {
        "type": "Point",
        "coordinates": [
          80.648,
          16.5062
        ]
      }
    },
    {
      "type": "Feature",
      "properties": {
        "source": "CWC",
        "source_record_id": "CWC_Ganga_at_Patna_20260923_085747",
        "event_type": "flood",
        "timestamp": "2026-09-23T08:57:47.233995",
        "valid_from": "2026-09-23T08:57:47.233995",
        "valid_until": "2026-09-23T09:57:47.233995",
        "river_name": "Ganga",
        "water_level": 10.74,
        "is_flood": false,
        "severity": "low",
        "description": "Flood observation on Ganga: Water level 10.74m, Normal"
      },
      "geometry": {
        "type": "Point",
        "coordinates": [
          85.1376,
          25.5941
        ]
      }
    },
    {
      "type": "Feature",
      "properties": {
        "source": "CWC",
        "source_record_id": "CWC_Brahmaputra_at_Guwahati_20260923_085747",
        "event_type": "flood",
        "timestamp": "2026-09-23T08:57:47.233995",
        "valid_from": "2026-09-23T08:57:47.233995",
        "valid_until": "2026-09-23T09:57:47.233995",
        "river_name": "Brahmaputra",
        "water_level": 12.46,
        "is_flood": false,
        "severity": "low",
        "description": "Flood observation on Brahmaputra: Water level 12.46m, Normal"
      },
      "geometry": {
        "type": "Point",
        "coordinates": [
          91.7362,
          26.1445
        ]
      }
    },
    {
      "type": "Feature",
      "properties": {
        "source": "CWC",
        "source_record_id": "CWC_Barak_at_Badarpurghat_20260923_085747",
        "event_type": "flood",
        "timestamp": "2026-09-23T08:57:47.233995",
        "valid_from": "2026-09-23T08:57:47.233995",
        "valid_until": "2026-09-23T09:57:47.233995",
        "river_name": "Barak",
        "water_level": 22.03,
        "is_flood": true,
        "severity": "severe",
        "description": "Flood observation on Barak: Water level 22.03m, Flood conditions"
      },
      "geometry": {
        "type": "Point",
        "coordinates": [
          92.15,
          24.8833
        ]
      }
    },
    {
      "type": "Feature",
      "properties": {
        "source": "CWC",
        "source_record_id": "CWC_Godavari_at_Nashik_20260923_085747",
        "event_type": "flood",
        "timestamp": "2026-09-23T08:57:47.233995",
        "valid_from": "2026-09-23T08:57:47.233995",
        "valid_until": "2026-09-23T09:57:47.233995",
        "river_name": "Godavari",
        "water_level": 18.87,
        "is_flood": false,
        "severity": "moderate",
        "description": "Flood observation on Godavari: Water level 18.87m, Normal"
      },
      "geometry": {
        "type": "Point",
        "coordinates": [
          73.7898,
          20.0059
        ]
      }
    },
    {
      "type": "Feature",
      "properties": {
        "source": "CWC",
        "source_record_id": "CWC_Krishna_at_Vijayawada_20260923_085747",
        "event_type": "flood",
        "timestamp": "2026-09-23T08:57:47.233995",
        "valid_from": "2026-09-23T08:57:47.233995",
        "valid_until": "2026-09-23T09:57:47.233995",
        "river_name": "Krishna",
        "water_level": 6.55,
        "is_flood": false,
        "severity": "low",
        "description": "Flood observation on Krishna: Water level 6.55m, Normal"
      },
      "geometry": {
        "type": "Point",
        "coordinates": [
          80.648,
          16.5062
        ]
      }
    },
    {
      "type": "Feature",
      "properties": {
        "source": "CWC",
        "source_record_id": "CWC_Ganga_at_Patna_20260923_095747",
        "event_type": "flood",
        "timestamp": "2026-09-23T09:57:47.233995",
        "valid_from": "2026-09-23T09:57:47.233995",
        "valid_until": "2026-09-23T10:57:47.233995",
        "river_name": "Ganga",
        "water_level": 23.58,
        "is_flood": true,
        "severity": "severe",
        "description": "Flood observation on Ganga: Water level 23.58m, Flood conditions"
      },
      "geometry": {
        "type": "Point",
        "coordinates": [
          85.1376,
          25.5941
        ]
      }
    },
    {
      "type": "Feature",
      "properties": {
        "source": "CWC",
        "source_record_id": "CWC_Brahmaputra_at_Guwahati_20260923_095747",
        "event_type": "flood",
        "timestamp": "2026-09-23T09:57:47.233995",
        "valid_from": "2026-09-23T09:57:47.233995",
        "valid_until": "2026-09-23T10:57:47.233995",
        "river_name": "Brahmaputra",
        "water_level": 13.09,
        "is_flood": false,
        "severity": "low",
        "description": "Flood observation on Brahmaputra: Water level 13.09m, Normal"
      },
      "geometry": {
        "type": "Point",
        "coordinates": [
          91.7362,
          26.1445
        ]
      }
    },
    {
      "type": "Feature",
      "properties": {
        "source": "CWC",
        "source_record_id": "CWC_Barak_at_Badarpurghat_20260923_095747",
        "event_type": "flood",
        "timestamp": "2026-09-23T09:57:47.233995",
        "valid_from": "2026-09-23T09:57:47.233995",
        "valid_until": "2026-09-23T10:57:47.233995",
        "river_name": "Barak",
        "water_level": 14.75,
        "is_flood": false,
        "severity": "low",
        "description": "Flood observation on Barak: Water level 14.75m, Normal"
      },
      "geometry": {
        "type": "Point",
        "coordinates": [
          92.15,
          24.8833
        ]
      }
    },
    {
      "type": "Feature",
      "properties": {
        "source": "CWC",
        "source_record_id": "CWC_Godavari_at_Nashik_20260923_095747",
        "event_type": "flood",
        "timestamp": "2026-09-23T09:57:47.233995",
        "valid_from": "2026-09-23T09:57:47.233995",
        "valid_until": "2026-09-23T10:57:47.233995",
        "river_name": "Godavari",
        "water_level": 12.61,
        "is_flood": false,
        "severity": "low",
        "description": "Flood observation on Godavari: Water level 12.61m, Normal"
      },
      "geometry": {
        "type": "Point",
        "coordinates": [
          73.7898,
          20.0059
        ]
      }
    },
    {
      "type": "Feature",
      "properties": {
        "source": "CWC",
        "source_record_id": "CWC_Krishna_at_Vijayawada_20260923_095747",
        "event_type": "flood",
        "timestamp": "2026-09-23T09:57:47.233995",
        "valid_from": "2026-09-23T09:57:47.233995",
        "valid_until": "2026-09-23T10:57:47.233995",
        "river_name": "Krishna",
        "water_level": 24.33,
        "is_flood": true,
        "severity": "severe",
        "description": "Flood observation on Krishna: Water level 24.33m, Flood conditions"
      },
      "geometry": {
        "type": "Point",
        "coordinates": [
          80.648,
          16.5062
        ]
      }
    },
    {
      "type": "Feature",
      "properties": {
        "source": "CWC",
        "source_record_id": "CWC_Ganga_at_Patna_20260923_105747",
        "event_type": "flood",
        "timestamp": "2026-09-23T10:57:47.233995",
        "valid_from": "2026-09-23T10:57:47.233995",
        "valid_until": "2026-09-23T11:57:47.233995",
        "river_name": "Ganga",
        "water_level": 12.65,
        "is_flood": false,
        "severity": "low",
        "description": "Flood observation on Ganga: Water level 12.65m, Normal"
      },
      "geometry": {
        "type": "Point",
        "coordinates": [
          85.1376,
          25.5941
        ]
      }
    },
    {
      "type": "Feature",
      "properties": {
        "source": "CWC",
        "source_record_id": "CWC_Brahmaputra_at_Guwahati_20260923_105747",
        "event_type": "flood",
        "timestamp": "2026-09-23T10:57:47.233995",
        "valid_from": "2026-09-23T10:57:47.233995",
        "valid_until": "2026-09-23T11:57:47.233995",
        "river_name": "Brahmaputra",
        "water_level": 12.17,
        "is_flood": false,
        "severity": "low",
        "description": "Flood observation on Brahmaputra: Water level 12.17m, Normal"
      },
      "geometry": {
        "type": "Point",
        "coordinates": [
          91.7362,
          26.1445
        ]
      }
    },
    {
      "type": "Feature",
      "properties": {
        "source": "CWC",
        "source_record_id": "CWC_Barak_at_Badarpurghat_20260923_105747",
        "event_type": "flood",
        "timestamp": "2026-09-23T10:57:47.233995",
        "valid_from": "2026-09-23T10:57:47.233995",
        "valid_until": "2026-09-23T11:57:47.233995",
        "river_name": "Barak",
        "water_level": 10.02,
        "is_flood": false,
        "severity": "low",
        "description": "Flood observation on Barak: Water level 10.02m, Normal"
      },
      "geometry": {
        "type": "Point",
        "coordinates": [
          92.15,
          24.8833
        ]
      }
    },
    {
      "type": "Feature",
      "properties": {
        "source": "CWC",
        "source_record_id": "CWC_Godavari_at_Nashik_20260923_105747",
        "event_type": "flood",
        "timestamp": "2026-09-23T10:57:47.233995",
        "valid_from": "2026-09-23T10:57:47.233995",
        "valid_until": "2026-09-23T11:57:47.233995",
        "river_name": "Godavari",
        "water_level": 18.47,
        "is_flood": false,
        "severity": "moderate",
        "description": "Flood observation on Godavari: Water level 18.47m, Normal"
      },
      "geometry": {
        "type": "Point",
        "coordinates": [
          73.7898,
          20.0059
        ]
      }
    },
    {
      "type": "Feature",
      "properties": {
        "source": "CWC",
        "source_record_id": "CWC_Krishna_at_Vijayawada_20260923_105747",
        "event_type": "flood",
        "timestamp": "2026-09-23T10:57:47.233995",
        "valid_from": "2026-09-23T10:57:47.233995",
        "valid_until": "2026-09-23T11:57:47.233995",
        "river_name": "Krishna",
        "water_level": 24.27,
        "is_flood": true,
        "severity": "severe",
        "description": "Flood observation on Krishna: Water level 24.27m, Flood conditions"
      },
      "geometry": {
        "type": "Point",
        "coordinates": [
          80.648,
          16.5062
        ]
      }
    },
    {
      "type": "Feature",
      "properties": {
        "source": "CWC",
        "source_record_id": "CWC_Ganga_at_Patna_20260923_115747",
        "event_type": "flood",
        "timestamp": "2026-09-23T11:57:47.233995",
        "valid_from": "2026-09-23T11:57:47.233995",
        "valid_until": "2026-09-23T12:57:47.233995",
        "river_name": "Ganga",
        "water_level": 24.35,
        "is_flood": true,
        "severity": "severe",
        "description": "Flood observation on Ganga: Water level 24.35m, Flood conditions"
      },
      "geometry": {
        "type": "Point",
        "coordinates": [
          85.1376,
          25.5941
        ]
      }
    },
    {
      "type": "Feature",
      "properties": {
        "source": "CWC",
        "source_record_id": "CWC_Brahmaputra_at_Guwahati_20260923_115747",
        "event_type": "flood",
        "timestamp": "2026-09-23T11:57:47.233995",
        "valid_from": "2026-09-23T11:57:47.233995",
        "valid_until": "2026-09-23T12:57:47.233995",
        "river_name": "Brahmaputra",
        "water_level": 8.36,
        "is_flood": false,
        "severity": "low",
        "description": "Flood observation on Brahmaputra: Water level 8.36m, Normal"
      },
      "geometry": {
        "type": "Point",
        "coordinates": [
          91.7362,
          26.1445
        ]
      }
    },
    {
      "type": "Feature",
      "properties": {
        "source": "CWC",
        "source_record_id": "CWC_Barak_at_Badarpurghat_20260923_115747",
        "event_type": "flood",
        "timestamp": "2026-09-23T11:57:47.233995",
        "valid_from": "2026-09-23T11:57:47.233995",
        "valid_until": "2026-09-23T12:57:47.233995",
        "river_name": "Barak",
        "water_level": 6.59,
        "is_flood": false,
        "severity": "low",
        "description": "Flood observation on Barak: Water level 6.59m, Normal"
      },
      "geometry": {
        "type": "Point",
        "coordinates": [
          92.15,
          24.8833
        ]
      }
    },
    {
      "type": "Feature",
      "properties": {
        "source": "CWC",
        "source_record_id": "CWC_Godavari_at_Nashik_20260923_115747",
        "event_type": "flood",
        "timestamp": "2026-09-23T11:57:47.233995",
        "valid_from": "2026-09-23T11:57:47.233995",
        "valid_until": "2026-09-23T12:57:47.233995",
        "river_name": "Godavari",
        "water_level": 18.18,
        "is_flood": false,
        "severity": "moderate",
        "description": "Flood observation on Godavari: Water level 18.18m, Normal"
      },
      "geometry": {
        "type": "Point",
        "coordinates": [
          73.7898,
          20.0059
        ]
      }
    },
    {
      "type": "Feature",
      "properties": {
        "source": "CWC",
        "source_record_id": "CWC_Krishna_at_Vijayawada_20260923_115747",
        "event_type": "flood",
        "timestamp": "2026-09-23T11:57:47.233995",
        "valid_from": "2026-09-23T11:57:47.233995",
        "valid_until": "2026-09-23T12:57:47.233995",
        "river_name": "Krishna",
        "water_level": 21.69,
        "is_flood": true,
        "severity": "high",
        "description": "Flood observation on Krishna: Water level 21.69m, Flood conditions"
      },
      "geometry": {
        "type": "Point",
        "coordinates": [
          80.648,
          16.5062
        ]
      }
    },
    {
      "type": "Feature",
      "properties": {
        "source": "CWC",
        "source_record_id": "CWC_Ganga_at_Patna_20260923_125747",
        "event_type": "flood",
        "timestamp": "2026-09-23T12:57:47.233995",
        "valid_from": "2026-09-23T12:57:47.233995",
        "valid_until": "2026-09-23T13:57:47.233995",
        "river_name": "Ganga",
        "water_level": 10.42,
        "is_flood": false,
        "severity": "low",
        "description": "Flood observation on Ganga: Water level 10.42m, Normal"
      },
      "geometry": {
        "type": "Point",
        "coordinates": [
          85.1376,
          25.5941
        ]
      }
    },
    {
      "type": "Feature",
      "properties": {
        "source": "CWC",
        "source_record_id": "CWC_Brahmaputra_at_Guwahati_20260923_125747",
        "event_type": "flood",
        "timestamp": "2026-09-23T12:57:47.233995",
        "valid_from": "2026-09-23T12:57:47.233995",
        "valid_until": "2026-09-23T13:57:47.233995",
        "river_name": "Brahmaputra",
        "water_level": 22.74,
        "is_flood": true,
        "severity": "severe",
        "description": "Flood observation on Brahmaputra: Water level 22.74m, Flood conditions"
      },
      "geometry": {
        "type": "Point",
        "coordinates": [
          91.7362,
          26.1445
        ]
      }
    },
    {
      "type": "Feature",
      "properties": {
        "source": "CWC",
        "source_record_id": "CWC_Barak_at_Badarpurghat_20260923_125747",
        "event_type": "flood",
        "timestamp": "2026-09-23T12:57:47.233995",
        "valid_from": "2026-09-23T12:57:47.233995",
        "valid_until": "2026-09-23T13:57:47.233995",
        "river_name": "Barak",
        "water_level": 16.45,
        "is_flood": false,
        "severity": "low",
        "description": "Flood observation on Barak: Water level 16.45m, Normal"
      },
      "geometry": {
        "type": "Point",
        "coordinates": [
          92.15,
          24.8833
        ]
      }
    },
    {
      "type": "Feature",
      "properties": {
        "source": "CWC",
        "source_record_id": "CWC_Godavari_at_Nashik_20260923_125747",
        "event_type": "flood",
        "timestamp": "2026-09-23T12:57:47.233995",
        "valid_from": "2026-09-23T12:57:47.233995",
        "valid_until": "2026-09-23T13:57:47.233995",
        "river_name": "Godavari",
        "water_level": 6.53,
        "is_flood": false,
        "severity": "low",
        "description": "Flood observation on Godavari: Water level 6.53m, Normal"
      },
      "geometry": {
        "type": "Point",
        "coordinates": [
          73.7898,
          20.0059
        ]
      }
    },
    {
      "type": "Feature",
      "properties": {
        "source": "CWC",
        "source_record_id": "CWC_Krishna_at_Vijayawada_20260923_125747",
        "event_type": "flood",
        "timestamp": "2026-09-23T12:57:47.233995",
        "valid_from": "2026-09-23T12:57:47.233995",
        "valid_until": "2026-09-23T13:57:47.233995",
        "river_name": "Krishna",
        "water_level": 21.31,
        "is_flood": true,
        "severity": "high",
        "description": "Flood observation on Krishna: Water level 21.31m, Flood conditions"
      },
      "geometry": {
        "type": "Point",
        "coordinates": [
          80.648,
          16.5062
        ]
      }
    },
    {
      "type": "Feature",
      "properties": {
        "source": "CWC",
        "source_record_id": "CWC_Ganga_at_Patna_20260923_135747",
        "event_type": "flood",
        "timestamp": "2026-09-23T13:57:47.233995",
        "valid_from": "2026-09-23T13:57:47.233995",
        "valid_until": "2026-09-23T14:57:47.233995",
        "river_name": "Ganga",
        "water_level": 15.68,
        "is_flood": false,
        "severity": "low",
        "description": "Flood observation on Ganga: Water level 15.68m, Normal"
      },
      "geometry": {
        "type": "Point",
        "coordinates": [
          85.1376,
          25.5941
        ]
      }
    },
    {
      "type": "Feature",
      "properties": {
        "source": "CWC",
        "source_record_id": "CWC_Brahmaputra_at_Guwahati_20260923_135747",
        "event_type": "flood",
        "timestamp": "2026-09-23T13:57:47.233995",
        "valid_from": "2026-09-23T13:57:47.233995",
        "valid_until": "2026-09-23T14:57:47.233995",
        "river_name": "Brahmaputra",
        "water_level": 5.76,
        "is_flood": false,
        "severity": "low",
        "description": "Flood observation on Brahmaputra: Water level 5.76m, Normal"
      },
      "geometry": {
        "type": "Point",
        "coordinates": [
          91.7362,
          26.1445
        ]
      }
    },
    {
      "type": "Feature",
      "properties": {
        "source": "CWC",
        "source_record_id": "CWC_Barak_at_Badarpurghat_20260923_135747",
        "event_type": "flood",
        "timestamp": "2026-09-23T13:57:47.233995",
        "valid_from": "2026-09-23T13:57:47.233995",
        "valid_until": "2026-09-23T14:57:47.233995",
        "river_name": "Barak",
        "water_level": 13.23,
        "is_flood": false,
        "severity": "low",
        "description": "Flood observation on Barak: Water level 13.23m, Normal"
      },
      "geometry": {
        "type": "Point",
        "coordinates": [
          92.15,
          24.8833
        ]
      }
    },
    {
      "type": "Feature",
      "properties": {
        "source": "CWC",
        "source_record_id": "CWC_Godavari_at_Nashik_20260923_135747",
        "event_type": "flood",
        "timestamp": "2026-09-23T13:57:47.233995",
        "valid_from": "2026-09-23T13:57:47.233995",
        "valid_until": "2026-09-23T14:57:47.233995",
        "river_name": "Godavari",
        "water_level": 6.01,
        "is_flood": false,
        "severity": "low",
        "description": "Flood observation on Godavari: Water level 6.01m, Normal"
      },
      "geometry": {
        "type": "Point",
        "coordinates": [
          73.7898,
          20.0059
        ]
      }
    },
    {
      "type": "Feature",
      "properties": {
        "source": "CWC",
        "source_record_id": "CWC_Krishna_at_Vijayawada_20260923_135747",
        "event_type": "flood",
        "timestamp": "2026-09-23T13:57:47.233995",
        "valid_from": "2026-09-23T13:57:47.233995",
        "valid_until": "2026-09-23T14:57:47.233995",
        "river_name": "Krishna",
        "water_level": 19.76,
        "is_flood": false,
        "severity": "moderate",
        "description": "Flood observation on Krishna: Water level 19.76m, Normal"
      },
      "geometry": {
        "type": "Point",
        "coordinates": [
          80.648,
          16.5062
        ]
      }
    },
    {
      "type": "Feature",
      "properties": {
        "source": "CWC",
        "source_record_id": "CWC_Ganga_at_Patna_20260923_145747",
        "event_type": "flood",
        "timestamp": "2026-09-23T14:57:47.233995",
        "valid_from": "2026-09-23T14:57:47.233995",
        "valid_until": "2026-09-23T15:57:47.233995",
        "river_name": "Ganga",
        "water_level": 20.65,
        "is_flood": true,
        "severity": "high",
        "description": "Flood observation on Ganga: Water level 20.65m, Flood conditions"
      },
      "geometry": {
        "type": "Point",
        "coordinates": [
          85.1376,
          25.5941
        ]
      }
    },
    {
      "type": "Feature",
      "properties": {
        "source": "CWC",
        "source_record_id": "CWC_Brahmaputra_at_Guwahati_20260923_145747",
        "event_type": "flood",
        "timestamp": "2026-09-23T14:57:47.233995",
        "valid_from": "2026-09-23T14:57:47.233995",
        "valid_until": "2026-09-23T15:57:47.233995",
        "river_name": "Brahmaputra",
        "water_level": 19.28,
        "is_flood": false,
        "severity": "moderate",
        "description": "Flood observation on Brahmaputra: Water level 19.28m, Normal"
      },
      "geometry": {
        "type": "Point",
        "coordinates": [
          91.7362,
          26.1445
        ]
      }
    },
    {
      "type": "Feature",
      "properties": {
        "source": "CWC",
        "source_record_id": "CWC_Barak_at_Badarpurghat_20260923_145747",
        "event_type": "flood",
        "timestamp": "2026-09-23T14:57:47.233995",
        "valid_from": "2026-09-23T14:57:47.233995",
        "valid_until": "2026-09-23T15:57:47.233995",
        "river_name": "Barak",
        "water_level": 5.62,
        "is_flood": false,
        "severity": "low",
        "description": "Flood observation on Barak: Water level 5.62m, Normal"
      },
      "geometry": {
        "type": "Point",
        "coordinates": [
          92.15,
          24.8833
        ]
      }
    },
    {
      "type": "Feature",
      "properties": {
        "source": "CWC",
        "source_record_id": "CWC_Godavari_at_Nashik_20260923_145747",
        "event_type": "flood",
        "timestamp": "2026-09-23T14:57:47.233995",
        "valid_from": "2026-09-23T14:57:47.233995",
        "valid_until": "2026-09-23T15:57:47.233995",
        "river_name": "Godavari",
        "water_level": 15.56,
        "is_flood": false,
        "severity": "low",
        "description": "Flood observation on Godavari: Water level 15.56m, Normal"
      },
      "geometry": {
        "type": "Point",
        "coordinates": [
          73.7898,
          20.0059
        ]
      }
    },
    {
      "type": "Feature",
      "properties": {
        "source": "CWC",
        "source_record_id": "CWC_Krishna_at_Vijayawada_20260923_145747",
        "event_type": "flood",
        "timestamp": "2026-09-23T14:57:47.233995",
        "valid_from": "2026-09-23T14:57:47.233995",
        "valid_until": "2026-09-23T15:57:47.233995",
        "river_name": "Krishna",
        "water_level": 13.2,
        "is_flood": false,
        "severity": "low",
        "description": "Flood observation on Krishna: Water level 13.2m, Normal"
      },
      "geometry": {
        "type": "Point",
        "coordinates": [
          80.648,
          16.5062
        ]
      }
    },
    {
      "type": "Feature",
      "properties": {
        "source": "CWC",
        "source_record_id": "CWC_Ganga_at_Patna_20260923_155747",
        "event_type": "flood",
        "timestamp": "2026-09-23T15:57:47.233995",
        "valid_from": "2026-09-23T15:57:47.233995",
        "valid_until": "2026-09-23T16:57:47.233995",
        "river_name": "Ganga",
        "water_level": 19.74,
        "is_flood": false,
        "severity": "moderate",
        "description": "Flood observation on Ganga: Water level 19.74m, Normal"
      },
      "geometry": {
        "type": "Point",
        "coordinates": [
          85.1376,
          25.5941
        ]
      }
    },
    {
      "type": "Feature",
      "properties": {
        "source": "CWC",
        "source_record_id": "CWC_Brahmaputra_at_Guwahati_20260923_155747",
        "event_type": "flood",
        "timestamp": "2026-09-23T15:57:47.233995",
        "valid_from": "2026-09-23T15:57:47.233995",
        "valid_until": "2026-09-23T16:57:47.233995",
        "river_name": "Brahmaputra",
        "water_level": 6.65,
        "is_flood": false,
        "severity": "low",
        "description": "Flood observation on Brahmaputra: Water level 6.65m, Normal"
      },
      "geometry": {
        "type": "Point",
        "coordinates": [
          91.7362,
          26.1445
        ]
      }
    },
    {
      "type": "Feature",
      "properties": {
        "source": "CWC",
        "source_record_id": "CWC_Barak_at_Badarpurghat_20260923_155747",
        "event_type": "flood",
        "timestamp": "2026-09-23T15:57:47.233995",
        "valid_from": "2026-09-23T15:57:47.233995",
        "valid_until": "2026-09-23T16:57:47.233995",
        "river_name": "Barak",
        "water_level": 7.23,
        "is_flood": false,
        "severity": "low",
        "description": "Flood observation on Barak: Water level 7.23m, Normal"
      },
      "geometry": {
        "type": "Point",
        "coordinates": [
          92.15,
          24.8833
        ]
      }
    },
    {
      "type": "Feature",
      "properties": {
        "source": "CWC",
        "source_record_id": "CWC_Godavari_at_Nashik_20260923_155747",
        "event_type": "flood",
        "timestamp": "2026-09-23T15:57:47.233995",
        "valid_from": "2026-09-23T15:57:47.233995",
        "valid_until": "2026-09-23T16:57:47.233995",
        "river_name": "Godavari",
        "water_level": 8.28,
        "is_flood": false,
        "severity": "low",
        "description": "Flood observation on Godavari: Water level 8.28m, Normal"
      },
      "geometry": {
        "type": "Point",
        "coordinates": [
          73.7898,
          20.0059
        ]
      }
    },
    {
      "type": "Feature",
      "properties": {
        "source": "CWC",
        "source_record_id": "CWC_Krishna_at_Vijayawada_20260923_155747",
        "event_type": "flood",
        "timestamp": "2026-09-23T15:57:47.233995",
        "valid_from": "2026-09-23T15:57:47.233995",
        "valid_until": "2026-09-23T16:57:47.233995",
        "river_name": "Krishna",
        "water_level": 5.47,
        "is_flood": false,
        "severity": "low",
        "description": "Flood observation on Krishna: Water level 5.47m, Normal"
      },
      "geometry": {
        "type": "Point",
        "coordinates": [
          80.648,
          16.5062
        ]
      }
    },
    {
      "type": "Feature",
      "properties": {
        "source": "CWC",
        "source_record_id": "CWC_Ganga_at_Patna_20260923_165747",
        "event_type": "flood",
        "timestamp": "2026-09-23T16:57:47.233995",
        "valid_from": "2026-09-23T16:57:47.233995",
        "valid_until": "2026-09-23T17:57:47.233995",
        "river_name": "Ganga",
        "water_level": 18.97,
        "is_flood": false,
        "severity": "moderate",
        "description": "Flood observation on Ganga: Water level 18.97m, Normal"
      },
      "geometry": {
        "type": "Point",
        "coordinates": [
          85.1376,
          25.5941
        ]
      }
    },
    {
      "type": "Feature",
      "properties": {
        "source": "CWC",
        "source_record_id": "CWC_Brahmaputra_at_Guwahati_20260923_165747",
        "event_type": "flood",
        "timestamp": "2026-09-23T16:57:47.233995",
        "valid_from": "2026-09-23T16:57:47.233995",
        "valid_until": "2026-09-23T17:57:47.233995",
        "river_name": "Brahmaputra",
        "water_level": 13.35,
        "is_flood": false,
        "severity": "low",
        "description": "Flood observation on Brahmaputra: Water level 13.35m, Normal"
      },
      "geometry": {
        "type": "Point",
        "coordinates": [
          91.7362,
          26.1445
        ]
      }
    },
    {
      "type": "Feature",
      "properties": {
        "source": "CWC",
        "source_record_id": "CWC_Barak_at_Badarpurghat_20260923_165747",
        "event_type": "flood",
        "timestamp": "2026-09-23T16:57:47.233995",
        "valid_from": "2026-09-23T16:57:47.233995",
        "valid_until": "2026-09-23T17:57:47.233995",
        "river_name": "Barak",
        "water_level": 17.64,
        "is_flood": false,
        "severity": "low",
        "description": "Flood observation on Barak: Water level 17.64m, Normal"
      },
      "geometry": {
        "type": "Point",
        "coordinates": [
          92.15,
          24.8833
        ]
      }
    },
    {
      "type": "Feature",
      "properties": {
        "source": "CWC",
        "source_record_id": "CWC_Godavari_at_Nashik_20260923_165747",
        "event_type": "flood",
        "timestamp": "2026-09-23T16:57:47.233995",
        "valid_from": "2026-09-23T16:57:47.233995",
        "valid_until": "2026-09-23T17:57:47.233995",
        "river_name": "Godavari",
        "water_level": 21.77,
        "is_flood": true,
        "severity": "high",
        "description": "Flood observation on Godavari: Water level 21.77m, Flood conditions"
      },
      "geometry": {
        "type": "Point",
        "coordinates": [
          73.7898,
          20.0059
        ]
      }
    },
    {
      "type": "Feature",
      "properties": {
        "source": "CWC",
        "source_record_id": "CWC_Krishna_at_Vijayawada_20260923_165747",
        "event_type": "flood",
        "timestamp": "2026-09-23T16:57:47.233995",
        "valid_from": "2026-09-23T16:57:47.233995",
        "valid_until": "2026-09-23T17:57:47.233995",
        "river_name": "Krishna",
        "water_level": 20.25,
        "is_flood": true,
        "severity": "high",
        "description": "Flood observation on Krishna: Water level 20.25m, Flood conditions"
      },
      "geometry": {
        "type": "Point",
        "coordinates": [
          80.648,
          16.5062
        ]
      }
    },
    {
      "type": "Feature",
      "properties": {
        "source": "CWC",
        "source_record_id": "CWC_Ganga_at_Patna_20260923_175747",
        "event_type": "flood",
        "timestamp": "2026-09-23T17:57:47.233995",
        "valid_from": "2026-09-23T17:57:47.233995",
        "valid_until": "2026-09-23T18:57:47.233995",
        "river_name": "Ganga",
        "water_level": 15.39,
        "is_flood": false,
        "severity": "low",
        "description": "Flood observation on Ganga: Water level 15.39m, Normal"
      },
      "geometry": {
        "type": "Point",
        "coordinates": [
          85.1376,
          25.5941
        ]
      }
    },
    {
      "type": "Feature",
      "properties": {
        "source": "CWC",
        "source_record_id": "CWC_Brahmaputra_at_Guwahati_20260923_175747",
        "event_type": "flood",
        "timestamp": "2026-09-23T17:57:47.233995",
        "valid_from": "2026-09-23T17:57:47.233995",
        "valid_until": "2026-09-23T18:57:47.233995",
        "river_name": "Brahmaputra",
        "water_level": 10.33,
        "is_flood": false,
        "severity": "low",
        "description": "Flood observation on Brahmaputra: Water level 10.33m, Normal"
      },
      "geometry": {
        "type": "Point",
        "coordinates": [
          91.7362,
          26.1445
        ]
      }
    },
    {
      "type": "Feature",
      "properties": {
        "source": "CWC",
        "source_record_id": "CWC_Barak_at_Badarpurghat_20260923_175747",
        "event_type": "flood",
        "timestamp": "2026-09-23T17:57:47.233995",
        "valid_from": "2026-09-23T17:57:47.233995",
        "valid_until": "2026-09-23T18:57:47.233995",
        "river_name": "Barak",
        "water_level": 18.23,
        "is_flood": false,
        "severity": "moderate",
        "description": "Flood observation on Barak: Water level 18.23m, Normal"
      },
      "geometry": {
        "type": "Point",
        "coordinates": [
          92.15,
          24.8833
        ]
      }
    },
    {
      "type": "Feature",
      "properties": {
        "source": "CWC",
        "source_record_id": "CWC_Godavari_at_Nashik_20260923_175747",
        "event_type": "flood",
        "timestamp": "2026-09-23T17:57:47.233995",
        "valid_from": "2026-09-23T17:57:47.233995",
        "valid_until": "2026-09-23T18:57:47.233995",
        "river_name": "Godavari",
        "water_level": 23.91,
        "is_flood": true,
        "severity": "severe",
        "description": "Flood observation on Godavari: Water level 23.91m, Flood conditions"
      },
      "geometry": {
        "type": "Point",
        "coordinates": [
          73.7898,
          20.0059
        ]
      }
    },
    {
      "type": "Feature",
      "properties": {
        "source": "CWC",
        "source_record_id": "CWC_Krishna_at_Vijayawada_20260923_175747",
        "event_type": "flood",
        "timestamp": "2026-09-23T17:57:47.233995",
        "valid_from": "2026-09-23T17:57:47.233995",
        "valid_until": "2026-09-23T18:57:47.233995",
        "river_name": "Krishna",
        "water_level": 11.09,
        "is_flood": false,
        "severity": "low",
        "description": "Flood observation on Krishna: Water level 11.09m, Normal"
      },
      "geometry": {
        "type": "Point",
        "coordinates": [
          80.648,
          16.5062
        ]
      }
    },
    {
      "type": "Feature",
      "properties": {
        "source": "CWC",
        "source_record_id": "CWC_Ganga_at_Patna_20260923_185747",
        "event_type": "flood",
        "timestamp": "2026-09-23T18:57:47.233995",
        "valid_from": "2026-09-23T18:57:47.233995",
        "valid_until": "2026-09-23T19:57:47.233995",
        "river_name": "Ganga",
        "water_level": 20.02,
        "is_flood": true,
        "severity": "high",
        "description": "Flood observation on Ganga: Water level 20.02m, Flood conditions"
      },
      "geometry": {
        "type": "Point",
        "coordinates": [
          85.1376,
          25.5941
        ]
      }
    },
    {
      "type": "Feature",
      "properties": {
        "source": "CWC",
        "source_record_id": "CWC_Brahmaputra_at_Guwahati_20260923_185747",
        "event_type": "flood",
        "timestamp": "2026-09-23T18:57:47.233995",
        "valid_from": "2026-09-23T18:57:47.233995",
        "valid_until": "2026-09-23T19:57:47.233995",
        "river_name": "Brahmaputra",
        "water_level": 24.14,
        "is_flood": true,
        "severity": "severe",
        "description": "Flood observation on Brahmaputra: Water level 24.14m, Flood conditions"
      },
      "geometry": {
        "type": "Point",
        "coordinates": [
          91.7362,
          26.1445
        ]
      }
    },
    {
      "type": "Feature",
      "properties": {
        "source": "CWC",
        "source_record_id": "CWC_Barak_at_Badarpurghat_20260923_185747",
        "event_type": "flood",
        "timestamp": "2026-09-23T18:57:47.233995",
        "valid_from": "2026-09-23T18:57:47.233995",
        "valid_until": "2026-09-23T19:57:47.233995",
        "river_name": "Barak",
        "water_level": 24.6,
        "is_flood": true,
        "severity": "severe",
        "description": "Flood observation on Barak: Water level 24.6m, Flood conditions"
      },
      "geometry": {
        "type": "Point",
        "coordinates": [
          92.15,
          24.8833
        ]
      }
    },
    {
      "type": "Feature",
      "properties": {
        "source": "CWC",
        "source_record_id": "CWC_Godavari_at_Nashik_20260923_185747",
        "event_type": "flood",
        "timestamp": "2026-09-23T18:57:47.233995",
        "valid_from": "2026-09-23T18:57:47.233995",
        "valid_until": "2026-09-23T19:57:47.233995",
        "river_name": "Godavari",
        "water_level": 9.48,
        "is_flood": false,
        "severity": "low",
        "description": "Flood observation on Godavari: Water level 9.48m, Normal"
      },
      "geometry": {
        "type": "Point",
        "coordinates": [
          73.7898,
          20.0059
        ]
      }
    },
    {
      "type": "Feature",
      "properties": {
        "source": "CWC",
        "source_record_id": "CWC_Krishna_at_Vijayawada_20260923_185747",
        "event_type": "flood",
        "timestamp": "2026-09-23T18:57:47.233995",
        "valid_from": "2026-09-23T18:57:47.233995",
        "valid_until": "2026-09-23T19:57:47.233995",
        "river_name": "Krishna",
        "water_level": 5.39,
        "is_flood": false,
        "severity": "low",
        "description": "Flood observation on Krishna: Water level 5.39m, Normal"
      },
      "geometry": {
        "type": "Point",
        "coordinates": [
          80.648,
          16.5062
        ]
      }
    },
    {
      "type": "Feature",
      "properties": {
        "source": "CWC",
        "source_record_id": "CWC_Ganga_at_Patna_20260923_195747",
        "event_type": "flood",
        "timestamp": "2026-09-23T19:57:47.233995",
        "valid_from": "2026-09-23T19:57:47.233995",
        "valid_until": "2026-09-23T20:57:47.233995",
        "river_name": "Ganga",
        "water_level": 19.1,
        "is_flood": false,
        "severity": "moderate",
        "description": "Flood observation on Ganga: Water level 19.1m, Normal"
      },
      "geometry": {
        "type": "Point",
        "coordinates": [
          85.1376,
          25.5941
        ]
      }
    },
    {
      "type": "Feature",
      "properties": {
        "source": "CWC",
        "source_record_id": "CWC_Brahmaputra_at_Guwahati_20260923_195747",
        "event_type": "flood",
        "timestamp": "2026-09-23T19:57:47.233995",
        "valid_from": "2026-09-23T19:57:47.233995",
        "valid_until": "2026-09-23T20:57:47.233995",
        "river_name": "Brahmaputra",
        "water_level": 9.74,
        "is_flood": false,
        "severity": "low",
        "description": "Flood observation on Brahmaputra: Water level 9.74m, Normal"
      },
      "geometry": {
        "type": "Point",
        "coordinates": [
          91.7362,
          26.1445
        ]
      }
    },
    {
      "type": "Feature",
      "properties": {
        "source": "CWC",
        "source_record_id": "CWC_Barak_at_Badarpurghat_20260923_195747",
        "event_type": "flood",
        "timestamp": "2026-09-23T19:57:47.233995",
        "valid_from": "2026-09-23T19:57:47.233995",
        "valid_until": "2026-09-23T20:57:47.233995",
        "river_name": "Barak",
        "water_level": 12.85,
        "is_flood": false,
        "severity": "low",
        "description": "Flood observation on Barak: Water level 12.85m, Normal"
      },
      "geometry": {
        "type": "Point",
        "coordinates": [
          92.15,
          24.8833
        ]
      }
    },
    {
      "type": "Feature",
      "properties": {
        "source": "CWC",
        "source_record_id": "CWC_Godavari_at_Nashik_20260923_195747",
        "event_type": "flood",
        "timestamp": "2026-09-23T19:57:47.233995",
        "valid_from": "2026-09-23T19:57:47.233995",
        "valid_until": "2026-09-23T20:57:47.233995",
        "river_name": "Godavari",
        "water_level": 15.57,
        "is_flood": false,
        "severity": "low",
        "description": "Flood observation on Godavari: Water level 15.57m, Normal"
      },
      "geometry": {
        "type": "Point",
        "coordinates": [
          73.7898,
          20.0059
        ]
      }
    },
    {
      "type": "Feature",
      "properties": {
        "source": "CWC",
        "source_record_id": "CWC_Krishna_at_Vijayawada_20260923_195747",
        "event_type": "flood",
        "timestamp": "2026-09-23T19:57:47.233995",
        "valid_from": "2026-09-23T19:57:47.233995",
        "valid_until": "2026-09-23T20:57:47.233995",
        "river_name": "Krishna",
        "water_level": 22.03,
        "is_flood": true,
        "severity": "severe",
        "description": "Flood observation on Krishna: Water level 22.03m, Flood conditions"
      },
      "geometry": {
        "type": "Point",
        "coordinates": [
          80.648,
          16.5062
        ]
      }
    },
    {
      "type": "Feature",
      "properties": {
        "source": "CWC",
        "source_record_id": "CWC_Ganga_at_Patna_20260923_205747",
        "event_type": "flood",
        "timestamp": "2026-09-23T20:57:47.233995",
        "valid_from": "2026-09-23T20:57:47.233995",
        "valid_until": "2026-09-23T21:57:47.233995",
        "river_name": "Ganga",
        "water_level": 12.31,
        "is_flood": false,
        "severity": "low",
        "description": "Flood observation on Ganga: Water level 12.31m, Normal"
      },
      "geometry": {
        "type": "Point",
        "coordinates": [
          85.1376,
          25.5941
        ]
      }
    },
    {
      "type": "Feature",
      "properties": {
        "source": "CWC",
        "source_record_id": "CWC_Brahmaputra_at_Guwahati_20260923_205747",
        "event_type": "flood",
        "timestamp": "2026-09-23T20:57:47.233995",
        "valid_from": "2026-09-23T20:57:47.233995",
        "valid_until": "2026-09-23T21:57:47.233995",
        "river_name": "Brahmaputra",
        "water_level": 7.07,
        "is_flood": false,
        "severity": "low",
        "description": "Flood observation on Brahmaputra: Water level 7.07m, Normal"
      },
      "geometry": {
        "type": "Point",
        "coordinates": [
          91.7362,
          26.1445
        ]
      }
    },
    {
      "type": "Feature",
      "properties": {
        "source": "CWC",
        "source_record_id": "CWC_Barak_at_Badarpurghat_20260923_205747",
        "event_type": "flood",
        "timestamp": "2026-09-23T20:57:47.233995",
        "valid_from": "2026-09-23T20:57:47.233995",
        "valid_until": "2026-09-23T21:57:47.233995",
        "river_name": "Barak",
        "water_level": 13.2,
        "is_flood": false,
        "severity": "low",
        "description": "Flood observation on Barak: Water level 13.2m, Normal"
      },
      "geometry": {
        "type": "Point",
        "coordinates": [
          92.15,
          24.8833
        ]
      }
    },
    {
      "type": "Feature",
      "properties": {
        "source": "CWC",
        "source_record_id": "CWC_Godavari_at_Nashik_20260923_205747",
        "event_type": "flood",
        "timestamp": "2026-09-23T20:57:47.233995",
        "valid_from": "2026-09-23T20:57:47.233995",
        "valid_until": "2026-09-23T21:57:47.233995",
        "river_name": "Godavari",
        "water_level": 17.07,
        "is_flood": false,
        "severity": "low",
        "description": "Flood observation on Godavari: Water level 17.07m, Normal"
      },
      "geometry": {
        "type": "Point",
        "coordinates": [
          73.7898,
          20.0059
        ]
      }
    },
    {
      "type": "Feature",
      "properties": {
        "source": "CWC",
        "source_record_id": "CWC_Krishna_at_Vijayawada_20260923_205747",
        "event_type": "flood",
        "timestamp": "2026-09-23T20:57:47.233995",
        "valid_from": "2026-09-23T20:57:47.233995",
        "valid_until": "2026-09-23T21:57:47.233995",
        "river_name": "Krishna",
        "water_level": 19.54,
        "is_flood": false,
        "severity": "moderate",
        "description": "Flood observation on Krishna: Water level 19.54m, Normal"
      },
      "geometry": {
        "type": "Point",
        "coordinates": [
          80.648,
          16.5062
        ]
      }
    },
    {
      "type": "Feature",
      "properties": {
        "source": "CWC",
        "source_record_id": "CWC_Ganga_at_Patna_20260923_215747",
        "event_type": "flood",
        "timestamp": "2026-09-23T21:57:47.233995",
        "valid_from": "2026-09-23T21:57:47.233995",
        "valid_until": "2026-09-23T22:57:47.233995",
        "river_name": "Ganga",
        "water_level": 23.28,
        "is_flood": true,
        "severity": "severe",
        "description": "Flood observation on Ganga: Water level 23.28m, Flood conditions"
      },
      "geometry": {
        "type": "Point",
        "coordinates": [
          85.1376,
          25.5941
        ]
      }
    },
    {
      "type": "Feature",
      "properties": {
        "source": "CWC",
        "source_record_id": "CWC_Brahmaputra_at_Guwahati_20260923_215747",
        "event_type": "flood",
        "timestamp": "2026-09-23T21:57:47.233995",
        "valid_from": "2026-09-23T21:57:47.233995",
        "valid_until": "2026-09-23T22:57:47.233995",
        "river_name": "Brahmaputra",
        "water_level": 19.89,
        "is_flood": false,
        "severity": "moderate",
        "description": "Flood observation on Brahmaputra: Water level 19.89m, Normal"
      },
      "geometry": {
        "type": "Point",
        "coordinates": [
          91.7362,
          26.1445
        ]
      }
    },
    {
      "type": "Feature",
      "properties": {
        "source": "CWC",
        "source_record_id": "CWC_Barak_at_Badarpurghat_20260923_215747",
        "event_type": "flood",
        "timestamp": "2026-09-23T21:57:47.233995",
        "valid_from": "2026-09-23T21:57:47.233995",
        "valid_until": "2026-09-23T22:57:47.233995",
        "river_name": "Barak",
        "water_level": 19.24,
        "is_flood": false,
        "severity": "moderate",
        "description": "Flood observation on Barak: Water level 19.24m, Normal"
      },
      "geometry": {
        "type": "Point",
        "coordinates": [
          92.15,
          24.8833
        ]
      }
    },
    {
      "type": "Feature",
      "properties": {
        "source": "CWC",
        "source_record_id": "CWC_Godavari_at_Nashik_20260923_215747",
        "event_type": "flood",
        "timestamp": "2026-09-23T21:57:47.233995",
        "valid_from": "2026-09-23T21:57:47.233995",
        "valid_until": "2026-09-23T22:57:47.233995",
        "river_name": "Godavari",
        "water_level": 5.81,
        "is_flood": false,
        "severity": "low",
        "description": "Flood observation on Godavari: Water level 5.81m, Normal"
      },
      "geometry": {
        "type": "Point",
        "coordinates": [
          73.7898,
          20.0059
        ]
      }
    },
    {
      "type": "Feature",
      "properties": {
        "source": "CWC",
        "source_record_id": "CWC_Krishna_at_Vijayawada_20260923_215747",
        "event_type": "flood",
        "timestamp": "2026-09-23T21:57:47.233995",
        "valid_from": "2026-09-23T21:57:47.233995",
        "valid_until": "2026-09-23T22:57:47.233995",
        "river_name": "Krishna",
        "water_level": 6.33,
        "is_flood": false,
        "severity": "low",
        "description": "Flood observation on Krishna: Water level 6.33m, Normal"
      },
      "geometry": {
        "type": "Point",
        "coordinates": [
          80.648,
          16.5062
        ]
      }
    },
    {
      "type": "Feature",
      "properties": {
        "source": "CWC",
        "source_record_id": "CWC_Ganga_at_Patna_20260923_225747",
        "event_type": "flood",
        "timestamp": "2026-09-23T22:57:47.233995",
        "valid_from": "2026-09-23T22:57:47.233995",
        "valid_until": "2026-09-23T23:57:47.233995",
        "river_name": "Ganga",
        "water_level": 22.52,
        "is_flood": true,
        "severity": "severe",
        "description": "Flood observation on Ganga: Water level 22.52m, Flood conditions"
      },
      "geometry": {
        "type": "Point",
        "coordinates": [
          85.1376,
          25.5941
        ]
      }
    },
    {
      "type": "Feature",
      "properties": {
        "source": "CWC",
        "source_record_id": "CWC_Brahmaputra_at_Guwahati_20260923_225747",
        "event_type": "flood",
        "timestamp": "2026-09-23T22:57:47.233995",
        "valid_from": "2026-09-23T22:57:47.233995",
        "valid_until": "2026-09-23T23:57:47.233995",
        "river_name": "Brahmaputra",
        "water_level": 21.03,
        "is_flood": true,
        "severity": "high",
        "description": "Flood observation on Brahmaputra: Water level 21.03m, Flood conditions"
      },
      "geometry": {
        "type": "Point",
        "coordinates": [
          91.7362,
          26.1445
        ]
      }
    },
    {
      "type": "Feature",
      "properties": {
        "source": "CWC",
        "source_record_id": "CWC_Barak_at_Badarpurghat_20260923_225747",
        "event_type": "flood",
        "timestamp": "2026-09-23T22:57:47.233995",
        "valid_from": "2026-09-23T22:57:47.233995",
        "valid_until": "2026-09-23T23:57:47.233995",
        "river_name": "Barak",
        "water_level": 5.69,
        "is_flood": false,
        "severity": "low",
        "description": "Flood observation on Barak: Water level 5.69m, Normal"
      },
      "geometry": {
        "type": "Point",
        "coordinates": [
          92.15,
          24.8833
        ]
      }
    },
    {
      "type": "Feature",
      "properties": {
        "source": "CWC",
        "source_record_id": "CWC_Godavari_at_Nashik_20260923_225747",
        "event_type": "flood",
        "timestamp": "2026-09-23T22:57:47.233995",
        "valid_from": "2026-09-23T22:57:47.233995",
        "valid_until": "2026-09-23T23:57:47.233995",
        "river_name": "Godavari",
        "water_level": 12.3,
        "is_flood": false,
        "severity": "low",
        "description": "Flood observation on Godavari: Water level 12.3m, Normal"
      },
      "geometry": {
        "type": "Point",
        "coordinates": [
          73.7898,
          20.0059
        ]
      }
    },
    {
      "type": "Feature",
      "properties": {
        "source": "CWC",
        "source_record_id": "CWC_Krishna_at_Vijayawada_20260923_225747",
        "event_type": "flood",
        "timestamp": "2026-09-23T22:57:47.233995",
        "valid_from": "2026-09-23T22:57:47.233995",
        "valid_until": "2026-09-23T23:57:47.233995",
        "river_name": "Krishna",
        "water_level": 22.05,
        "is_flood": true,
        "severity": "severe",
        "description": "Flood observation on Krishna: Water level 22.05m, Flood conditions"
      },
      "geometry": {
        "type": "Point",
        "coordinates": [
          80.648,
          16.5062
        ]
      }
    },
    {
      "type": "Feature",
      "properties": {
        "source": "CWC",
        "source_record_id": "CWC_Ganga_at_Patna_20260923_235747",
        "event_type": "flood",
        "timestamp": "2026-09-23T23:57:47.233995",
        "valid_from": "2026-09-23T23:57:47.233995",
        "valid_until": "2026-09-24T00:57:47.233995",
        "river_name": "Ganga",
        "water_level": 24.88,
        "is_flood": true,
        "severity": "severe",
        "description": "Flood observation on Ganga: Water level 24.88m, Flood conditions"
      },
      "geometry": {
        "type": "Point",
        "coordinates": [
          85.1376,
          25.5941
        ]
      }
    },
    {
      "type": "Feature",
      "properties": {
        "source": "CWC",
        "source_record_id": "CWC_Brahmaputra_at_Guwahati_20260923_235747",
        "event_type": "flood",
        "timestamp": "2026-09-23T23:57:47.233995",
        "valid_from": "2026-09-23T23:57:47.233995",
        "valid_until": "2026-09-24T00:57:47.233995",
        "river_name": "Brahmaputra",
        "water_level": 5.91,
        "is_flood": false,
        "severity": "low",
        "description": "Flood observation on Brahmaputra: Water level 5.91m, Normal"
      },
      "geometry": {
        "type": "Point",
        "coordinates": [
          91.7362,
          26.1445
        ]
      }
    },
    {
      "type": "Feature",
      "properties": {
        "source": "CWC",
        "source_record_id": "CWC_Barak_at_Badarpurghat_20260923_235747",
        "event_type": "flood",
        "timestamp": "2026-09-23T23:57:47.233995",
        "valid_from": "2026-09-23T23:57:47.233995",
        "valid_until": "2026-09-24T00:57:47.233995",
        "river_name": "Barak",
        "water_level": 23.75,
        "is_flood": true,
        "severity": "severe",
        "description": "Flood observation on Barak: Water level 23.75m, Flood conditions"
      },
      "geometry": {
        "type": "Point",
        "coordinates": [
          92.15,
          24.8833
        ]
      }
    },
    {
      "type": "Feature",
      "properties": {
        "source": "CWC",
        "source_record_id": "CWC_Godavari_at_Nashik_20260923_235747",
        "event_type": "flood",
        "timestamp": "2026-09-23T23:57:47.233995",
        "valid_from": "2026-09-23T23:57:47.233995",
        "valid_until": "2026-09-24T00:57:47.233995",
        "river_name": "Godavari",
        "water_level": 16.16,
        "is_flood": false,
        "severity": "low",
        "description": "Flood observation on Godavari: Water level 16.16m, Normal"
      },
      "geometry": {
        "type": "Point",
        "coordinates": [
          73.7898,
          20.0059
        ]
      }
    },
    {
      "type": "Feature",
      "properties": {
        "source": "CWC",
        "source_record_id": "CWC_Krishna_at_Vijayawada_20260923_235747",
        "event_type": "flood",
        "timestamp": "2026-09-23T23:57:47.233995",
        "valid_from": "2026-09-23T23:57:47.233995",
        "valid_until": "2026-09-24T00:57:47.233995",
        "river_name": "Krishna",
        "water_level": 9.82,
        "is_flood": false,
        "severity": "low",
        "description": "Flood observation on Krishna: Water level 9.82m, Normal"
      },
      "geometry": {
        "type": "Point",
        "coordinates": [
          80.648,
          16.5062
        ]
      }
    },
    {
      "type": "Feature",
      "properties": {
        "source": "CWC",
        "source_record_id": "CWC_Ganga_at_Patna_20260924_005747",
        "event_type": "flood",
        "timestamp": "2026-09-24T00:57:47.233995",
        "valid_from": "2026-09-24T00:57:47.233995",
        "valid_until": "2026-09-24T01:57:47.233995",
        "river_name": "Ganga",
        "water_level": 7.25,
        "is_flood": false,
        "severity": "low",
        "description": "Flood observation on Ganga: Water level 7.25m, Normal"
      },
      "geometry": {
        "type": "Point",
        "coordinates": [
          85.1376,
          25.5941
        ]
      }
    },
    {
      "type": "Feature",
      "properties": {
        "source": "CWC",
        "source_record_id": "CWC_Brahmaputra_at_Guwahati_20260924_005747",
        "event_type": "flood",
        "timestamp": "2026-09-24T00:57:47.233995",
        "valid_from": "2026-09-24T00:57:47.233995",
        "valid_until": "2026-09-24T01:57:47.233995",
        "river_name": "Brahmaputra",
        "water_level": 14.74,
        "is_flood": false,
        "severity": "low",
        "description": "Flood observation on Brahmaputra: Water level 14.74m, Normal"
      },
      "geometry": {
        "type": "Point",
        "coordinates": [
          91.7362,
          26.1445
        ]
      }
    },
    {
      "type": "Feature",
      "properties": {
        "source": "CWC",
        "source_record_id": "CWC_Barak_at_Badarpurghat_20260924_005747",
        "event_type": "flood",
        "timestamp": "2026-09-24T00:57:47.233995",
        "valid_from": "2026-09-24T00:57:47.233995",
        "valid_until": "2026-09-24T01:57:47.233995",
        "river_name": "Barak",
        "water_level": 22.51,
        "is_flood": true,
        "severity": "severe",
        "description": "Flood observation on Barak: Water level 22.51m, Flood conditions"
      },
      "geometry": {
        "type": "Point",
        "coordinates": [
          92.15,
          24.8833
        ]
      }
    },
    {
      "type": "Feature",
      "properties": {
        "source": "CWC",
        "source_record_id": "CWC_Godavari_at_Nashik_20260924_005747",
        "event_type": "flood",
        "timestamp": "2026-09-24T00:57:47.233995",
        "valid_from": "2026-09-24T00:57:47.233995",
        "valid_until": "2026-09-24T01:57:47.233995",
        "river_name": "Godavari",
        "water_level": 17.82,
        "is_flood": false,
        "severity": "low",
        "description": "Flood observation on Godavari: Water level 17.82m, Normal"
      },
      "geometry": {
        "type": "Point",
        "coordinates": [
          73.7898,
          20.0059
        ]
      }
    },
    {
      "type": "Feature",
      "properties": {
        "source": "CWC",
        "source_record_id": "CWC_Krishna_at_Vijayawada_20260924_005747",
        "event_type": "flood",
        "timestamp": "2026-09-24T00:57:47.233995",
        "valid_from": "2026-09-24T00:57:47.233995",
        "valid_until": "2026-09-24T01:57:47.233995",
        "river_name": "Krishna",
        "water_level": 12.89,
        "is_flood": false,
        "severity": "low",
        "description": "Flood observation on Krishna: Water level 12.89m, Normal"
      },
      "geometry": {
        "type": "Point",
        "coordinates": [
          80.648,
          16.5062
        ]
      }
    },
    {
      "type": "Feature",
      "properties": {
        "source": "CWC",
        "source_record_id": "CWC_Ganga_at_Patna_20260924_015747",
        "event_type": "flood",
        "timestamp": "2026-09-24T01:57:47.233995",
        "valid_from": "2026-09-24T01:57:47.233995",
        "valid_until": "2026-09-24T02:57:47.233995",
        "river_name": "Ganga",
        "water_level": 10.54,
        "is_flood": false,
        "severity": "low",
        "description": "Flood observation on Ganga: Water level 10.54m, Normal"
      },
      "geometry": {
        "type": "Point",
        "coordinates": [
          85.1376,
          25.5941
        ]
      }
    },
    {
      "type": "Feature",
      "properties": {
        "source": "CWC",
        "source_record_id": "CWC_Brahmaputra_at_Guwahati_20260924_015747",
        "event_type": "flood",
        "timestamp": "2026-09-24T01:57:47.233995",
        "valid_from": "2026-09-24T01:57:47.233995",
        "valid_until": "2026-09-24T02:57:47.233995",
        "river_name": "Brahmaputra",
        "water_level": 22.9,
        "is_flood": true,
        "severity": "severe",
        "description": "Flood observation on Brahmaputra: Water level 22.9m, Flood conditions"
      },
      "geometry": {
        "type": "Point",
        "coordinates": [
          91.7362,
          26.1445
        ]
      }
    },
    {
      "type": "Feature",
      "properties": {
        "source": "CWC",
        "source_record_id": "CWC_Barak_at_Badarpurghat_20260924_015747",
        "event_type": "flood",
        "timestamp": "2026-09-24T01:57:47.233995",
        "valid_from": "2026-09-24T01:57:47.233995",
        "valid_until": "2026-09-24T02:57:47.233995",
        "river_name": "Barak",
        "water_level": 17.16,
        "is_flood": false,
        "severity": "low",
        "description": "Flood observation on Barak: Water level 17.16m, Normal"
      },
      "geometry": {
        "type": "Point",
        "coordinates": [
          92.15,
          24.8833
        ]
      }
    },
    {
      "type": "Feature",
      "properties": {
        "source": "CWC",
        "source_record_id": "CWC_Godavari_at_Nashik_20260924_015747",
        "event_type": "flood",
        "timestamp": "2026-09-24T01:57:47.233995",
        "valid_from": "2026-09-24T01:57:47.233995",
        "valid_until": "2026-09-24T02:57:47.233995",
        "river_name": "Godavari",
        "water_level": 21.44,
        "is_flood": true,
        "severity": "high",
        "description": "Flood observation on Godavari: Water level 21.44m, Flood conditions"
      },
      "geometry": {
        "type": "Point",
        "coordinates": [
          73.7898,
          20.0059
        ]
      }
    },
    {
      "type": "Feature",
      "properties": {
        "source": "CWC",
        "source_record_id": "CWC_Krishna_at_Vijayawada_20260924_015747",
        "event_type": "flood",
        "timestamp": "2026-09-24T01:57:47.233995",
        "valid_from": "2026-09-24T01:57:47.233995",
        "valid_until": "2026-09-24T02:57:47.233995",
        "river_name": "Krishna",
        "water_level": 22.03,
        "is_flood": true,
        "severity": "severe",
        "description": "Flood observation on Krishna: Water level 22.03m, Flood conditions"
      },
      "geometry": {
        "type": "Point",
        "coordinates": [
          80.648,
          16.5062
        ]
      }
    },
    {
      "type": "Feature",
      "properties": {
        "source": "CWC",
        "source_record_id": "CWC_Ganga_at_Patna_20260924_025747",
        "event_type": "flood",
        "timestamp": "2026-09-24T02:57:47.233995",
        "valid_from": "2026-09-24T02:57:47.233995",
        "valid_until": "2026-09-24T03:57:47.233995",
        "river_name": "Ganga",
        "water_level": 12.74,
        "is_flood": false,
        "severity": "low",
        "description": "Flood observation on Ganga: Water level 12.74m, Normal"
      },
      "geometry": {
        "type": "Point",
        "coordinates": [
          85.1376,
          25.5941
        ]
      }
    },
    {
      "type": "Feature",
      "properties": {
        "source": "CWC",
        "source_record_id": "CWC_Brahmaputra_at_Guwahati_20260924_025747",
        "event_type": "flood",
        "timestamp": "2026-09-24T02:57:47.233995",
        "valid_from": "2026-09-24T02:57:47.233995",
        "valid_until": "2026-09-24T03:57:47.233995",
        "river_name": "Brahmaputra",
        "water_level": 14.58,
        "is_flood": false,
        "severity": "low",
        "description": "Flood observation on Brahmaputra: Water level 14.58m, Normal"
      },
      "geometry": {
        "type": "Point",
        "coordinates": [
          91.7362,
          26.1445
        ]
      }
    },
    {
      "type": "Feature",
      "properties": {
        "source": "CWC",
        "source_record_id": "CWC_Barak_at_Badarpurghat_20260924_025747",
        "event_type": "flood",
        "timestamp": "2026-09-24T02:57:47.233995",
        "valid_from": "2026-09-24T02:57:47.233995",
        "valid_until": "2026-09-24T03:57:47.233995",
        "river_name": "Barak",
        "water_level": 5.35,
        "is_flood": false,
        "severity": "low",
        "description": "Flood observation on Barak: Water level 5.35m, Normal"
      },
      "geometry": {
        "type": "Point",
        "coordinates": [
          92.15,
          24.8833
        ]
      }
    },
    {
      "type": "Feature",
      "properties": {
        "source": "CWC",
        "source_record_id": "CWC_Godavari_at_Nashik_20260924_025747",
        "event_type": "flood",
        "timestamp": "2026-09-24T02:57:47.233995",
        "valid_from": "2026-09-24T02:57:47.233995",
        "valid_until": "2026-09-24T03:57:47.233995",
        "river_name": "Godavari",
        "water_level": 7.41,
        "is_flood": false,
        "severity": "low",
        "description": "Flood observation on Godavari: Water level 7.41m, Normal"
      },
      "geometry": {
        "type": "Point",
        "coordinates": [
          73.7898,
          20.0059
        ]
      }
    },
    {
      "type": "Feature",
      "properties": {
        "source": "CWC",
        "source_record_id": "CWC_Krishna_at_Vijayawada_20260924_025747",
        "event_type": "flood",
        "timestamp": "2026-09-24T02:57:47.233995",
        "valid_from": "2026-09-24T02:57:47.233995",
        "valid_until": "2026-09-24T03:57:47.233995",
        "river_name": "Krishna",
        "water_level": 8.62,
        "is_flood": false,
        "severity": "low",
        "description": "Flood observation on Krishna: Water level 8.62m, Normal"
      },
      "geometry": {
        "type": "Point",
        "coordinates": [
          80.648,
          16.5062
        ]
      }
    },
    {
      "type": "Feature",
      "properties": {
        "source": "CWC",
        "source_record_id": "CWC_Ganga_at_Patna_20260924_035747",
        "event_type": "flood",
        "timestamp": "2026-09-24T03:57:47.233995",
        "valid_from": "2026-09-24T03:57:47.233995",
        "valid_until": "2026-09-24T04:57:47.233995",
        "river_name": "Ganga",
        "water_level": 22.76,
        "is_flood": true,
        "severity": "severe",
        "description": "Flood observation on Ganga: Water level 22.76m, Flood conditions"
      },
      "geometry": {
        "type": "Point",
        "coordinates": [
          85.1376,
          25.5941
        ]
      }
    },
    {
      "type": "Feature",
      "properties": {
        "source": "CWC",
        "source_record_id": "CWC_Brahmaputra_at_Guwahati_20260924_035747",
        "event_type": "flood",
        "timestamp": "2026-09-24T03:57:47.233995",
        "valid_from": "2026-09-24T03:57:47.233995",
        "valid_until": "2026-09-24T04:57:47.233995",
        "river_name": "Brahmaputra",
        "water_level": 9.98,
        "is_flood": false,
        "severity": "low",
        "description": "Flood observation on Brahmaputra: Water level 9.98m, Normal"
      },
      "geometry": {
        "type": "Point",
        "coordinates": [
          91.7362,
          26.1445
        ]
      }
    },
    {
      "type": "Feature",
      "properties": {
        "source": "CWC",
        "source_record_id": "CWC_Barak_at_Badarpurghat_20260924_035747",
        "event_type": "flood",
        "timestamp": "2026-09-24T03:57:47.233995",
        "valid_from": "2026-09-24T03:57:47.233995",
        "valid_until": "2026-09-24T04:57:47.233995",
        "river_name": "Barak",
        "water_level": 23.05,
        "is_flood": true,
        "severity": "severe",
        "description": "Flood observation on Barak: Water level 23.05m, Flood conditions"
      },
      "geometry": {
        "type": "Point",
        "coordinates": [
          92.15,
          24.8833
        ]
      }
    },
    {
      "type": "Feature",
      "properties": {
        "source": "CWC",
        "source_record_id": "CWC_Godavari_at_Nashik_20260924_035747",
        "event_type": "flood",
        "timestamp": "2026-09-24T03:57:47.233995",
        "valid_from": "2026-09-24T03:57:47.233995",
        "valid_until": "2026-09-24T04:57:47.233995",
        "river_name": "Godavari",
        "water_level": 20.16,
        "is_flood": true,
        "severity": "high",
        "description": "Flood observation on Godavari: Water level 20.16m, Flood conditions"
      },
      "geometry": {
        "type": "Point",
        "coordinates": [
          73.7898,
          20.0059
        ]
      }
    },
    {
      "type": "Feature",
      "properties": {
        "source": "CWC",
        "source_record_id": "CWC_Krishna_at_Vijayawada_20260924_035747",
        "event_type": "flood",
        "timestamp": "2026-09-24T03:57:47.233995",
        "valid_from": "2026-09-24T03:57:47.233995",
        "valid_until": "2026-09-24T04:57:47.233995",
        "river_name": "Krishna",
        "water_level": 12.82,
        "is_flood": false,
        "severity": "low",
        "description": "Flood observation on Krishna: Water level 12.82m, Normal"
      },
      "geometry": {
        "type": "Point",
        "coordinates": [
          80.648,
          16.5062
        ]
      }
    },
    {
      "type": "Feature",
      "properties": {
        "source": "CWC",
        "source_record_id": "CWC_Ganga_at_Patna_20260924_045747",
        "event_type": "flood",
        "timestamp": "2026-09-24T04:57:47.233995",
        "valid_from": "2026-09-24T04:57:47.233995",
        "valid_until": "2026-09-24T05:57:47.233995",
        "river_name": "Ganga",
        "water_level": 24.61,
        "is_flood": true,
        "severity": "severe",
        "description": "Flood observation on Ganga: Water level 24.61m, Flood conditions"
      },
      "geometry": {
        "type": "Point",
        "coordinates": [
          85.1376,
          25.5941
        ]
      }
    },
    {
      "type": "Feature",
      "properties": {
        "source": "CWC",
        "source_record_id": "CWC_Brahmaputra_at_Guwahati_20260924_045747",
        "event_type": "flood",
        "timestamp": "2026-09-24T04:57:47.233995",
        "valid_from": "2026-09-24T04:57:47.233995",
        "valid_until": "2026-09-24T05:57:47.233995",
        "river_name": "Brahmaputra",
        "water_level": 11.9,
        "is_flood": false,
        "severity": "low",
        "description": "Flood observation on Brahmaputra: Water level 11.9m, Normal"
      },
      "geometry": {
        "type": "Point",
        "coordinates": [
          91.7362,
          26.1445
        ]
      }
    },
    {
      "type": "Feature",
      "properties": {
        "source": "CWC",
        "source_record_id": "CWC_Barak_at_Badarpurghat_20260924_045747",
        "event_type": "flood",
        "timestamp": "2026-09-24T04:57:47.233995",
        "valid_from": "2026-09-24T04:57:47.233995",
        "valid_until": "2026-09-24T05:57:47.233995",
        "river_name": "Barak",
        "water_level": 11.21,
        "is_flood": false,
        "severity": "low",
        "description": "Flood observation on Barak: Water level 11.21m, Normal"
      },
      "geometry": {
        "type": "Point",
        "coordinates": [
          92.15,
          24.8833
        ]
      }
    },
    {
      "type": "Feature",
      "properties": {
        "source": "CWC",
        "source_record_id": "CWC_Godavari_at_Nashik_20260924_045747",
        "event_type": "flood",
        "timestamp": "2026-09-24T04:57:47.233995",
        "valid_from": "2026-09-24T04:57:47.233995",
        "valid_until": "2026-09-24T05:57:47.233995",
        "river_name": "Godavari",
        "water_level": 6.99,
        "is_flood": false,
        "severity": "low",
        "description": "Flood observation on Godavari: Water level 6.99m, Normal"
      },
      "geometry": {
        "type": "Point",
        "coordinates": [
          73.7898,
          20.0059
        ]
      }
    },
    {
      "type": "Feature",
      "properties": {
        "source": "CWC",
        "source_record_id": "CWC_Krishna_at_Vijayawada_20260924_045747",
        "event_type": "flood",
        "timestamp": "2026-09-24T04:57:47.233995",
        "valid_from": "2026-09-24T04:57:47.233995",
        "valid_until": "2026-09-24T05:57:47.233995",
        "river_name": "Krishna",
        "water_level": 5.52,
        "is_flood": false,
        "severity": "low",
        "description": "Flood observation on Krishna: Water level 5.52m, Normal"
      },
      "geometry": {
        "type": "Point",
        "coordinates": [
          80.648,
          16.5062
        ]
      }
    },
    {
      "type": "Feature",
      "properties": {
        "source": "CWC",
        "source_record_id": "CWC_Ganga_at_Patna_20260924_055747",
        "event_type": "flood",
        "timestamp": "2026-09-24T05:57:47.233995",
        "valid_from": "2026-09-24T05:57:47.233995",
        "valid_until": "2026-09-24T06:57:47.233995",
        "river_name": "Ganga",
        "water_level": 13.0,
        "is_flood": false,
        "severity": "low",
        "description": "Flood observation on Ganga: Water level 13.0m, Normal"
      },
      "geometry": {
        "type": "Point",
        "coordinates": [
          85.1376,
          25.5941
        ]
      }
    },
    {
      "type": "Feature",
      "properties": {
        "source": "CWC",
        "source_record_id": "CWC_Brahmaputra_at_Guwahati_20260924_055747",
        "event_type": "flood",
        "timestamp": "2026-09-24T05:57:47.233995",
        "valid_from": "2026-09-24T05:57:47.233995",
        "valid_until": "2026-09-24T06:57:47.233995",
        "river_name": "Brahmaputra",
        "water_level": 8.41,
        "is_flood": false,
        "severity": "low",
        "description": "Flood observation on Brahmaputra: Water level 8.41m, Normal"
      },
      "geometry": {
        "type": "Point",
        "coordinates": [
          91.7362,
          26.1445
        ]
      }
    },
    {
      "type": "Feature",
      "properties": {
        "source": "CWC",
        "source_record_id": "CWC_Barak_at_Badarpurghat_20260924_055747",
        "event_type": "flood",
        "timestamp": "2026-09-24T05:57:47.233995",
        "valid_from": "2026-09-24T05:57:47.233995",
        "valid_until": "2026-09-24T06:57:47.233995",
        "river_name": "Barak",
        "water_level": 19.55,
        "is_flood": false,
        "severity": "moderate",
        "description": "Flood observation on Barak: Water level 19.55m, Normal"
      },
      "geometry": {
        "type": "Point",
        "coordinates": [
          92.15,
          24.8833
        ]
      }
    },
    {
      "type": "Feature",
      "properties": {
        "source": "CWC",
        "source_record_id": "CWC_Godavari_at_Nashik_20260924_055747",
        "event_type": "flood",
        "timestamp": "2026-09-24T05:57:47.233995",
        "valid_from": "2026-09-24T05:57:47.233995",
        "valid_until": "2026-09-24T06:57:47.233995",
        "river_name": "Godavari",
        "water_level": 15.52,
        "is_flood": false,
        "severity": "low",
        "description": "Flood observation on Godavari: Water level 15.52m, Normal"
      },
      "geometry": {
        "type": "Point",
        "coordinates": [
          73.7898,
          20.0059
        ]
      }
    },
    {
      "type": "Feature",
      "properties": {
        "source": "CWC",
        "source_record_id": "CWC_Krishna_at_Vijayawada_20260924_055747",
        "event_type": "flood",
        "timestamp": "2026-09-24T05:57:47.233995",
        "valid_from": "2026-09-24T05:57:47.233995",
        "valid_until": "2026-09-24T06:57:47.233995",
        "river_name": "Krishna",
        "water_level": 12.63,
        "is_flood": false,
        "severity": "low",
        "description": "Flood observation on Krishna: Water level 12.63m, Normal"
      },
      "geometry": {
        "type": "Point",
        "coordinates": [
          80.648,
          16.5062
        ]
      }
    },
    {
      "type": "Feature",
      "properties": {
        "source": "CWC",
        "source_record_id": "CWC_Ganga_at_Patna_20260924_065747",
        "event_type": "flood",
        "timestamp": "2026-09-24T06:57:47.233995",
        "valid_from": "2026-09-24T06:57:47.233995",
        "valid_until": "2026-09-24T07:57:47.233995",
        "river_name": "Ganga",
        "water_level": 10.09,
        "is_flood": false,
        "severity": "low",
        "description": "Flood observation on Ganga: Water level 10.09m, Normal"
      },
      "geometry": {
        "type": "Point",
        "coordinates": [
          85.1376,
          25.5941
        ]
      }
    },
    {
      "type": "Feature",
      "properties": {
        "source": "CWC",
        "source_record_id": "CWC_Brahmaputra_at_Guwahati_20260924_065747",
        "event_type": "flood",
        "timestamp": "2026-09-24T06:57:47.233995",
        "valid_from": "2026-09-24T06:57:47.233995",
        "valid_until": "2026-09-24T07:57:47.233995",
        "river_name": "Brahmaputra",
        "water_level": 19.97,
        "is_flood": false,
        "severity": "moderate",
        "description": "Flood observation on Brahmaputra: Water level 19.97m, Normal"
      },
      "geometry": {
        "type": "Point",
        "coordinates": [
          91.7362,
          26.1445
        ]
      }
    },
    {
      "type": "Feature",
      "properties": {
        "source": "CWC",
        "source_record_id": "CWC_Barak_at_Badarpurghat_20260924_065747",
        "event_type": "flood",
        "timestamp": "2026-09-24T06:57:47.233995",
        "valid_from": "2026-09-24T06:57:47.233995",
        "valid_until": "2026-09-24T07:57:47.233995",
        "river_name": "Barak",
        "water_level": 10.09,
        "is_flood": false,
        "severity": "low",
        "description": "Flood observation on Barak: Water level 10.09m, Normal"
      },
      "geometry": {
        "type": "Point",
        "coordinates": [
          92.15,
          24.8833
        ]
      }
    },
    {
      "type": "Feature",
      "properties": {
        "source": "CWC",
        "source_record_id": "CWC_Godavari_at_Nashik_20260924_065747",
        "event_type": "flood",
        "timestamp": "2026-09-24T06:57:47.233995",
        "valid_from": "2026-09-24T06:57:47.233995",
        "valid_until": "2026-09-24T07:57:47.233995",
        "river_name": "Godavari",
        "water_level": 7.64,
        "is_flood": false,
        "severity": "low",
        "description": "Flood observation on Godavari: Water level 7.64m, Normal"
      },
      "geometry": {
        "type": "Point",
        "coordinates": [
          73.7898,
          20.0059
        ]
      }
    },
    {
      "type": "Feature",
      "properties": {
        "source": "CWC",
        "source_record_id": "CWC_Krishna_at_Vijayawada_20260924_065747",
        "event_type": "flood",
        "timestamp": "2026-09-24T06:57:47.233995",
        "valid_from": "2026-09-24T06:57:47.233995",
        "valid_until": "2026-09-24T07:57:47.233995",
        "river_name": "Krishna",
        "water_level": 6.59,
        "is_flood": false,
        "severity": "low",
        "description": "Flood observation on Krishna: Water level 6.59m, Normal"
      },
      "geometry": {
        "type": "Point",
        "coordinates": [
          80.648,
          16.5062
        ]
      }
    },
    {
      "type": "Feature",
      "properties": {
        "source": "CWC",
        "source_record_id": "CWC_Ganga_at_Patna_20260924_075747",
        "event_type": "flood",
        "timestamp": "2026-09-24T07:57:47.233995",
        "valid_from": "2026-09-24T07:57:47.233995",
        "valid_until": "2026-09-24T08:57:47.233995",
        "river_name": "Ganga",
        "water_level": 9.03,
        "is_flood": false,
        "severity": "low",
        "description": "Flood observation on Ganga: Water level 9.03m, Normal"
      },
      "geometry": {
        "type": "Point",
        "coordinates": [
          85.1376,
          25.5941
        ]
      }
    },
    {
      "type": "Feature",
      "properties": {
        "source": "CWC",
        "source_record_id": "CWC_Brahmaputra_at_Guwahati_20260924_075747",
        "event_type": "flood",
        "timestamp": "2026-09-24T07:57:47.233995",
        "valid_from": "2026-09-24T07:57:47.233995",
        "valid_until": "2026-09-24T08:57:47.233995",
        "river_name": "Brahmaputra",
        "water_level": 14.81,
        "is_flood": false,
        "severity": "low",
        "description": "Flood observation on Brahmaputra: Water level 14.81m, Normal"
      },
      "geometry": {
        "type": "Point",
        "coordinates": [
          91.7362,
          26.1445
        ]
      }
    },
    {
      "type": "Feature",
      "properties": {
        "source": "CWC",
        "source_record_id": "CWC_Barak_at_Badarpurghat_20260924_075747",
        "event_type": "flood",
        "timestamp": "2026-09-24T07:57:47.233995",
        "valid_from": "2026-09-24T07:57:47.233995",
        "valid_until": "2026-09-24T08:57:47.233995",
        "river_name": "Barak",
        "water_level": 11.7,
        "is_flood": false,
        "severity": "low",
        "description": "Flood observation on Barak: Water level 11.7m, Normal"
      },
      "geometry": {
        "type": "Point",
        "coordinates": [
          92.15,
          24.8833
        ]
      }
    },
    {
      "type": "Feature",
      "properties": {
        "source": "CWC",
        "source_record_id": "CWC_Godavari_at_Nashik_20260924_075747",
        "event_type": "flood",
        "timestamp": "2026-09-24T07:57:47.233995",
        "valid_from": "2026-09-24T07:57:47.233995",
        "valid_until": "2026-09-24T08:57:47.233995",
        "river_name": "Godavari",
        "water_level": 24.03,
        "is_flood": true,
        "severity": "severe",
        "description": "Flood observation on Godavari: Water level 24.03m, Flood conditions"
      },
      "geometry": {
        "type": "Point",
        "coordinates": [
          73.7898,
          20.0059
        ]
      }
    },
    {
      "type": "Feature",
      "properties": {
        "source": "CWC",
        "source_record_id": "CWC_Krishna_at_Vijayawada_20260924_075747",
        "event_type": "flood",
        "timestamp": "2026-09-24T07:57:47.233995",
        "valid_from": "2026-09-24T07:57:47.233995",
        "valid_until": "2026-09-24T08:57:47.233995",
        "river_name": "Krishna",
        "water_level": 22.46,
        "is_flood": true,
        "severity": "severe",
        "description": "Flood observation on Krishna: Water level 22.46m, Flood conditions"
      },
      "geometry": {
        "type": "Point",
        "coordinates": [
          80.648,
          16.5062
        ]
      }
    },
    {
      "type": "Feature",
      "properties": {
        "source": "CWC",
        "source_record_id": "CWC_Ganga_at_Patna_20260924_085747",
        "event_type": "flood",
        "timestamp": "2026-09-24T08:57:47.233995",
        "valid_from": "2026-09-24T08:57:47.233995",
        "valid_until": "2026-09-24T09:57:47.233995",
        "river_name": "Ganga",
        "water_level": 21.85,
        "is_flood": true,
        "severity": "high",
        "description": "Flood observation on Ganga: Water level 21.85m, Flood conditions"
      },
      "geometry": {
        "type": "Point",
        "coordinates": [
          85.1376,
          25.5941
        ]
      }
    },
    {
      "type": "Feature",
      "properties": {
        "source": "CWC",
        "source_record_id": "CWC_Brahmaputra_at_Guwahati_20260924_085747",
        "event_type": "flood",
        "timestamp": "2026-09-24T08:57:47.233995",
        "valid_from": "2026-09-24T08:57:47.233995",
        "valid_until": "2026-09-24T09:57:47.233995",
        "river_name": "Brahmaputra",
        "water_level": 14.9,
        "is_flood": false,
        "severity": "low",
        "description": "Flood observation on Brahmaputra: Water level 14.9m, Normal"
      },
      "geometry": {
        "type": "Point",
        "coordinates": [
          91.7362,
          26.1445
        ]
      }
    },
    {
      "type": "Feature",
      "properties": {
        "source": "CWC",
        "source_record_id": "CWC_Barak_at_Badarpurghat_20260924_085747",
        "event_type": "flood",
        "timestamp": "2026-09-24T08:57:47.233995",
        "valid_from": "2026-09-24T08:57:47.233995",
        "valid_until": "2026-09-24T09:57:47.233995",
        "river_name": "Barak",
        "water_level": 5.64,
        "is_flood": false,
        "severity": "low",
        "description": "Flood observation on Barak: Water level 5.64m, Normal"
      },
      "geometry": {
        "type": "Point",
        "coordinates": [
          92.15,
          24.8833
        ]
      }
    },
    {
      "type": "Feature",
      "properties": {
        "source": "CWC",
        "source_record_id": "CWC_Godavari_at_Nashik_20260924_085747",
        "event_type": "flood",
        "timestamp": "2026-09-24T08:57:47.233995",
        "valid_from": "2026-09-24T08:57:47.233995",
        "valid_until": "2026-09-24T09:57:47.233995",
        "river_name": "Godavari",
        "water_level": 13.31,
        "is_flood": false,
        "severity": "low",
        "description": "Flood observation on Godavari: Water level 13.31m, Normal"
      },
      "geometry": {
        "type": "Point",
        "coordinates": [
          73.7898,
          20.0059
        ]
      }
    },
    {
      "type": "Feature",
      "properties": {
        "source": "CWC",
        "source_record_id": "CWC_Krishna_at_Vijayawada_20260924_085747",
        "event_type": "flood",
        "timestamp": "2026-09-24T08:57:47.233995",
        "valid_from": "2026-09-24T08:57:47.233995",
        "valid_until": "2026-09-24T09:57:47.233995",
        "river_name": "Krishna",
        "water_level": 8.96,
        "is_flood": false,
        "severity": "low",
        "description": "Flood observation on Krishna: Water level 8.96m, Normal"
      },
      "geometry": {
        "type": "Point",
        "coordinates": [
          80.648,
          16.5062
        ]
      }
    },
    {
      "type": "Feature",
      "properties": {
        "source": "CWC",
        "source_record_id": "CWC_Ganga_at_Patna_20260924_095747",
        "event_type": "flood",
        "timestamp": "2026-09-24T09:57:47.233995",
        "valid_from": "2026-09-24T09:57:47.233995",
        "valid_until": "2026-09-24T10:57:47.233995",
        "river_name": "Ganga",
        "water_level": 17.49,
        "is_flood": false,
        "severity": "low",
        "description": "Flood observation on Ganga: Water level 17.49m, Normal"
      },
      "geometry": {
        "type": "Point",
        "coordinates": [
          85.1376,
          25.5941
        ]
      }
    },
    {
      "type": "Feature",
      "properties": {
        "source": "CWC",
        "source_record_id": "CWC_Brahmaputra_at_Guwahati_20260924_095747",
        "event_type": "flood",
        "timestamp": "2026-09-24T09:57:47.233995",
        "valid_from": "2026-09-24T09:57:47.233995",
        "valid_until": "2026-09-24T10:57:47.233995",
        "river_name": "Brahmaputra",
        "water_level": 14.96,
        "is_flood": false,
        "severity": "low",
        "description": "Flood observation on Brahmaputra: Water level 14.96m, Normal"
      },
      "geometry": {
        "type": "Point",
        "coordinates": [
          91.7362,
          26.1445
        ]
      }
    },
    {
      "type": "Feature",
      "properties": {
        "source": "CWC",
        "source_record_id": "CWC_Barak_at_Badarpurghat_20260924_095747",
        "event_type": "flood",
        "timestamp": "2026-09-24T09:57:47.233995",
        "valid_from": "2026-09-24T09:57:47.233995",
        "valid_until": "2026-09-24T10:57:47.233995",
        "river_name": "Barak",
        "water_level": 14.28,
        "is_flood": false,
        "severity": "low",
        "description": "Flood observation on Barak: Water level 14.28m, Normal"
      },
      "geometry": {
        "type": "Point",
        "coordinates": [
          92.15,
          24.8833
        ]
      }
    },
    {
      "type": "Feature",
      "properties": {
        "source": "CWC",
        "source_record_id": "CWC_Godavari_at_Nashik_20260924_095747",
        "event_type": "flood",
        "timestamp": "2026-09-24T09:57:47.233995",
        "valid_from": "2026-09-24T09:57:47.233995",
        "valid_until": "2026-09-24T10:57:47.233995",
        "river_name": "Godavari",
        "water_level": 15.95,
        "is_flood": false,
        "severity": "low",
        "description": "Flood observation on Godavari: Water level 15.95m, Normal"
      },
      "geometry": {
        "type": "Point",
        "coordinates": [
          73.7898,
          20.0059
        ]
      }
    },
    {
      "type": "Feature",
      "properties": {
        "source": "CWC",
        "source_record_id": "CWC_Krishna_at_Vijayawada_20260924_095747",
        "event_type": "flood",
        "timestamp": "2026-09-24T09:57:47.233995",
        "valid_from": "2026-09-24T09:57:47.233995",
        "valid_until": "2026-09-24T10:57:47.233995",
        "river_name": "Krishna",
        "water_level": 6.54,
        "is_flood": false,
        "severity": "low",
        "description": "Flood observation on Krishna: Water level 6.54m, Normal"
      },
      "geometry": {
        "type": "Point",
        "coordinates": [
          80.648,
          16.5062
        ]
      }
    },
    {
      "type": "Feature",
      "properties": {
        "source": "CWC",
        "source_record_id": "CWC_Ganga_at_Patna_20260924_105747",
        "event_type": "flood",
        "timestamp": "2026-09-24T10:57:47.233995",
        "valid_from": "2026-09-24T10:57:47.233995",
        "valid_until": "2026-09-24T11:57:47.233995",
        "river_name": "Ganga",
        "water_level": 13.24,
        "is_flood": false,
        "severity": "low",
        "description": "Flood observation on Ganga: Water level 13.24m, Normal"
      },
      "geometry": {
        "type": "Point",
        "coordinates": [
          85.1376,
          25.5941
        ]
      }
    },
    {
      "type": "Feature",
      "properties": {
        "source": "CWC",
        "source_record_id": "CWC_Brahmaputra_at_Guwahati_20260924_105747",
        "event_type": "flood",
        "timestamp": "2026-09-24T10:57:47.233995",
        "valid_from": "2026-09-24T10:57:47.233995",
        "valid_until": "2026-09-24T11:57:47.233995",
        "river_name": "Brahmaputra",
        "water_level": 8.88,
        "is_flood": false,
        "severity": "low",
        "description": "Flood observation on Brahmaputra: Water level 8.88m, Normal"
      },
      "geometry": {
        "type": "Point",
        "coordinates": [
          91.7362,
          26.1445
        ]
      }
    },
    {
      "type": "Feature",
      "properties": {
        "source": "CWC",
        "source_record_id": "CWC_Barak_at_Badarpurghat_20260924_105747",
        "event_type": "flood",
        "timestamp": "2026-09-24T10:57:47.233995",
        "valid_from": "2026-09-24T10:57:47.233995",
        "valid_until": "2026-09-24T11:57:47.233995",
        "river_name": "Barak",
        "water_level": 14.44,
        "is_flood": false,
        "severity": "low",
        "description": "Flood observation on Barak: Water level 14.44m, Normal"
      },
      "geometry": {
        "type": "Point",
        "coordinates": [
          92.15,
          24.8833
        ]
      }
    },
    {
      "type": "Feature",
      "properties": {
        "source": "CWC",
        "source_record_id": "CWC_Godavari_at_Nashik_20260924_105747",
        "event_type": "flood",
        "timestamp": "2026-09-24T10:57:47.233995",
        "valid_from": "2026-09-24T10:57:47.233995",
        "valid_until": "2026-09-24T11:57:47.233995",
        "river_name": "Godavari",
        "water_level": 19.95,
        "is_flood": false,
        "severity": "moderate",
        "description": "Flood observation on Godavari: Water level 19.95m, Normal"
      },
      "geometry": {
        "type": "Point",
        "coordinates": [
          73.7898,
          20.0059
        ]
      }
    },
    {
      "type": "Feature",
      "properties": {
        "source": "CWC",
        "source_record_id": "CWC_Krishna_at_Vijayawada_20260924_105747",
        "event_type": "flood",
        "timestamp": "2026-09-24T10:57:47.233995",
        "valid_from": "2026-09-24T10:57:47.233995",
        "valid_until": "2026-09-24T11:57:47.233995",
        "river_name": "Krishna",
        "water_level": 23.03,
        "is_flood": true,
        "severity": "severe",
        "description": "Flood observation on Krishna: Water level 23.03m, Flood conditions"
      },
      "geometry": {
        "type": "Point",
        "coordinates": [
          80.648,
          16.5062
        ]
      }
    },
    {
      "type": "Feature",
      "properties": {
        "source": "CWC",
        "source_record_id": "CWC_Ganga_at_Patna_20260924_115747",
        "event_type": "flood",
        "timestamp": "2026-09-24T11:57:47.233995",
        "valid_from": "2026-09-24T11:57:47.233995",
        "valid_until": "2026-09-24T12:57:47.233995",
        "river_name": "Ganga",
        "water_level": 6.6,
        "is_flood": false,
        "severity": "low",
        "description": "Flood observation on Ganga: Water level 6.6m, Normal"
      },
      "geometry": {
        "type": "Point",
        "coordinates": [
          85.1376,
          25.5941
        ]
      }
    },
    {
      "type": "Feature",
      "properties": {
        "source": "CWC",
        "source_record_id": "CWC_Brahmaputra_at_Guwahati_20260924_115747",
        "event_type": "flood",
        "timestamp": "2026-09-24T11:57:47.233995",
        "valid_from": "2026-09-24T11:57:47.233995",
        "valid_until": "2026-09-24T12:57:47.233995",
        "river_name": "Brahmaputra",
        "water_level": 6.4,
        "is_flood": false,
        "severity": "low",
        "description": "Flood observation on Brahmaputra: Water level 6.4m, Normal"
      },
      "geometry": {
        "type": "Point",
        "coordinates": [
          91.7362,
          26.1445
        ]
      }
    },
    {
      "type": "Feature",
      "properties": {
        "source": "CWC",
        "source_record_id": "CWC_Barak_at_Badarpurghat_20260924_115747",
        "event_type": "flood",
        "timestamp": "2026-09-24T11:57:47.233995",
        "valid_from": "2026-09-24T11:57:47.233995",
        "valid_until": "2026-09-24T12:57:47.233995",
        "river_name": "Barak",
        "water_level": 22.44,
        "is_flood": true,
        "severity": "severe",
        "description": "Flood observation on Barak: Water level 22.44m, Flood conditions"
      },
      "geometry": {
        "type": "Point",
        "coordinates": [
          92.15,
          24.8833
        ]
      }
    },
    {
      "type": "Feature",
      "properties": {
        "source": "CWC",
        "source_record_id": "CWC_Godavari_at_Nashik_20260924_115747",
        "event_type": "flood",
        "timestamp": "2026-09-24T11:57:47.233995",
        "valid_from": "2026-09-24T11:57:47.233995",
        "valid_until": "2026-09-24T12:57:47.233995",
        "river_name": "Godavari",
        "water_level": 10.49,
        "is_flood": false,
        "severity": "low",
        "description": "Flood observation on Godavari: Water level 10.49m, Normal"
      },
      "geometry": {
        "type": "Point",
        "coordinates": [
          73.7898,
          20.0059
        ]
      }
    },
    {
      "type": "Feature",
      "properties": {
        "source": "CWC",
        "source_record_id": "CWC_Krishna_at_Vijayawada_20260924_115747",
        "event_type": "flood",
        "timestamp": "2026-09-24T11:57:47.233995",
        "valid_from": "2026-09-24T11:57:47.233995",
        "valid_until": "2026-09-24T12:57:47.233995",
        "river_name": "Krishna",
        "water_level": 12.62,
        "is_flood": false,
        "severity": "low",
        "description": "Flood observation on Krishna: Water level 12.62m, Normal"
      },
      "geometry": {
        "type": "Point",
        "coordinates": [
          80.648,
          16.5062
        ]
      }
    },
    {
      "type": "Feature",
      "properties": {
        "source": "CWC",
        "source_record_id": "CWC_Ganga_at_Patna_20260924_125747",
        "event_type": "flood",
        "timestamp": "2026-09-24T12:57:47.233995",
        "valid_from": "2026-09-24T12:57:47.233995",
        "valid_until": "2026-09-24T13:57:47.233995",
        "river_name": "Ganga",
        "water_level": 10.45,
        "is_flood": false,
        "severity": "low",
        "description": "Flood observation on Ganga: Water level 10.45m, Normal"
      },
      "geometry": {
        "type": "Point",
        "coordinates": [
          85.1376,
          25.5941
        ]
      }
    },
    {
      "type": "Feature",
      "properties": {
        "source": "CWC",
        "source_record_id": "CWC_Brahmaputra_at_Guwahati_20260924_125747",
        "event_type": "flood",
        "timestamp": "2026-09-24T12:57:47.233995",
        "valid_from": "2026-09-24T12:57:47.233995",
        "valid_until": "2026-09-24T13:57:47.233995",
        "river_name": "Brahmaputra",
        "water_level": 12.41,
        "is_flood": false,
        "severity": "low",
        "description": "Flood observation on Brahmaputra: Water level 12.41m, Normal"
      },
      "geometry": {
        "type": "Point",
        "coordinates": [
          91.7362,
          26.1445
        ]
      }
    },
    {
      "type": "Feature",
      "properties": {
        "source": "CWC",
        "source_record_id": "CWC_Barak_at_Badarpurghat_20260924_125747",
        "event_type": "flood",
        "timestamp": "2026-09-24T12:57:47.233995",
        "valid_from": "2026-09-24T12:57:47.233995",
        "valid_until": "2026-09-24T13:57:47.233995",
        "river_name": "Barak",
        "water_level": 9.43,
        "is_flood": false,
        "severity": "low",
        "description": "Flood observation on Barak: Water level 9.43m, Normal"
      },
      "geometry": {
        "type": "Point",
        "coordinates": [
          92.15,
          24.8833
        ]
      }
    },
    {
      "type": "Feature",
      "properties": {
        "source": "CWC",
        "source_record_id": "CWC_Godavari_at_Nashik_20260924_125747",
        "event_type": "flood",
        "timestamp": "2026-09-24T12:57:47.233995",
        "valid_from": "2026-09-24T12:57:47.233995",
        "valid_until": "2026-09-24T13:57:47.233995",
        "river_name": "Godavari",
        "water_level": 13.96,
        "is_flood": false,
        "severity": "low",
        "description": "Flood observation on Godavari: Water level 13.96m, Normal"
      },
      "geometry": {
        "type": "Point",
        "coordinates": [
          73.7898,
          20.0059
        ]
      }
    },
    {
      "type": "Feature",
      "properties": {
        "source": "CWC",
        "source_record_id": "CWC_Krishna_at_Vijayawada_20260924_125747",
        "event_type": "flood",
        "timestamp": "2026-09-24T12:57:47.233995",
        "valid_from": "2026-09-24T12:57:47.233995",
        "valid_until": "2026-09-24T13:57:47.233995",
        "river_name": "Krishna",
        "water_level": 18.63,
        "is_flood": false,
        "severity": "moderate",
        "description": "Flood observation on Krishna: Water level 18.63m, Normal"
      },
      "geometry": {
        "type": "Point",
        "coordinates": [
          80.648,
          16.5062
        ]
      }
    },
    {
      "type": "Feature",
      "properties": {
        "source": "CWC",
        "source_record_id": "CWC_Ganga_at_Patna_20260924_135747",
        "event_type": "flood",
        "timestamp": "2026-09-24T13:57:47.233995",
        "valid_from": "2026-09-24T13:57:47.233995",
        "valid_until": "2026-09-24T14:57:47.233995",
        "river_name": "Ganga",
        "water_level": 9.75,
        "is_flood": false,
        "severity": "low",
        "description": "Flood observation on Ganga: Water level 9.75m, Normal"
      },
      "geometry": {
        "type": "Point",
        "coordinates": [
          85.1376,
          25.5941
        ]
      }
    },
    {
      "type": "Feature",
      "properties": {
        "source": "CWC",
        "source_record_id": "CWC_Brahmaputra_at_Guwahati_20260924_135747",
        "event_type": "flood",
        "timestamp": "2026-09-24T13:57:47.233995",
        "valid_from": "2026-09-24T13:57:47.233995",
        "valid_until": "2026-09-24T14:57:47.233995",
        "river_name": "Brahmaputra",
        "water_level": 8.08,
        "is_flood": false,
        "severity": "low",
        "description": "Flood observation on Brahmaputra: Water level 8.08m, Normal"
      },
      "geometry": {
        "type": "Point",
        "coordinates": [
          91.7362,
          26.1445
        ]
      }
    },
    {
      "type": "Feature",
      "properties": {
        "source": "CWC",
        "source_record_id": "CWC_Barak_at_Badarpurghat_20260924_135747",
        "event_type": "flood",
        "timestamp": "2026-09-24T13:57:47.233995",
        "valid_from": "2026-09-24T13:57:47.233995",
        "valid_until": "2026-09-24T14:57:47.233995",
        "river_name": "Barak",
        "water_level": 18.29,
        "is_flood": false,
        "severity": "moderate",
        "description": "Flood observation on Barak: Water level 18.29m, Normal"
      },
      "geometry": {
        "type": "Point",
        "coordinates": [
          92.15,
          24.8833
        ]
      }
    },
    {
      "type": "Feature",
      "properties": {
        "source": "CWC",
        "source_record_id": "CWC_Godavari_at_Nashik_20260924_135747",
        "event_type": "flood",
        "timestamp": "2026-09-24T13:57:47.233995",
        "valid_from": "2026-09-24T13:57:47.233995",
        "valid_until": "2026-09-24T14:57:47.233995",
        "river_name": "Godavari",
        "water_level": 23.08,
        "is_flood": true,
        "severity": "severe",
        "description": "Flood observation on Godavari: Water level 23.08m, Flood conditions"
      },
      "geometry": {
        "type": "Point",
        "coordinates": [
          73.7898,
          20.0059
        ]
      }
    },
    {
      "type": "Feature",
      "properties": {
        "source": "CWC",
        "source_record_id": "CWC_Krishna_at_Vijayawada_20260924_135747",
        "event_type": "flood",
        "timestamp": "2026-09-24T13:57:47.233995",
        "valid_from": "2026-09-24T13:57:47.233995",
        "valid_until": "2026-09-24T14:57:47.233995",
        "river_name": "Krishna",
        "water_level": 7.36,
        "is_flood": false,
        "severity": "low",
        "description": "Flood observation on Krishna: Water level 7.36m, Normal"
      },
      "geometry": {
        "type": "Point",
        "coordinates": [
          80.648,
          16.5062
        ]
      }
    },
    {
      "type": "Feature",
      "properties": {
        "source": "CWC",
        "source_record_id": "CWC_Ganga_at_Patna_20260924_145747",
        "event_type": "flood",
        "timestamp": "2026-09-24T14:57:47.233995",
        "valid_from": "2026-09-24T14:57:47.233995",
        "valid_until": "2026-09-24T15:57:47.233995",
        "river_name": "Ganga",
        "water_level": 8.02,
        "is_flood": false,
        "severity": "low",
        "description": "Flood observation on Ganga: Water level 8.02m, Normal"
      },
      "geometry": {
        "type": "Point",
        "coordinates": [
          85.1376,
          25.5941
        ]
      }
    },
    {
      "type": "Feature",
      "properties": {
        "source": "CWC",
        "source_record_id": "CWC_Brahmaputra_at_Guwahati_20260924_145747",
        "event_type": "flood",
        "timestamp": "2026-09-24T14:57:47.233995",
        "valid_from": "2026-09-24T14:57:47.233995",
        "valid_until": "2026-09-24T15:57:47.233995",
        "river_name": "Brahmaputra",
        "water_level": 20.6,
        "is_flood": true,
        "severity": "high",
        "description": "Flood observation on Brahmaputra: Water level 20.6m, Flood conditions"
      },
      "geometry": {
        "type": "Point",
        "coordinates": [
          91.7362,
          26.1445
        ]
      }
    },
    {
      "type": "Feature",
      "properties": {
        "source": "CWC",
        "source_record_id": "CWC_Barak_at_Badarpurghat_20260924_145747",
        "event_type": "flood",
        "timestamp": "2026-09-24T14:57:47.233995",
        "valid_from": "2026-09-24T14:57:47.233995",
        "valid_until": "2026-09-24T15:57:47.233995",
        "river_name": "Barak",
        "water_level": 7.28,
        "is_flood": false,
        "severity": "low",
        "description": "Flood observation on Barak: Water level 7.28m, Normal"
      },
      "geometry": {
        "type": "Point",
        "coordinates": [
          92.15,
          24.8833
        ]
      }
    },
    {
      "type": "Feature",
      "properties": {
        "source": "CWC",
        "source_record_id": "CWC_Godavari_at_Nashik_20260924_145747",
        "event_type": "flood",
        "timestamp": "2026-09-24T14:57:47.233995",
        "valid_from": "2026-09-24T14:57:47.233995",
        "valid_until": "2026-09-24T15:57:47.233995",
        "river_name": "Godavari",
        "water_level": 5.76,
        "is_flood": false,
        "severity": "low",
        "description": "Flood observation on Godavari: Water level 5.76m, Normal"
      },
      "geometry": {
        "type": "Point",
        "coordinates": [
          73.7898,
          20.0059
        ]
      }
    },
    {
      "type": "Feature",
      "properties": {
        "source": "CWC",
        "source_record_id": "CWC_Krishna_at_Vijayawada_20260924_145747",
        "event_type": "flood",
        "timestamp": "2026-09-24T14:57:47.233995",
        "valid_from": "2026-09-24T14:57:47.233995",
        "valid_until": "2026-09-24T15:57:47.233995",
        "river_name": "Krishna",
        "water_level": 9.52,
        "is_flood": false,
        "severity": "low",
        "description": "Flood observation on Krishna: Water level 9.52m, Normal"
      },
      "geometry": {
        "type": "Point",
        "coordinates": [
          80.648,
          16.5062
        ]
      }
    },
    {
      "type": "Feature",
      "properties": {
        "source": "CWC",
        "source_record_id": "CWC_Ganga_at_Patna_20260924_155747",
        "event_type": "flood",
        "timestamp": "2026-09-24T15:57:47.233995",
        "valid_from": "2026-09-24T15:57:47.233995",
        "valid_until": "2026-09-24T16:57:47.233995",
        "river_name": "Ganga",
        "water_level": 19.81,
        "is_flood": false,
        "severity": "moderate",
        "description": "Flood observation on Ganga: Water level 19.81m, Normal"
      },
      "geometry": {
        "type": "Point",
        "coordinates": [
          85.1376,
          25.5941
        ]
      }
    },
    {
      "type": "Feature",
      "properties": {
        "source": "CWC",
        "source_record_id": "CWC_Brahmaputra_at_Guwahati_20260924_155747",
        "event_type": "flood",
        "timestamp": "2026-09-24T15:57:47.233995",
        "valid_from": "2026-09-24T15:57:47.233995",
        "valid_until": "2026-09-24T16:57:47.233995",
        "river_name": "Brahmaputra",
        "water_level": 6.07,
        "is_flood": false,
        "severity": "low",
        "description": "Flood observation on Brahmaputra: Water level 6.07m, Normal"
      },
      "geometry": {
        "type": "Point",
        "coordinates": [
          91.7362,
          26.1445
        ]
      }
    },
    {
      "type": "Feature",
      "properties": {
        "source": "CWC",
        "source_record_id": "CWC_Barak_at_Badarpurghat_20260924_155747",
        "event_type": "flood",
        "timestamp": "2026-09-24T15:57:47.233995",
        "valid_from": "2026-09-24T15:57:47.233995",
        "valid_until": "2026-09-24T16:57:47.233995",
        "river_name": "Barak",
        "water_level": 5.88,
        "is_flood": false,
        "severity": "low",
        "description": "Flood observation on Barak: Water level 5.88m, Normal"
      },
      "geometry": {
        "type": "Point",
        "coordinates": [
          92.15,
          24.8833
        ]
      }
    },
    {
      "type": "Feature",
      "properties": {
        "source": "CWC",
        "source_record_id": "CWC_Godavari_at_Nashik_20260924_155747",
        "event_type": "flood",
        "timestamp": "2026-09-24T15:57:47.233995",
        "valid_from": "2026-09-24T15:57:47.233995",
        "valid_until": "2026-09-24T16:57:47.233995",
        "river_name": "Godavari",
        "water_level": 5.53,
        "is_flood": false,
        "severity": "low",
        "description": "Flood observation on Godavari: Water level 5.53m, Normal"
      },
      "geometry": {
        "type": "Point",
        "coordinates": [
          73.7898,
          20.0059
        ]
      }
    },
    {
      "type": "Feature",
      "properties": {
        "source": "CWC",
        "source_record_id": "CWC_Krishna_at_Vijayawada_20260924_155747",
        "event_type": "flood",
        "timestamp": "2026-09-24T15:57:47.233995",
        "valid_from": "2026-09-24T15:57:47.233995",
        "valid_until": "2026-09-24T16:57:47.233995",
        "river_name": "Krishna",
        "water_level": 24.86,
        "is_flood": true,
        "severity": "severe",
        "description": "Flood observation on Krishna: Water level 24.86m, Flood conditions"
      },
      "geometry": {
        "type": "Point",
        "coordinates": [
          80.648,
          16.5062
        ]
      }
    },
    {
      "type": "Feature",
      "properties": {
        "source": "CWC",
        "source_record_id": "CWC_Ganga_at_Patna_20260924_165747",
        "event_type": "flood",
        "timestamp": "2026-09-24T16:57:47.233995",
        "valid_from": "2026-09-24T16:57:47.233995",
        "valid_until": "2026-09-24T17:57:47.233995",
        "river_name": "Ganga",
        "water_level": 7.71,
        "is_flood": false,
        "severity": "low",
        "description": "Flood observation on Ganga: Water level 7.71m, Normal"
      },
      "geometry": {
        "type": "Point",
        "coordinates": [
          85.1376,
          25.5941
        ]
      }
    },
    {
      "type": "Feature",
      "properties": {
        "source": "CWC",
        "source_record_id": "CWC_Brahmaputra_at_Guwahati_20260924_165747",
        "event_type": "flood",
        "timestamp": "2026-09-24T16:57:47.233995",
        "valid_from": "2026-09-24T16:57:47.233995",
        "valid_until": "2026-09-24T17:57:47.233995",
        "river_name": "Brahmaputra",
        "water_level": 23.09,
        "is_flood": true,
        "severity": "severe",
        "description": "Flood observation on Brahmaputra: Water level 23.09m, Flood conditions"
      },
      "geometry": {
        "type": "Point",
        "coordinates": [
          91.7362,
          26.1445
        ]
      }
    },
    {
      "type": "Feature",
      "properties": {
        "source": "CWC",
        "source_record_id": "CWC_Barak_at_Badarpurghat_20260924_165747",
        "event_type": "flood",
        "timestamp": "2026-09-24T16:57:47.233995",
        "valid_from": "2026-09-24T16:57:47.233995",
        "valid_until": "2026-09-24T17:57:47.233995",
        "river_name": "Barak",
        "water_level": 5.95,
        "is_flood": false,
        "severity": "low",
        "description": "Flood observation on Barak: Water level 5.95m, Normal"
      },
      "geometry": {
        "type": "Point",
        "coordinates": [
          92.15,
          24.8833
        ]
      }
    },
    {
      "type": "Feature",
      "properties": {
        "source": "CWC",
        "source_record_id": "CWC_Godavari_at_Nashik_20260924_165747",
        "event_type": "flood",
        "timestamp": "2026-09-24T16:57:47.233995",
        "valid_from": "2026-09-24T16:57:47.233995",
        "valid_until": "2026-09-24T17:57:47.233995",
        "river_name": "Godavari",
        "water_level": 12.86,
        "is_flood": false,
        "severity": "low",
        "description": "Flood observation on Godavari: Water level 12.86m, Normal"
      },
      "geometry": {
        "type": "Point",
        "coordinates": [
          73.7898,
          20.0059
        ]
      }
    },
    {
      "type": "Feature",
      "properties": {
        "source": "CWC",
        "source_record_id": "CWC_Krishna_at_Vijayawada_20260924_165747",
        "event_type": "flood",
        "timestamp": "2026-09-24T16:57:47.233995",
        "valid_from": "2026-09-24T16:57:47.233995",
        "valid_until": "2026-09-24T17:57:47.233995",
        "river_name": "Krishna",
        "water_level": 15.63,
        "is_flood": false,
        "severity": "low",
        "description": "Flood observation on Krishna: Water level 15.63m, Normal"
      },
      "geometry": {
        "type": "Point",
        "coordinates": [
          80.648,
          16.5062
        ]
      }
    },
    {
      "type": "Feature",
      "properties": {
        "source": "CWC",
        "source_record_id": "CWC_Ganga_at_Patna_20260924_175747",
        "event_type": "flood",
        "timestamp": "2026-09-24T17:57:47.233995",
        "valid_from": "2026-09-24T17:57:47.233995",
        "valid_until": "2026-09-24T18:57:47.233995",
        "river_name": "Ganga",
        "water_level": 13.58,
        "is_flood": false,
        "severity": "low",
        "description": "Flood observation on Ganga: Water level 13.58m, Normal"
      },
      "geometry": {
        "type": "Point",
        "coordinates": [
          85.1376,
          25.5941
        ]
      }
    },
    {
      "type": "Feature",
      "properties": {
        "source": "CWC",
        "source_record_id": "CWC_Brahmaputra_at_Guwahati_20260924_175747",
        "event_type": "flood",
        "timestamp": "2026-09-24T17:57:47.233995",
        "valid_from": "2026-09-24T17:57:47.233995",
        "valid_until": "2026-09-24T18:57:47.233995",
        "river_name": "Brahmaputra",
        "water_level": 19.17,
        "is_flood": false,
        "severity": "moderate",
        "description": "Flood observation on Brahmaputra: Water level 19.17m, Normal"
      },
      "geometry": {
        "type": "Point",
        "coordinates": [
          91.7362,
          26.1445
        ]
      }
    },
    {
      "type": "Feature",
      "properties": {
        "source": "CWC",
        "source_record_id": "CWC_Barak_at_Badarpurghat_20260924_175747",
        "event_type": "flood",
        "timestamp": "2026-09-24T17:57:47.233995",
        "valid_from": "2026-09-24T17:57:47.233995",
        "valid_until": "2026-09-24T18:57:47.233995",
        "river_name": "Barak",
        "water_level": 13.08,
        "is_flood": false,
        "severity": "low",
        "description": "Flood observation on Barak: Water level 13.08m, Normal"
      },
      "geometry": {
        "type": "Point",
        "coordinates": [
          92.15,
          24.8833
        ]
      }
    },
    {
      "type": "Feature",
      "properties": {
        "source": "CWC",
        "source_record_id": "CWC_Godavari_at_Nashik_20260924_175747",
        "event_type": "flood",
        "timestamp": "2026-09-24T17:57:47.233995",
        "valid_from": "2026-09-24T17:57:47.233995",
        "valid_until": "2026-09-24T18:57:47.233995",
        "river_name": "Godavari",
        "water_level": 12.55,
        "is_flood": false,
        "severity": "low",
        "description": "Flood observation on Godavari: Water level 12.55m, Normal"
      },
      "geometry": {
        "type": "Point",
        "coordinates": [
          73.7898,
          20.0059
        ]
      }
    },
    {
      "type": "Feature",
      "properties": {
        "source": "CWC",
        "source_record_id": "CWC_Krishna_at_Vijayawada_20260924_175747",
        "event_type": "flood",
        "timestamp": "2026-09-24T17:57:47.233995",
        "valid_from": "2026-09-24T17:57:47.233995",
        "valid_until": "2026-09-24T18:57:47.233995",
        "river_name": "Krishna",
        "water_level": 13.05,
        "is_flood": false,
        "severity": "low",
        "description": "Flood observation on Krishna: Water level 13.05m, Normal"
      },
      "geometry": {
        "type": "Point",
        "coordinates": [
          80.648,
          16.5062
        ]
      }
    },
    {
      "type": "Feature",
      "properties": {
        "source": "CWC",
        "source_record_id": "CWC_Ganga_at_Patna_20260924_185747",
        "event_type": "flood",
        "timestamp": "2026-09-24T18:57:47.233995",
        "valid_from": "2026-09-24T18:57:47.233995",
        "valid_until": "2026-09-24T19:57:47.233995",
        "river_name": "Ganga",
        "water_level": 14.86,
        "is_flood": false,
        "severity": "low",
        "description": "Flood observation on Ganga: Water level 14.86m, Normal"
      },
      "geometry": {
        "type": "Point",
        "coordinates": [
          85.1376,
          25.5941
        ]
      }
    },
    {
      "type": "Feature",
      "properties": {
        "source": "CWC",
        "source_record_id": "CWC_Brahmaputra_at_Guwahati_20260924_185747",
        "event_type": "flood",
        "timestamp": "2026-09-24T18:57:47.233995",
        "valid_from": "2026-09-24T18:57:47.233995",
        "valid_until": "2026-09-24T19:57:47.233995",
        "river_name": "Brahmaputra",
        "water_level": 9.15,
        "is_flood": false,
        "severity": "low",
        "description": "Flood observation on Brahmaputra: Water level 9.15m, Normal"
      },
      "geometry": {
        "type": "Point",
        "coordinates": [
          91.7362,
          26.1445
        ]
      }
    },
    {
      "type": "Feature",
      "properties": {
        "source": "CWC",
        "source_record_id": "CWC_Barak_at_Badarpurghat_20260924_185747",
        "event_type": "flood",
        "timestamp": "2026-09-24T18:57:47.233995",
        "valid_from": "2026-09-24T18:57:47.233995",
        "valid_until": "2026-09-24T19:57:47.233995",
        "river_name": "Barak",
        "water_level": 8.09,
        "is_flood": false,
        "severity": "low",
        "description": "Flood observation on Barak: Water level 8.09m, Normal"
      },
      "geometry": {
        "type": "Point",
        "coordinates": [
          92.15,
          24.8833
        ]
      }
    },
    {
      "type": "Feature",
      "properties": {
        "source": "CWC",
        "source_record_id": "CWC_Godavari_at_Nashik_20260924_185747",
        "event_type": "flood",
        "timestamp": "2026-09-24T18:57:47.233995",
        "valid_from": "2026-09-24T18:57:47.233995",
        "valid_until": "2026-09-24T19:57:47.233995",
        "river_name": "Godavari",
        "water_level": 22.23,
        "is_flood": true,
        "severity": "severe",
        "description": "Flood observation on Godavari: Water level 22.23m, Flood conditions"
      },
      "geometry": {
        "type": "Point",
        "coordinates": [
          73.7898,
          20.0059
        ]
      }
    },
    {
      "type": "Feature",
      "properties": {
        "source": "CWC",
        "source_record_id": "CWC_Krishna_at_Vijayawada_20260924_185747",
        "event_type": "flood",
        "timestamp": "2026-09-24T18:57:47.233995",
        "valid_from": "2026-09-24T18:57:47.233995",
        "valid_until": "2026-09-24T19:57:47.233995",
        "river_name": "Krishna",
        "water_level": 23.79,
        "is_flood": true,
        "severity": "severe",
        "description": "Flood observation on Krishna: Water level 23.79m, Flood conditions"
      },
      "geometry": {
        "type": "Point",
        "coordinates": [
          80.648,
          16.5062
        ]
      }
    },
    {
      "type": "Feature",
      "properties": {
        "source": "CWC",
        "source_record_id": "CWC_Ganga_at_Patna_20260924_195747",
        "event_type": "flood",
        "timestamp": "2026-09-24T19:57:47.233995",
        "valid_from": "2026-09-24T19:57:47.233995",
        "valid_until": "2026-09-24T20:57:47.233995",
        "river_name": "Ganga",
        "water_level": 12.56,
        "is_flood": false,
        "severity": "low",
        "description": "Flood observation on Ganga: Water level 12.56m, Normal"
      },
      "geometry": {
        "type": "Point",
        "coordinates": [
          85.1376,
          25.5941
        ]
      }
    },
    {
      "type": "Feature",
      "properties": {
        "source": "CWC",
        "source_record_id": "CWC_Brahmaputra_at_Guwahati_20260924_195747",
        "event_type": "flood",
        "timestamp": "2026-09-24T19:57:47.233995",
        "valid_from": "2026-09-24T19:57:47.233995",
        "valid_until": "2026-09-24T20:57:47.233995",
        "river_name": "Brahmaputra",
        "water_level": 6.96,
        "is_flood": false,
        "severity": "low",
        "description": "Flood observation on Brahmaputra: Water level 6.96m, Normal"
      },
      "geometry": {
        "type": "Point",
        "coordinates": [
          91.7362,
          26.1445
        ]
      }
    },
    {
      "type": "Feature",
      "properties": {
        "source": "CWC",
        "source_record_id": "CWC_Barak_at_Badarpurghat_20260924_195747",
        "event_type": "flood",
        "timestamp": "2026-09-24T19:57:47.233995",
        "valid_from": "2026-09-24T19:57:47.233995",
        "valid_until": "2026-09-24T20:57:47.233995",
        "river_name": "Barak",
        "water_level": 9.98,
        "is_flood": false,
        "severity": "low",
        "description": "Flood observation on Barak: Water level 9.98m, Normal"
      },
      "geometry": {
        "type": "Point",
        "coordinates": [
          92.15,
          24.8833
        ]
      }
    },
    {
      "type": "Feature",
      "properties": {
        "source": "CWC",
        "source_record_id": "CWC_Godavari_at_Nashik_20260924_195747",
        "event_type": "flood",
        "timestamp": "2026-09-24T19:57:47.233995",
        "valid_from": "2026-09-24T19:57:47.233995",
        "valid_until": "2026-09-24T20:57:47.233995",
        "river_name": "Godavari",
        "water_level": 5.97,
        "is_flood": false,
        "severity": "low",
        "description": "Flood observation on Godavari: Water level 5.97m, Normal"
      },
      "geometry": {
        "type": "Point",
        "coordinates": [
          73.7898,
          20.0059
        ]
      }
    },
    {
      "type": "Feature",
      "properties": {
        "source": "CWC",
        "source_record_id": "CWC_Krishna_at_Vijayawada_20260924_195747",
        "event_type": "flood",
        "timestamp": "2026-09-24T19:57:47.233995",
        "valid_from": "2026-09-24T19:57:47.233995",
        "valid_until": "2026-09-24T20:57:47.233995",
        "river_name": "Krishna",
        "water_level": 6.52,
        "is_flood": false,
        "severity": "low",
        "description": "Flood observation on Krishna: Water level 6.52m, Normal"
      },
      "geometry": {
        "type": "Point",
        "coordinates": [
          80.648,
          16.5062
        ]
      }
    },
    {
      "type": "Feature",
      "properties": {
        "source": "CWC",
        "source_record_id": "CWC_Ganga_at_Patna_20260924_205747",
        "event_type": "flood",
        "timestamp": "2026-09-24T20:57:47.233995",
        "valid_from": "2026-09-24T20:57:47.233995",
        "valid_until": "2026-09-24T21:57:47.233995",
        "river_name": "Ganga",
        "water_level": 11.04,
        "is_flood": false,
        "severity": "low",
        "description": "Flood observation on Ganga: Water level 11.04m, Normal"
      },
      "geometry": {
        "type": "Point",
        "coordinates": [
          85.1376,
          25.5941
        ]
      }
    },
    {
      "type": "Feature",
      "properties": {
        "source": "CWC",
        "source_record_id": "CWC_Brahmaputra_at_Guwahati_20260924_205747",
        "event_type": "flood",
        "timestamp": "2026-09-24T20:57:47.233995",
        "valid_from": "2026-09-24T20:57:47.233995",
        "valid_until": "2026-09-24T21:57:47.233995",
        "river_name": "Brahmaputra",
        "water_level": 14.37,
        "is_flood": false,
        "severity": "low",
        "description": "Flood observation on Brahmaputra: Water level 14.37m, Normal"
      },
      "geometry": {
        "type": "Point",
        "coordinates": [
          91.7362,
          26.1445
        ]
      }
    },
    {
      "type": "Feature",
      "properties": {
        "source": "CWC",
        "source_record_id": "CWC_Barak_at_Badarpurghat_20260924_205747",
        "event_type": "flood",
        "timestamp": "2026-09-24T20:57:47.233995",
        "valid_from": "2026-09-24T20:57:47.233995",
        "valid_until": "2026-09-24T21:57:47.233995",
        "river_name": "Barak",
        "water_level": 6.88,
        "is_flood": false,
        "severity": "low",
        "description": "Flood observation on Barak: Water level 6.88m, Normal"
      },
      "geometry": {
        "type": "Point",
        "coordinates": [
          92.15,
          24.8833
        ]
      }
    },
    {
      "type": "Feature",
      "properties": {
        "source": "CWC",
        "source_record_id": "CWC_Godavari_at_Nashik_20260924_205747",
        "event_type": "flood",
        "timestamp": "2026-09-24T20:57:47.233995",
        "valid_from": "2026-09-24T20:57:47.233995",
        "valid_until": "2026-09-24T21:57:47.233995",
        "river_name": "Godavari",
        "water_level": 23.16,
        "is_flood": true,
        "severity": "severe",
        "description": "Flood observation on Godavari: Water level 23.16m, Flood conditions"
      },
      "geometry": {
        "type": "Point",
        "coordinates": [
          73.7898,
          20.0059
        ]
      }
    },
    {
      "type": "Feature",
      "properties": {
        "source": "CWC",
        "source_record_id": "CWC_Krishna_at_Vijayawada_20260924_205747",
        "event_type": "flood",
        "timestamp": "2026-09-24T20:57:47.233995",
        "valid_from": "2026-09-24T20:57:47.233995",
        "valid_until": "2026-09-24T21:57:47.233995",
        "river_name": "Krishna",
        "water_level": 7.75,
        "is_flood": false,
        "severity": "low",
        "description": "Flood observation on Krishna: Water level 7.75m, Normal"
      },
      "geometry": {
        "type": "Point",
        "coordinates": [
          80.648,
          16.5062
        ]
      }
    },
    {
      "type": "Feature",
      "properties": {
        "source": "CWC",
        "source_record_id": "CWC_Ganga_at_Patna_20260924_215747",
        "event_type": "flood",
        "timestamp": "2026-09-24T21:57:47.233995",
        "valid_from": "2026-09-24T21:57:47.233995",
        "valid_until": "2026-09-24T22:57:47.233995",
        "river_name": "Ganga",
        "water_level": 14.88,
        "is_flood": false,
        "severity": "low",
        "description": "Flood observation on Ganga: Water level 14.88m, Normal"
      },
      "geometry": {
        "type": "Point",
        "coordinates": [
          85.1376,
          25.5941
        ]
      }
    },
    {
      "type": "Feature",
      "properties": {
        "source": "CWC",
        "source_record_id": "CWC_Brahmaputra_at_Guwahati_20260924_215747",
        "event_type": "flood",
        "timestamp": "2026-09-24T21:57:47.233995",
        "valid_from": "2026-09-24T21:57:47.233995",
        "valid_until": "2026-09-24T22:57:47.233995",
        "river_name": "Brahmaputra",
        "water_level": 6.63,
        "is_flood": false,
        "severity": "low",
        "description": "Flood observation on Brahmaputra: Water level 6.63m, Normal"
      },
      "geometry": {
        "type": "Point",
        "coordinates": [
          91.7362,
          26.1445
        ]
      }
    },
    {
      "type": "Feature",
      "properties": {
        "source": "CWC",
        "source_record_id": "CWC_Barak_at_Badarpurghat_20260924_215747",
        "event_type": "flood",
        "timestamp": "2026-09-24T21:57:47.233995",
        "valid_from": "2026-09-24T21:57:47.233995",
        "valid_until": "2026-09-24T22:57:47.233995",
        "river_name": "Barak",
        "water_level": 7.24,
        "is_flood": false,
        "severity": "low",
        "description": "Flood observation on Barak: Water level 7.24m, Normal"
      },
      "geometry": {
        "type": "Point",
        "coordinates": [
          92.15,
          24.8833
        ]
      }
    },
    {
      "type": "Feature",
      "properties": {
        "source": "CWC",
        "source_record_id": "CWC_Godavari_at_Nashik_20260924_215747",
        "event_type": "flood",
        "timestamp": "2026-09-24T21:57:47.233995",
        "valid_from": "2026-09-24T21:57:47.233995",
        "valid_until": "2026-09-24T22:57:47.233995",
        "river_name": "Godavari",
        "water_level": 17.88,
        "is_flood": false,
        "severity": "low",
        "description": "Flood observation on Godavari: Water level 17.88m, Normal"
      },
      "geometry": {
        "type": "Point",
        "coordinates": [
          73.7898,
          20.0059
        ]
      }
    },
    {
      "type": "Feature",
      "properties": {
        "source": "CWC",
        "source_record_id": "CWC_Krishna_at_Vijayawada_20260924_215747",
        "event_type": "flood",
        "timestamp": "2026-09-24T21:57:47.233995",
        "valid_from": "2026-09-24T21:57:47.233995",
        "valid_until": "2026-09-24T22:57:47.233995",
        "river_name": "Krishna",
        "water_level": 8.07,
        "is_flood": false,
        "severity": "low",
        "description": "Flood observation on Krishna: Water level 8.07m, Normal"
      },
      "geometry": {
        "type": "Point",
        "coordinates": [
          80.648,
          16.5062
        ]
      }
    },
    {
      "type": "Feature",
      "properties": {
        "source": "CWC",
        "source_record_id": "CWC_Ganga_at_Patna_20260924_225747",
        "event_type": "flood",
        "timestamp": "2026-09-24T22:57:47.233995",
        "valid_from": "2026-09-24T22:57:47.233995",
        "valid_until": "2026-09-24T23:57:47.233995",
        "river_name": "Ganga",
        "water_level": 8.88,
        "is_flood": false,
        "severity": "low",
        "description": "Flood observation on Ganga: Water level 8.88m, Normal"
      },
      "geometry": {
        "type": "Point",
        "coordinates": [
          85.1376,
          25.5941
        ]
      }
    },
    {
      "type": "Feature",
      "properties": {
        "source": "CWC",
        "source_record_id": "CWC_Brahmaputra_at_Guwahati_20260924_225747",
        "event_type": "flood",
        "timestamp": "2026-09-24T22:57:47.233995",
        "valid_from": "2026-09-24T22:57:47.233995",
        "valid_until": "2026-09-24T23:57:47.233995",
        "river_name": "Brahmaputra",
        "water_level": 18.64,
        "is_flood": false,
        "severity": "moderate",
        "description": "Flood observation on Brahmaputra: Water level 18.64m, Normal"
      },
      "geometry": {
        "type": "Point",
        "coordinates": [
          91.7362,
          26.1445
        ]
      }
    },
    {
      "type": "Feature",
      "properties": {
        "source": "CWC",
        "source_record_id": "CWC_Barak_at_Badarpurghat_20260924_225747",
        "event_type": "flood",
        "timestamp": "2026-09-24T22:57:47.233995",
        "valid_from": "2026-09-24T22:57:47.233995",
        "valid_until": "2026-09-24T23:57:47.233995",
        "river_name": "Barak",
        "water_level": 17.05,
        "is_flood": false,
        "severity": "low",
        "description": "Flood observation on Barak: Water level 17.05m, Normal"
      },
      "geometry": {
        "type": "Point",
        "coordinates": [
          92.15,
          24.8833
        ]
      }
    },
    {
      "type": "Feature",
      "properties": {
        "source": "CWC",
        "source_record_id": "CWC_Godavari_at_Nashik_20260924_225747",
        "event_type": "flood",
        "timestamp": "2026-09-24T22:57:47.233995",
        "valid_from": "2026-09-24T22:57:47.233995",
        "valid_until": "2026-09-24T23:57:47.233995",
        "river_name": "Godavari",
        "water_level": 19.49,
        "is_flood": false,
        "severity": "moderate",
        "description": "Flood observation on Godavari: Water level 19.49m, Normal"
      },
      "geometry": {
        "type": "Point",
        "coordinates": [
          73.7898,
          20.0059
        ]
      }
    },
    {
      "type": "Feature",
      "properties": {
        "source": "CWC",
        "source_record_id": "CWC_Krishna_at_Vijayawada_20260924_225747",
        "event_type": "flood",
        "timestamp": "2026-09-24T22:57:47.233995",
        "valid_from": "2026-09-24T22:57:47.233995",
        "valid_until": "2026-09-24T23:57:47.233995",
        "river_name": "Krishna",
        "water_level": 17.56,
        "is_flood": false,
        "severity": "low",
        "description": "Flood observation on Krishna: Water level 17.56m, Normal"
      },
      "geometry": {
        "type": "Point",
        "coordinates": [
          80.648,
          16.5062
        ]
      }
    },
    {
      "type": "Feature",
      "properties": {
        "source": "CWC",
        "source_record_id": "CWC_Ganga_at_Patna_20260924_235747",
        "event_type": "flood",
        "timestamp": "2026-09-24T23:57:47.233995",
        "valid_from": "2026-09-24T23:57:47.233995",
        "valid_until": "2026-09-25T00:57:47.233995",
        "river_name": "Ganga",
        "water_level": 22.97,
        "is_flood": true,
        "severity": "severe",
        "description": "Flood observation on Ganga: Water level 22.97m, Flood conditions"
      },
      "geometry": {
        "type": "Point",
        "coordinates": [
          85.1376,
          25.5941
        ]
      }
    },
    {
      "type": "Feature",
      "properties": {
        "source": "CWC",
        "source_record_id": "CWC_Brahmaputra_at_Guwahati_20260924_235747",
        "event_type": "flood",
        "timestamp": "2026-09-24T23:57:47.233995",
        "valid_from": "2026-09-24T23:57:47.233995",
        "valid_until": "2026-09-25T00:57:47.233995",
        "river_name": "Brahmaputra",
        "water_level": 17.07,
        "is_flood": false,
        "severity": "low",
        "description": "Flood observation on Brahmaputra: Water level 17.07m, Normal"
      },
      "geometry": {
        "type": "Point",
        "coordinates": [
          91.7362,
          26.1445
        ]
      }
    },
    {
      "type": "Feature",
      "properties": {
        "source": "CWC",
        "source_record_id": "CWC_Barak_at_Badarpurghat_20260924_235747",
        "event_type": "flood",
        "timestamp": "2026-09-24T23:57:47.233995",
        "valid_from": "2026-09-24T23:57:47.233995",
        "valid_until": "2026-09-25T00:57:47.233995",
        "river_name": "Barak",
        "water_level": 24.82,
        "is_flood": true,
        "severity": "severe",
        "description": "Flood observation on Barak: Water level 24.82m, Flood conditions"
      },
      "geometry": {
        "type": "Point",
        "coordinates": [
          92.15,
          24.8833
        ]
      }
    },
    {
      "type": "Feature",
      "properties": {
        "source": "CWC",
        "source_record_id": "CWC_Godavari_at_Nashik_20260924_235747",
        "event_type": "flood",
        "timestamp": "2026-09-24T23:57:47.233995",
        "valid_from": "2026-09-24T23:57:47.233995",
        "valid_until": "2026-09-25T00:57:47.233995",
        "river_name": "Godavari",
        "water_level": 21.09,
        "is_flood": true,
        "severity": "high",
        "description": "Flood observation on Godavari: Water level 21.09m, Flood conditions"
      },
      "geometry": {
        "type": "Point",
        "coordinates": [
          73.7898,
          20.0059
        ]
      }
    },
    {
      "type": "Feature",
      "properties": {
        "source": "CWC",
        "source_record_id": "CWC_Krishna_at_Vijayawada_20260924_235747",
        "event_type": "flood",
        "timestamp": "2026-09-24T23:57:47.233995",
        "valid_from": "2026-09-24T23:57:47.233995",
        "valid_until": "2026-09-25T00:57:47.233995",
        "river_name": "Krishna",
        "water_level": 9.99,
        "is_flood": false,
        "severity": "low",
        "description": "Flood observation on Krishna: Water level 9.99m, Normal"
      },
      "geometry": {
        "type": "Point",
        "coordinates": [
          80.648,
          16.5062
        ]
      }
    },
    {
      "type": "Feature",
      "properties": {
        "source": "CWC",
        "source_record_id": "CWC_Ganga_at_Patna_20260925_005747",
        "event_type": "flood",
        "timestamp": "2026-09-25T00:57:47.233995",
        "valid_from": "2026-09-25T00:57:47.233995",
        "valid_until": "2026-09-25T01:57:47.233995",
        "river_name": "Ganga",
        "water_level": 11.92,
        "is_flood": false,
        "severity": "low",
        "description": "Flood observation on Ganga: Water level 11.92m, Normal"
      },
      "geometry": {
        "type": "Point",
        "coordinates": [
          85.1376,
          25.5941
        ]
      }
    },
    {
      "type": "Feature",
      "properties": {
        "source": "CWC",
        "source_record_id": "CWC_Brahmaputra_at_Guwahati_20260925_005747",
        "event_type": "flood",
        "timestamp": "2026-09-25T00:57:47.233995",
        "valid_from": "2026-09-25T00:57:47.233995",
        "valid_until": "2026-09-25T01:57:47.233995",
        "river_name": "Brahmaputra",
        "water_level": 18.45,
        "is_flood": false,
        "severity": "moderate",
        "description": "Flood observation on Brahmaputra: Water level 18.45m, Normal"
      },
      "geometry": {
        "type": "Point",
        "coordinates": [
          91.7362,
          26.1445
        ]
      }
    },
    {
      "type": "Feature",
      "properties": {
        "source": "CWC",
        "source_record_id": "CWC_Barak_at_Badarpurghat_20260925_005747",
        "event_type": "flood",
        "timestamp": "2026-09-25T00:57:47.233995",
        "valid_from": "2026-09-25T00:57:47.233995",
        "valid_until": "2026-09-25T01:57:47.233995",
        "river_name": "Barak",
        "water_level": 15.68,
        "is_flood": false,
        "severity": "low",
        "description": "Flood observation on Barak: Water level 15.68m, Normal"
      },
      "geometry": {
        "type": "Point",
        "coordinates": [
          92.15,
          24.8833
        ]
      }
    },
    {
      "type": "Feature",
      "properties": {
        "source": "CWC",
        "source_record_id": "CWC_Godavari_at_Nashik_20260925_005747",
        "event_type": "flood",
        "timestamp": "2026-09-25T00:57:47.233995",
        "valid_from": "2026-09-25T00:57:47.233995",
        "valid_until": "2026-09-25T01:57:47.233995",
        "river_name": "Godavari",
        "water_level": 6.11,
        "is_flood": false,
        "severity": "low",
        "description": "Flood observation on Godavari: Water level 6.11m, Normal"
      },
      "geometry": {
        "type": "Point",
        "coordinates": [
          73.7898,
          20.0059
        ]
      }
    },
    {
      "type": "Feature",
      "properties": {
        "source": "CWC",
        "source_record_id": "CWC_Krishna_at_Vijayawada_20260925_005747",
        "event_type": "flood",
        "timestamp": "2026-09-25T00:57:47.233995",
        "valid_from": "2026-09-25T00:57:47.233995",
        "valid_until": "2026-09-25T01:57:47.233995",
        "river_name": "Krishna",
        "water_level": 7.89,
        "is_flood": false,
        "severity": "low",
        "description": "Flood observation on Krishna: Water level 7.89m, Normal"
      },
      "geometry": {
        "type": "Point",
        "coordinates": [
          80.648,
          16.5062
        ]
      }
    }
  ],
  "snapshotDate": "2026-09-24T20:27:47.233995Z",
  "count": 240
}