{
  "type": "FeatureCollection",
  "features": [
    {
      "type": "Feature",
      "properties": {
        "source": "GSI",
        "source_record_id": "GSI_Darjeeling_West_Bengal_20260918_015747",
        "event_type": "geological",
        "timestamp": "2026-09-18T01:57:47.211279",
        "valid_from": "2026-09-18T01:57:47.211279",
        "valid_until": "2026-09-18T07:57:47.211279",
        "location_name": "Darjeeling, West Bengal",
        "risk_zone": "high",
        "event_type_detail": null,
        "severity": null,
        "description": "Normal geological conditions"
      },
      "geometry": {
        "type": "Point",
        "coordinates": [
          88.2627,
          27.036
        ]
      }
    },
    {
      "type": "Feature",
      "properties": {
        "source": "GSI",
        "source_record_id": "GSI_Uttarakhand_(Rudraprayag)_20260918_015747",
        "event_type": "geological",
        "timestamp": "2026-09-18T01:57:47.211279",
        "valid_from": "2026-09-18T01:57:47.211279",
        "valid_until": "2026-09-18T07:57:47.211279",
        "location_name": "Uttarakhand (Rudraprayag)",
        "risk_zone": "high",
        "event_type_detail": null,
        "severity": null,
        "description": "Normal geological conditions"
      },
      "geometry": {
        "type": "Point",
        "coordinates": [
          88.9776,
          30.2865
        ]
      }
    },
    {
      "type": "Feature",
      "properties": {
        "source": "GSI",
        "source_record_id": "GSI_Himachal_Pradesh_(Mandi)_20260918_015747",
        "event_type": "geological",
        "timestamp": "2026-09-18T01:57:47.211279",
        "valid_from": "2026-09-18T01:57:47.211279",
        "valid_until": "2026-09-18T07:57:47.211279",
        "location_name": "Himachal Pradesh (Mandi)",
        "risk_zone": "medium",
        "event_type_detail": null,
        "severity": null,
        "description": "Normal geological conditions"
      },
      "geometry": {
        "type": "Point",
        "coordinates": [
          76.9366,
          31.7084
        ]
      }
    },
    {
      "type": "Feature",
      "properties": {
        "source": "GSI",
        "source_record_id": "GSI_Sikkim_(Gangtok)_20260918_015747",
        "event_type": "geological",
        "timestamp": "2026-09-18T01:57:47.211279",
        "valid_from": "2026-09-18T01:57:47.211279",
        "valid_until": "2026-09-18T07:57:47.211279",
        "location_name": "Sikkim (Gangtok)",
        "risk_zone": "high",
        "event_type_detail": null,
        "severity": null,
        "description": "Normal geological conditions"
      },
      "geometry": {
        "type": "Point",
        "coordinates": [
          88.6065,
          27.3389
        ]
      }
    },
    {
      "type": "Feature",
      "properties": {
        "source": "GSI",
        "source_record_id": "GSI_Assam_(Guwahati)_20260918_015747",
        "event_type": "geological",
        "timestamp": "2026-09-18T01:57:47.211279",
        "valid_from": "2026-09-18T01:57:47.211279",
        "valid_until": "2026-09-18T07:57:47.211279",
        "location_name": "Assam (Guwahati)",
        "risk_zone": "medium",
        "event_type_detail": null,
        "severity": null,
        "description": "Normal geological conditions"
      },
      "geometry": {
        "type": "Point",
        "coordinates": [
          91.7362,
          26.1445
        ]
      }
    },
    {
      "type": "Feature",
      "properties": {
        "source": "GSI",
        "source_record_id": "GSI_Darjeeling_West_Bengal_20260918_025747",
        "event_type": "geological",
        "timestamp": "2026-09-18T02:57:47.211279",
        "valid_from": "2026-09-18T02:57:47.211279",
        "valid_until": "2026-09-18T08:57:47.211279",
        "location_name": "Darjeeling, West Bengal",
        "risk_zone": "high",
        "event_type_detail": null,
        "severity": null,
        "description": "Normal geological conditions"
      },
      "geometry": {
        "type": "Point",
        "coordinates": [
          88.2627,
          27.036
        ]
      }
    },
    {
      "type": "Feature",
      "properties": {
        "source": "GSI",
        "source_record_id": "GSI_Uttarakhand_(Rudraprayag)_20260918_025747",
        "event_type": "geological",
        "timestamp": "2026-09-18T02:57:47.211279",
        "valid_from": "2026-09-18T02:57:47.211279",
        "valid_until": "2026-09-18T08:57:47.211279",
        "location_name": "Uttarakhand (Rudraprayag)",
        "risk_zone": "high",
        "event_type_detail": null,
        "severity": null,
        "description": "Normal geological conditions"
      },
      "geometry": {
        "type": "Point",
        "coordinates": [
          88.9776,
          30.2865
        ]
      }
    },
    {
      "type": "Feature",
      "properties": {
        "source": "GSI",
        "source_record_id": "GSI_Himachal_Pradesh_(Mandi)_20260918_025747",
        "event_type": "geological",
        "timestamp": "2026-09-18T02:57:47.211279",
        "valid_from": "2026-09-18T02:57:47.211279",
        "valid_until": "2026-09-18T08:57:47.211279",
        "location_name": "Himachal Pradesh (Mandi)",
        "risk_zone": "medium",
        "event_type_detail": null,
        "severity": null,
        "description": "Normal geological conditions"
      },
      "geometry": {
        "type": "Point",
        "coordinates": [
          76.9366,
          31.7084
        ]
      }
    },
    {
      "type": "Feature",
      "properties": {
        "source": "GSI",
        "source_record_id": "GSI_Sikkim_(Gangtok)_20260918_025747",
        "event_type": "geological",
        "timestamp": "2026-09-18T02:57:47.211279",
        "valid_from": "2026-09-18T02:57:47.211279",
        "valid_until": "2026-09-18T08:57:47.211279",
        "location_name": "Sikkim (Gangtok)",
        "risk_zone": "high",
        "event_type_detail": null,
        "severity": null,
        "description": "Normal geological conditions"
      },
      "geometry": {
        "type": "Point",
        "coordinates": [
          88.6065,
          27.3389
        ]
      }
    },
    {
      "type": "Feature",
      "properties": {
        "source": "GSI",
        "source_record_id": "GSI_Assam_(Guwahati)_20260918_025747",
        "event_type": "geological",
        "timestamp": "2026-09-18T02:57:47.211279",
        "valid_from": "2026-09-18T02:57:47.211279",
        "valid_until": "2026-09-18T08:57:47.211279",
        "location_name": "Assam (Guwahati)",
        "risk_zone": "medium",
        "event_type_detail": null,
        "severity": null,
        "description": "Normal geological conditions"
      },
      "geometry": {
        "type": "Point",
        "coordinates": [
          91.7362,
          26.1445
        ]
      }
    },
    {
      "type": "Feature",
      "properties": {
        "source": "GSI",
        "source_record_id": "GSI_Darjeeling_West_Bengal_20260918_035747",
        "event_type": "geological",
        "timestamp": "2026-09-18T03:57:47.211279",
        "valid_from": "2026-09-18T03:57:47.211279",
        "valid_until": "2026-09-18T09:57:47.211279",
        "location_name": "Darjeeling, West Bengal",
        "risk_zone": "high",
        "event_type_detail": null,
        "severity": null,
        "description": "Normal geological conditions"
      },
      "geometry": {
        "type": "Point",
        "coordinates": [
          88.2627,
          27.036
        ]
      }
    },
    {
      "type": "Feature",
      "properties": {
        "source": "GSI",
        "source_record_id": "GSI_Uttarakhand_(Rudraprayag)_20260918_035747",
        "event_type": "geological",
        "timestamp": "2026-09-18T03:57:47.211279",
        "valid_from": "2026-09-18T03:57:47.211279",
        "valid_until": "2026-09-18T09:57:47.211279",
        "location_name": "Uttarakhand (Rudraprayag)",
        "risk_zone": "high",
        "event_type_detail": null,
        "severity": null,
        "description": "Normal geological conditions"
      },
      "geometry": {
        "type": "Point",
        "coordinates": [
          88.9776,
          30.2865
        ]
      }
    },
    {
      "type": "Feature",
      "properties": {
        "source": "GSI",
        "source_record_id": "GSI_Himachal_Pradesh_(Mandi)_20260918_035747",
        "event_type": "geological",
        "timestamp": "2026-09-18T03:57:47.211279",
        "valid_from": "2026-09-18T03:57:47.211279",
        "valid_until": "2026-09-18T09:57:47.211279",
        "location_name": "Himachal Pradesh (Mandi)",
        "risk_zone": "medium",
        "event_type_detail": null,
        "severity": null,
        "description": "Normal geological conditions"
      },
      "geometry": {
        "type": "Point",
        "coordinates": [
          76.9366,
          31.7084
        ]
      }
    },
    {
      "type": "Feature",
      "properties": {
        "source": "GSI",
        "source_record_id": "GSI_Sikkim_(Gangtok)_20260918_035747",
        "event_type": "geological",
        "timestamp": "2026-09-18T03:57:47.211279",
        "valid_from": "2026-09-18T03:57:47.211279",
        "valid_until": "2026-09-18T09:57:47.211279",
        "location_name": "Sikkim (Gangtok)",
        "risk_zone": "high",
        "event_type_detail": null,
        "severity": null,
        "description": "Normal geological conditions"
      },
      "geometry": {
        "type": "Point",
        "coordinates": [
          88.6065,
          27.3389
        ]
      }
    },
    {
      "type": "Feature",
      "properties": {
        "source": "GSI",
        "source_record_id": "GSI_Assam_(Guwahati)_20260918_035747",
        "event_type": "geological",
        "timestamp": "2026-09-18T03:57:47.211279",
        "valid_from": "2026-09-18T03:57:47.211279",
        "valid_until": "2026-09-18T09:57:47.211279",
        "location_name": "Assam (Guwahati)",
        "risk_zone": "medium",
        "event_type_detail": null,
        "severity": null,
        "description": "Normal geological conditions"
      },
      "geometry": {
        "type": "Point",
        "coordinates": [
          91.7362,
          26.1445
        ]
      }
    },
    {
      "type": "Feature",
      "properties": {
        "source": "GSI",
        "source_record_id": "GSI_Darjeeling_West_Bengal_20260918_045747",
        "event_type": "geological",
        "timestamp": "2026-09-18T04:57:47.211279",
        "valid_from": "2026-09-18T04:57:47.211279",
        "valid_until": "2026-09-18T10:57:47.211279",
        "location_name": "Darjeeling, West Bengal",
        "risk_zone": "high",
        "event_type_detail": null,
        "severity": null,
        "description": "Normal geological conditions"
      },
      "geometry": {
        "type": "Point",
        "coordinates": [
          88.2627,
          27.036
        ]
      }
    },
    {
      "type": "Feature",
      "properties": {
        "source": "GSI",
        "source_record_id": "GSI_Uttarakhand_(Rudraprayag)_20260918_045747",
        "event_type": "geological",
        "timestamp": "2026-09-18T04:57:47.211279",
        "valid_from": "2026-09-18T04:57:47.211279",
        "valid_until": "2026-09-18T10:57:47.211279",
        "location_name": "Uttarakhand (Rudraprayag)",
        "risk_zone": "high",
        "event_type_detail": null,
        "severity": null,
        "description": "Normal geological conditions"
      },
      "geometry": {
        "type": "Point",
        "coordinates": [
          88.9776,
          30.2865
        ]
      }
    },
    {
      "type": "Feature",
      "properties": {
        "source": "GSI",
        "source_record_id": "GSI_Himachal_Pradesh_(Mandi)_20260918_045747",
        "event_type": "geological",
        "timestamp": "2026-09-18T04:57:47.211279",
        "valid_from": "2026-09-18T04:57:47.211279",
        "valid_until": "2026-09-18T10:57:47.211279",
        "location_name": "Himachal Pradesh (Mandi)",
        "risk_zone": "medium",
        "event_type_detail": null,
        "severity": null,
        "description": "Normal geological conditions"
      },
      "geometry": {
        "type": "Point",
        "coordinates": [
          76.9366,
          31.7084
        ]
      }
    },
    {
      "type": "Feature",
      "properties": {
        "source": "GSI",
        "source_record_id": "GSI_Sikkim_(Gangtok)_20260918_045747",
        "event_type": "geological",
        "timestamp": "2026-09-18T04:57:47.211279",
        "valid_from": "2026-09-18T04:57:47.211279",
        "valid_until": "2026-09-18T10:57:47.211279",
        "location_name": "Sikkim (Gangtok)",
        "risk_zone": "high",
        "event_type_detail": null,
        "severity": null,
        "description": "Normal geological conditions"
      },
      "geometry": {
        "type": "Point",
        "coordinates": [
          88.6065,
          27.3389
        ]
      }
    },
    {
      "type": "Feature",
      "properties": {
        "source": "GSI",
        "source_record_id": "GSI_Assam_(Guwahati)_20260918_045747",
        "event_type": "geological",
        "timestamp": "2026-09-18T04:57:47.211279",
        "valid_from": "2026-09-18T04:57:47.211279",
        "valid_until": "2026-09-18T10:57:47.211279",
        "location_name": "Assam (Guwahati)",
        "risk_zone": "medium",
        "event_type_detail": null,
        "severity": null,
        "description": "Normal geological conditions"
      },
      "geometry": {
        "type": "Point",
        "coordinates": [
          91.7362,
          26.1445
        ]
      }
    },
    {
      "type": "Feature",
      "properties": {
        "source": "GSI",
        "source_record_id": "GSI_Darjeeling_West_Bengal_20260918_055747",
        "event_type": "geological",
        "timestamp": "2026-09-18T05:57:47.211279",
        "valid_from": "2026-09-18T05:57:47.211279",
        "valid_until": "2026-09-18T11:57:47.211279",
        "location_name": "Darjeeling, West Bengal",
        "risk_zone": "high",
        "event_type_detail": null,
        "severity": null,
        "description": "Normal geological conditions"
      },
      "geometry": {
        "type": "Point",
        "coordinates": [
          88.2627,
          27.036
        ]
      }
    },
    {
      "type": "Feature",
      "properties": {
        "source": "GSI",
        "source_record_id": "GSI_Uttarakhand_(Rudraprayag)_20260918_055747",
        "event_type": "geological",
        "timestamp": "2026-09-18T05:57:47.211279",
        "valid_from": "2026-09-18T05:57:47.211279",
        "valid_until": "2026-09-18T11:57:47.211279",
        "location_name": "Uttarakhand (Rudraprayag)",
        "risk_zone": "high",
        "event_type_detail": null,
        "severity": null,
        "description": "Normal geological conditions"
      },
      "geometry": {
        "type": "Point",
        "coordinates": [
          88.9776,
          30.2865
        ]
      }
    },
    {
      "type": "Feature",
      "properties": {
        "source": "GSI",
        "source_record_id": "GSI_Himachal_Pradesh_(Mandi)_20260918_055747",
        "event_type": "geological",
        "timestamp": "2026-09-18T05:57:47.211279",
        "valid_from": "2026-09-18T05:57:47.211279",
        "valid_until": "2026-09-18T11:57:47.211279",
        "location_name": "Himachal Pradesh (Mandi)",
        "risk_zone": "medium",
        "event_type_detail": null,
        "severity": null,
        "description": "Normal geological conditions"
      },
      "geometry": {
        "type": "Point",
        "coordinates": [
          76.9366,
          31.7084
        ]
      }
    },
    {
      "type": "Feature",
      "properties": {
        "source": "GSI",
        "source_record_id": "GSI_Sikkim_(Gangtok)_20260918_055747",
        "event_type": "geological",
        "timestamp": "2026-09-18T05:57:47.211279",
        "valid_from": "2026-09-18T05:57:47.211279",
        "valid_until": "2026-09-18T11:57:47.211279",
        "location_name": "Sikkim (Gangtok)",
        "risk_zone": "high",
        "event_type_detail": null,
        "severity": null,
        "description": "Normal geological conditions"
      },
      "geometry": {
        "type": "Point",
        "coordinates": [
          88.6065,
          27.3389
        ]
      }
    },
    {
      "type": "Feature",
      "properties": {
        "source": "GSI",
        "source_record_id": "GSI_Assam_(Guwahati)_20260918_055747",
        "event_type": "geological",
        "timestamp": "2026-09-18T05:57:47.211279",
        "valid_from": "2026-09-18T05:57:47.211279",
        "valid_until": "2026-09-18T11:57:47.211279",
        "location_name": "Assam (Guwahati)",
        "risk_zone": "medium",
        "event_type_detail": null,
        "severity": null,
        "description": "Normal geological conditions"
      },
      "geometry": {
        "type": "Point",
        "coordinates": [
          91.7362,
          26.1445
        ]
      }
    },
    {
      "type": "Feature",
      "properties": {
        "source": "GSI",
        "source_record_id": "GSI_Darjeeling_West_Bengal_20260918_065747",
        "event_type": "geological",
        "timestamp": "2026-09-18T06:57:47.211279",
        "valid_from": "2026-09-18T06:57:47.211279",
        "valid_until": "2026-09-18T12:57:47.211279",
        "location_name": "Darjeeling, West Bengal",
        "risk_zone": "high",
        "event_type_detail": null,
        "severity": null,
        "description": "Normal geological conditions"
      },
      "geometry": {
        "type": "Point",
        "coordinates": [
          88.2627,
          27.036
        ]
      }
    },
    {
      "type": "Feature",
      "properties": {
        "source": "GSI",
        "source_record_id": "GSI_Uttarakhand_(Rudraprayag)_20260918_065747",
        "event_type": "geological",
        "timestamp": "2026-09-18T06:57:47.211279",
        "valid_from": "2026-09-18T06:57:47.211279",
        "valid_until": "2026-09-18T12:57:47.211279",
        "location_name": "Uttarakhand (Rudraprayag)",
        "risk_zone": "high",
        "event_type_detail": null,
        "severity": null,
        "description": "Normal geological conditions"
      },
      "geometry": {
        "type": "Point",
        "coordinates": [
          88.9776,
          30.2865
        ]
      }
    },
    {
      "type": "Feature",
      "properties": {
        "source": "GSI",
        "source_record_id": "GSI_Himachal_Pradesh_(Mandi)_20260918_065747",
        "event_type": "geological",
        "timestamp": "2026-09-18T06:57:47.211279",
        "valid_from": "2026-09-18T06:57:47.211279",
        "valid_until": "2026-09-18T12:57:47.211279",
        "location_name": "Himachal Pradesh (Mandi)",
        "risk_zone": "medium",
        "event_type_detail": null,
        "severity": null,
        "description": "Normal geological conditions"
      },
      "geometry": {
        "type": "Point",
        "coordinates": [
          76.9366,
          31.7084
        ]
      }
    },
    {
      "type": "Feature",
      "properties": {
        "source": "GSI",
        "source_record_id": "GSI_Sikkim_(Gangtok)_20260918_065747",
        "event_type": "geological",
        "timestamp": "2026-09-18T06:57:47.211279",
        "valid_from": "2026-09-18T06:57:47.211279",
        "valid_until": "2026-09-18T12:57:47.211279",
        "location_name": "Sikkim (Gangtok)",
        "risk_zone": "high",
        "event_type_detail": null,
        "severity": null,
        "description": "Normal geological conditions"
      },
      "geometry": {
        "type": "Point",
        "coordinates": [
          88.6065,
          27.3389
        ]
      }
    },
    {
      "type": "Feature",
      "properties": {
        "source": "GSI",
        "source_record_id": "GSI_Assam_(Guwahati)_20260918_065747",
        "event_type": "geological",
        "timestamp": "2026-09-18T06:57:47.211279",
        "valid_from": "2026-09-18T06:57:47.211279",
        "valid_until": "2026-09-18T12:57:47.211279",
        "location_name": "Assam (Guwahati)",
        "risk_zone": "medium",
        "event_type_detail": null,
        "severity": null,
        "description": "Normal geological conditions"
      },
      "geometry": {
        "type": "Point",
        "coordinates": [
          91.7362,
          26.1445
        ]
      }
    },
    {
      "type": "Feature",
      "properties": {
        "source": "GSI",
        "source_record_id": "GSI_Darjeeling_West_Bengal_20260918_075747",
        "event_type": "geological",
        "timestamp": "2026-09-18T07:57:47.211279",
        "valid_from": "2026-09-18T07:57:47.211279",
        "valid_until": "2026-09-18T13:57:47.211279",
        "location_name": "Darjeeling, West Bengal",
        "risk_zone": "high",
        "event_type_detail": "landslide",
        "severity": "medium",
        "description": "Landslide in Darjeeling, West Bengal"
      },
      "geometry": {
        "type": "Point",
        "coordinates": [
          88.2627,
          27.036
        ]
      }
    },
    {
      "type": "Feature",
      "properties": {
        "source": "GSI",
        "source_record_id": "GSI_Uttarakhand_(Rudraprayag)_20260918_075747",
        "event_type": "geological",
        "timestamp": "2026-09-18T07:57:47.211279",
        "valid_from": "2026-09-18T07:57:47.211279",
        "valid_until": "2026-09-18T13:57:47.211279",
        "location_name": "Uttarakhand (Rudraprayag)",
        "risk_zone": "high",
        "event_type_detail": "rockfall",
        "severity": "high",
        "description": "Rockfall in Uttarakhand (Rudraprayag)"
      },
      "geometry": {
        "type": "Point",
        "coordinates": [
          88.9776,
          30.2865
        ]
      }
    },
    {
      "type": "Feature",
      "properties": {
        "source": "GSI",
        "source_record_id": "GSI_Himachal_Pradesh_(Mandi)_20260918_075747",
        "event_type": "geological",
        "timestamp": "2026-09-18T07:57:47.211279",
        "valid_from": "2026-09-18T07:57:47.211279",
        "valid_until": "2026-09-18T13:57:47.211279",
        "location_name": "Himachal Pradesh (Mandi)",
        "risk_zone": "medium",
        "event_type_detail": null,
        "severity": null,
        "description": "Normal geological conditions"
      },
      "geometry": {
        "type": "Point",
        "coordinates": [
          76.9366,
          31.7084
        ]
      }
    },
    {
      "type": "Feature",
      "properties": {
        "source": "GSI",
        "source_record_id": "GSI_Sikkim_(Gangtok)_20260918_075747",
        "event_type": "geological",
        "timestamp": "2026-09-18T07:57:47.211279",
        "valid_from": "2026-09-18T07:57:47.211279",
        "valid_until": "2026-09-18T13:57:47.211279",
        "location_name": "Sikkim (Gangtok)",
        "risk_zone": "high",
        "event_type_detail": "rockfall",
        "severity": "low",
        "description": "Rockfall in Sikkim (Gangtok)"
      },
      "geometry": {
        "type": "Point",
        "coordinates": [
          88.6065,
          27.3389
        ]
      }
    },
    {
      "type": "Feature",
      "properties": {
        "source": "GSI",
        "source_record_id": "GSI_Assam_(Guwahati)_20260918_075747",
        "event_type": "geological",
        "timestamp": "2026-09-18T07:57:47.211279",
        "valid_from": "2026-09-18T07:57:47.211279",
        "valid_until": "2026-09-18T13:57:47.211279",
        "location_name": "Assam (Guwahati)",
        "risk_zone": "medium",
        "event_type_detail": null,
        "severity": null,
        "description": "Normal geological conditions"
      },
      "geometry": {
        "type": "Point",
        "coordinates": [
          91.7362,
          26.1445
        ]
      }
    },
    {
      "type": "Feature",
      "properties": {
        "source": "GSI",
        "source_record_id": "GSI_Darjeeling_West_Bengal_20260918_085747",
        "event_type": "geological",
        "timestamp": "2026-09-18T08:57:47.211279",
        "valid_from": "2026-09-18T08:57:47.211279",
        "valid_until": "2026-09-18T14:57:47.211279",
        "location_name": "Darjeeling, West Bengal",
        "risk_zone": "high",
        "event_type_detail": null,
        "severity": null,
        "description": "Normal geological conditions"
      },
      "geometry": {
        "type": "Point",
        "coordinates": [
          88.2627,
          27.036
        ]
      }
    },
    {
      "type": "Feature",
      "properties": {
        "source": "GSI",
        "source_record_id": "GSI_Uttarakhand_(Rudraprayag)_20260918_085747",
        "event_type": "geological",
        "timestamp": "2026-09-18T08:57:47.211279",
        "valid_from": "2026-09-18T08:57:47.211279",
        "valid_until": "2026-09-18T14:57:47.211279",
        "location_name": "Uttarakhand (Rudraprayag)",
        "risk_zone": "high",
        "event_type_detail": null,
        "severity": null,
        "description": "Normal geological conditions"
      },
      "geometry": {
        "type": "Point",
        "coordinates": [
          88.9776,
          30.2865
        ]
      }
    },
    {
      "type": "Feature",
      "properties": {
        "source": "GSI",
        "source_record_id": "GSI_Himachal_Pradesh_(Mandi)_20260918_085747",
        "event_type": "geological",
        "timestamp": "2026-09-18T08:57:47.211279",
        "valid_from": "2026-09-18T08:57:47.211279",
        "valid_until": "2026-09-18T14:57:47.211279",
        "location_name": "Himachal Pradesh (Mandi)",
        "risk_zone": "medium",
        "event_type_detail": null,
        "severity": null,
        "description": "Normal geological conditions"
      },
      "geometry": {
        "type": "Point",
        "coordinates": [
          76.9366,
          31.7084
        ]
      }
    },
    {
      "type": "Feature",
      "properties": {
        "source": "GSI",
        "source_record_id": "GSI_Sikkim_(Gangtok)_20260918_085747",
        "event_type": "geological",
        "timestamp": "2026-09-18T08:57:47.211279",
        "valid_from": "2026-09-18T08:57:47.211279",
        "valid_until": "2026-09-18T14:57:47.211279",
        "location_name": "Sikkim (Gangtok)",
        "risk_zone": "high",
        "event_type_detail": null,
        "severity": null,
        "description": "Normal geological conditions"
      },
      "geometry": {
        "type": "Point",
        "coordinates": [
          88.6065,
          27.3389
        ]
      }
    },
    {
      "type": "Feature",
      "properties": {
        "source": "GSI",
        "source_record_id": "GSI_Assam_(Guwahati)_20260918_085747",
        "event_type": "geological",
        "timestamp": "2026-09-18T08:57:47.211279",
        "valid_from": "2026-09-18T08:57:47.211279",
        "valid_until": "2026-09-18T14:57:47.211279",
        "location_name": "Assam (Guwahati)",
        "risk_zone": "medium",
        "event_type_detail": null,
        "severity": null,
        "description": "Normal geological conditions"
      },
      "geometry": {
        "type": "Point",
        "coordinates": [
          91.7362,
          26.1445
        ]
      }
    },
    {
      "type": "Feature",
      "properties": {
        "source": "GSI",
        "source_record_id": "GSI_Darjeeling_West_Bengal_20260918_095747",
        "event_type": "geological",
        "timestamp": "2026-09-18T09:57:47.211279",
        "valid_from": "2026-09-18T09:57:47.211279",
        "valid_until": "2026-09-18T15:57:47.211279",
        "location_name": "Darjeeling, West Bengal",
        "risk_zone": "high",
        "event_type_detail": null,
        "severity": null,
        "description": "Normal geological conditions"
      },
      "geometry": {
        "type": "Point",
        "coordinates": [
          88.2627,
          27.036
        ]
      }
    },
    {
      "type": "Feature",
      "properties": {
        "source": "GSI",
        "source_record_id": "GSI_Uttarakhand_(Rudraprayag)_20260918_095747",
        "event_type": "geological",
        "timestamp": "2026-09-18T09:57:47.211279",
        "valid_from": "2026-09-18T09:57:47.211279",
        "valid_until": "2026-09-18T15:57:47.211279",
        "location_name": "Uttarakhand (Rudraprayag)",
        "risk_zone": "high",
        "event_type_detail": null,
        "severity": null,
        "description": "Normal geological conditions"
      },
      "geometry": {
        "type": "Point",
        "coordinates": [
          88.9776,
          30.2865
        ]
      }
    },
    {
      "type": "Feature",
      "properties": {
        "source": "GSI",
        "source_record_id": "GSI_Himachal_Pradesh_(Mandi)_20260918_095747",
        "event_type": "geological",
        "timestamp": "2026-09-18T09:57:47.211279",
        "valid_from": "2026-09-18T09:57:47.211279",
        "valid_until": "2026-09-18T15:57:47.211279",
        "location_name": "Himachal Pradesh (Mandi)",
        "risk_zone": "medium",
        "event_type_detail": null,
        "severity": null,
        "description": "Normal geological conditions"
      },
      "geometry": {
        "type": "Point",
        "coordinates": [
          76.9366,
          31.7084
        ]
      }
    },
    {
      "type": "Feature",
      "properties": {
        "source": "GSI",
        "source_record_id": "GSI_Sikkim_(Gangtok)_20260918_095747",
        "event_type": "geological",
        "timestamp": "2026-09-18T09:57:47.211279",
        "valid_from": "2026-09-18T09:57:47.211279",
        "valid_until": "2026-09-18T15:57:47.211279",
        "location_name": "Sikkim (Gangtok)",
        "risk_zone": "high",
        "event_type_detail": null,
        "severity": null,
        "description": "Normal geological conditions"
      },
      "geometry": {
        "type": "Point",
        "coordinates": [
          88.6065,
          27.3389
        ]
      }
    },
    {
      "type": "Feature",
      "properties": {
        "source": "GSI",
        "source_record_id": "GSI_Assam_(Guwahati)_20260918_095747",
        "event_type": "geological",
        "timestamp": "2026-09-18T09:57:47.211279",
        "valid_from": "2026-09-18T09:57:47.211279",
        "valid_until": "2026-09-18T15:57:47.211279",
        "location_name": "Assam (Guwahati)",
        "risk_zone": "medium",
        "event_type_detail": null,
        "severity": null,
        "description": "Normal geological conditions"
      },
      "geometry": {
        "type": "Point",
        "coordinates": [
          91.7362,
          26.1445
        ]
      }
    },
    {
      "type": "Feature",
      "properties": {
        "source": "GSI",
        "source_record_id": "GSI_Darjeeling_West_Bengal_20260918_105747",
        "event_type": "geological",
        "timestamp": "2026-09-18T10:57:47.211279",
        "valid_from": "2026-09-18T10:57:47.211279",
        "valid_until": "2026-09-18T16:57:47.211279",
        "location_name": "Darjeeling, West Bengal",
        "risk_zone": "high",
        "event_type_detail": null,
        "severity": null,
        "description": "Normal geological conditions"
      },
      "geometry": {
        "type": "Point",
        "coordinates": [
          88.2627,
          27.036
        ]
      }
    },
    {
      "type": "Feature",
      "properties": {
        "source": "GSI",
        "source_record_id": "GSI_Uttarakhand_(Rudraprayag)_20260918_105747",
        "event_type": "geological",
        "timestamp": "2026-09-18T10:57:47.211279",
        "valid_from": "2026-09-18T10:57:47.211279",
        "valid_until": "2026-09-18T16:57:47.211279",
        "location_name": "Uttarakhand (Rudraprayag)",
        "risk_zone": "high",
        "event_type_detail": null,
        "severity": null,
        "description": "Normal geological conditions"
      },
      "geometry": {
        "type": "Point",
        "coordinates": [
          88.9776,
          30.2865
        ]
      }
    },
    {
      "type": "Feature",
      "properties": {
        "source": "GSI",
        "source_record_id": "GSI_Himachal_Pradesh_(Mandi)_20260918_105747",
        "event_type": "geological",
        "timestamp": "2026-09-18T10:57:47.211279",
        "valid_from": "2026-09-18T10:57:47.211279",
        "valid_until": "2026-09-18T16:57:47.211279",
        "location_name": "Himachal Pradesh (Mandi)",
        "risk_zone": "medium",
        "event_type_detail": null,
        "severity": null,
        "description": "Normal geological conditions"
      },
      "geometry": {
        "type": "Point",
        "coordinates": [
          76.9366,
          31.7084
        ]
      }
    },
    {
      "type": "Feature",
      "properties": {
        "source": "GSI",
        "source_record_id": "GSI_Sikkim_(Gangtok)_20260918_105747",
        "event_type": "geological",
        "timestamp": "2026-09-18T10:57:47.211279",
        "valid_from": "2026-09-18T10:57:47.211279",
        "valid_until": "2026-09-18T16:57:47.211279",
        "location_name": "Sikkim (Gangtok)",
        "risk_zone": "high",
        "event_type_detail": null,
        "severity": null,
        "description": "Normal geological conditions"
      },
      "geometry": {
        "type": "Point",
        "coordinates": [
          88.6065,
          27.3389
        ]
      }
    },
    {
      "type": "Feature",
      "properties": {
        "source": "GSI",
        "source_record_id": "GSI_Assam_(Guwahati)_20260918_105747",
        "event_type": "geological",
        "timestamp": "2026-09-18T10:57:47.211279",
        "valid_from": "2026-09-18T10:57:47.211279",
        "valid_until": "2026-09-18T16:57:47.211279",
        "location_name": "Assam (Guwahati)",
        "risk_zone": "medium",
        "event_type_detail": null,
        "severity": null,
        "description": "Normal geological conditions"
      },
      "geometry": {
        "type": "Point",
        "coordinates": [
          91.7362,
          26.1445
        ]
      }
    },
    {
      "type": "Feature",
      "properties": {
        "source": "GSI",
        "source_record_id": "GSI_Darjeeling_West_Bengal_20260918_115747",
        "event_type": "geological",
        "timestamp": "2026-09-18T11:57:47.211279",
        "valid_from": "2026-09-18T11:57:47.211279",
        "valid_until": "2026-09-18T17:57:47.211279",
        "location_name": "Darjeeling, West Bengal",
        "risk_zone": "high",
        "event_type_detail": null,
        "severity": null,
        "description": "Normal geological conditions"
      },
      "geometry": {
        "type": "Point",
        "coordinates": [
          88.2627,
          27.036
        ]
      }
    },
    {
      "type": "Feature",
      "properties": {
        "source": "GSI",
        "source_record_id": "GSI_Uttarakhand_(Rudraprayag)_20260918_115747",
        "event_type": "geological",
        "timestamp": "2026-09-18T11:57:47.211279",
        "valid_from": "2026-09-18T11:57:47.211279",
        "valid_until": "2026-09-18T17:57:47.211279",
        "location_name": "Uttarakhand (Rudraprayag)",
        "risk_zone": "high",
        "event_type_detail": null,
        "severity": null,
        "description": "Normal geological conditions"
      },
      "geometry": {
        "type": "Point",
        "coordinates": [
          88.9776,
          30.2865
        ]
      }
    },
    {
      "type": "Feature",
      "properties": {
        "source": "GSI",
        "source_record_id": "GSI_Himachal_Pradesh_(Mandi)_20260918_115747",
        "event_type": "geological",
        "timestamp": "2026-09-18T11:57:47.211279",
        "valid_from": "2026-09-18T11:57:47.211279",
        "valid_until": "2026-09-18T17:57:47.211279",
        "location_name": "Himachal Pradesh (Mandi)",
        "risk_zone": "medium",
        "event_type_detail": null,
        "severity": null,
        "description": "Normal geological conditions"
      },
      "geometry": {
        "type": "Point",
        "coordinates": [
          76.9366,
          31.7084
        ]
      }
    },
    {
      "type": "Feature",
      "properties": {
        "source": "GSI",
        "source_record_id": "GSI_Sikkim_(Gangtok)_20260918_115747",
        "event_type": "geological",
        "timestamp": "2026-09-18T11:57:47.211279",
        "valid_from": "2026-09-18T11:57:47.211279",
        "valid_until": "2026-09-18T17:57:47.211279",
        "location_name": "Sikkim (Gangtok)",
        "risk_zone": "high",
        "event_type_detail": null,
        "severity": null,
        "description": "Normal geological conditions"
      },
      "geometry": {
        "type": "Point",
        "coordinates": [
          88.6065,
          27.3389
        ]
      }
    },
    {
      "type": "Feature",
      "properties": {
        "source": "GSI",
        "source_record_id": "GSI_Assam_(Guwahati)_20260918_115747",
        "event_type": "geological",
        "timestamp": "2026-09-18T11:57:47.211279",
        "valid_from": "2026-09-18T11:57:47.211279",
        "valid_until": "2026-09-18T17:57:47.211279",
        "location_name": "Assam (Guwahati)",
        "risk_zone": "medium",
        "event_type_detail": null,
        "severity": null,
        "description": "Normal geological conditions"
      },
      "geometry": {
        "type": "Point",
        "coordinates": [
          91.7362,
          26.1445
        ]
      }
    },
    {
      "type": "Feature",
      "properties": {
        "source": "GSI",
        "source_record_id": "GSI_Darjeeling_West_Bengal_20260918_125747",
        "event_type": "geological",
        "timestamp": "2026-09-18T12:57:47.211279",
        "valid_from": "2026-09-18T12:57:47.211279",
        "valid_until": "2026-09-18T18:57:47.211279",
        "location_name": "Darjeeling, West Bengal",
        "risk_zone": "high",
        "event_type_detail": null,
        "severity": null,
        "description": "Normal geological conditions"
      },
      "geometry": {
        "type": "Point",
        "coordinates": [
          88.2627,
          27.036
        ]
      }
    },
    {
      "type": "Feature",
      "properties": {
        "source": "GSI",
        "source_record_id": "GSI_Uttarakhand_(Rudraprayag)_20260918_125747",
        "event_type": "geological",
        "timestamp": "2026-09-18T12:57:47.211279",
        "valid_from": "2026-09-18T12:57:47.211279",
        "valid_until": "2026-09-18T18:57:47.211279",
        "location_name": "Uttarakhand (Rudraprayag)",
        "risk_zone": "high",
        "event_type_detail": null,
        "severity": null,
        "description": "Normal geological conditions"
      },
      "geometry": {
        "type": "Point",
        "coordinates": [
          88.9776,
          30.2865
        ]
      }
    },
    {
      "type": "Feature",
      "properties": {
        "source": "GSI",
        "source_record_id": "GSI_Himachal_Pradesh_(Mandi)_20260918_125747",
        "event_type": "geological",
        "timestamp": "2026-09-18T12:57:47.211279",
        "valid_from": "2026-09-18T12:57:47.211279",
        "valid_until": "2026-09-18T18:57:47.211279",
        "location_name": "Himachal Pradesh (Mandi)",
        "risk_zone": "medium",
        "event_type_detail": null,
        "severity": null,
        "description": "Normal geological conditions"
      },
      "geometry": {
        "type": "Point",
        "coordinates": [
          76.9366,
          31.7084
        ]
      }
    },
    {
      "type": "Feature",
      "properties": {
        "source": "GSI",
        "source_record_id": "GSI_Sikkim_(Gangtok)_20260918_125747",
        "event_type": "geological",
        "timestamp": "2026-09-18T12:57:47.211279",
        "valid_from": "2026-09-18T12:57:47.211279",
        "valid_until": "2026-09-18T18:57:47.211279",
        "location_name": "Sikkim (Gangtok)",
        "risk_zone": "high",
        "event_type_detail": null,
        "severity": null,
        "description": "Normal geological conditions"
      },
      "geometry": {
        "type": "Point",
        "coordinates": [
          88.6065,
          27.3389
        ]
      }
    },
    {
      "type": "Feature",
      "properties": {
        "source": "GSI",
        "source_record_id": "GSI_Assam_(Guwahati)_20260918_125747",
        "event_type": "geological",
        "timestamp": "2026-09-18T12:57:47.211279",
        "valid_from": "2026-09-18T12:57:47.211279",
        "valid_until": "2026-09-18T18:57:47.211279",
        "location_name": "Assam (Guwahati)",
        "risk_zone": "medium",
        "event_type_detail": null,
        "severity": null,
        "description": "Normal geological conditions"
      },
      "geometry": {
        "type": "Point",
        "coordinates": [
          91.7362,
          26.1445
        ]
      }
    },
    {
      "type": "Feature",
      "properties": {
        "source": "GSI",
        "source_record_id": "GSI_Darjeeling_West_Bengal_20260918_135747",
        "event_type": "geological",
        "timestamp": "2026-09-18T13:57:47.211279",
        "valid_from": "2026-09-18T13:57:47.211279",
        "valid_until": "2026-09-18T19:57:47.211279",
        "location_name": "Darjeeling, West Bengal",
        "risk_zone": "high",
        "event_type_detail": null,
        "severity": null,
        "description": "Normal geological conditions"
      },
      "geometry": {
        "type": "Point",
        "coordinates": [
          88.2627,
          27.036
        ]
      }
    },
    {
      "type": "Feature",
      "properties": {
        "source": "GSI",
        "source_record_id": "GSI_Uttarakhand_(Rudraprayag)_20260918_135747",
        "event_type": "geological",
        "timestamp": "2026-09-18T13:57:47.211279",
        "valid_from": "2026-09-18T13:57:47.211279",
        "valid_until": "2026-09-18T19:57:47.211279",
        "location_name": "Uttarakhand (Rudraprayag)",
        "risk_zone": "high",
        "event_type_detail": null,
        "severity": null,
        "description": "Normal geological conditions"
      },
      "geometry": {
        "type": "Point",
        "coordinates": [
          88.9776,
          30.2865
        ]
      }
    },
    {
      "type": "Feature",
      "properties": {
        "source": "GSI",
        "source_record_id": "GSI_Himachal_Pradesh_(Mandi)_20260918_135747",
        "event_type": "geological",
        "timestamp": "2026-09-18T13:57:47.211279",
        "valid_from": "2026-09-18T13:57:47.211279",
        "valid_until": "2026-09-18T19:57:47.211279",
        "location_name": "Himachal Pradesh (Mandi)",
        "risk_zone": "medium",
        "event_type_detail": null,
        "severity": null,
        "description": "Normal geological conditions"
      },
      "geometry": {
        "type": "Point",
        "coordinates": [
          76.9366,
          31.7084
        ]
      }
    },
    {
      "type": "Feature",
      "properties": {
        "source": "GSI",
        "source_record_id": "GSI_Sikkim_(Gangtok)_20260918_135747",
        "event_type": "geological",
        "timestamp": "2026-09-18T13:57:47.211279",
        "valid_from": "2026-09-18T13:57:47.211279",
        "valid_until": "2026-09-18T19:57:47.211279",
        "location_name": "Sikkim (Gangtok)",
        "risk_zone": "high",
        "event_type_detail": "soil_erosion",
        "severity": "high",
        "description": "Soil_Erosion in Sikkim (Gangtok)"
      },
      "geometry": {
        "type": "Point",
        "coordinates": [
          88.6065,
          27.3389
        ]
      }
    },
    {
      "type": "Feature",
      "properties": {
        "source": "GSI",
        "source_record_id": "GSI_Assam_(Guwahati)_20260918_135747",
        "event_type": "geological",
        "timestamp": "2026-09-18T13:57:47.211279",
        "valid_from": "2026-09-18T13:57:47.211279",
        "valid_until": "2026-09-18T19:57:47.211279",
        "location_name": "Assam (Guwahati)",
        "risk_zone": "medium",
        "event_type_detail": null,
        "severity": null,
        "description": "Normal geological conditions"
      },
      "geometry": {
        "type": "Point",
        "coordinates": [
          91.7362,
          26.1445
        ]
      }
    },
    {
      "type": "Feature",
      "properties": {
        "source": "GSI",
        "source_record_id": "GSI_Darjeeling_West_Bengal_20260918_145747",
        "event_type": "geological",
        "timestamp": "2026-09-18T14:57:47.211279",
        "valid_from": "2026-09-18T14:57:47.211279",
        "valid_until": "2026-09-18T20:57:47.211279",
        "location_name": "Darjeeling, West Bengal",
        "risk_zone": "high",
        "event_type_detail": null,
        "severity": null,
        "description": "Normal geological conditions"
      },
      "geometry": {
        "type": "Point",
        "coordinates": [
          88.2627,
          27.036
        ]
      }
    },
    {
      "type": "Feature",
      "properties": {
        "source": "GSI",
        "source_record_id": "GSI_Uttarakhand_(Rudraprayag)_20260918_145747",
        "event_type": "geological",
        "timestamp": "2026-09-18T14:57:47.211279",
        "valid_from": "2026-09-18T14:57:47.211279",
        "valid_until": "2026-09-18T20:57:47.211279",
        "location_name": "Uttarakhand (Rudraprayag)",
        "risk_zone": "high",
        "event_type_detail": null,
        "severity": null,
        "description": "Normal geological conditions"
      },
      "geometry": {
        "type": "Point",
        "coordinates": [
          88.9776,
          30.2865
        ]
      }
    },
    {
      "type": "Feature",
      "properties": {
        "source": "GSI",
        "source_record_id": "GSI_Himachal_Pradesh_(Mandi)_20260918_145747",
        "event_type": "geological",
        "timestamp": "2026-09-18T14:57:47.211279",
        "valid_from": "2026-09-18T14:57:47.211279",
        "valid_until": "2026-09-18T20:57:47.211279",
        "location_name": "Himachal Pradesh (Mandi)",
        "risk_zone": "medium",
        "event_type_detail": null,
        "severity": null,
        "description": "Normal geological conditions"
      },
      "geometry": {
        "type": "Point",
        "coordinates": [
          76.9366,
          31.7084
        ]
      }
    },
    {
      "type": "Feature",
      "properties": {
        "source": "GSI",
        "source_record_id": "GSI_Sikkim_(Gangtok)_20260918_145747",
        "event_type": "geological",
        "timestamp": "2026-09-18T14:57:47.211279",
        "valid_from": "2026-09-18T14:57:47.211279",
        "valid_until": "2026-09-18T20:57:47.211279",
        "location_name": "Sikkim (Gangtok)",
        "risk_zone": "high",
        "event_type_detail": null,
        "severity": null,
        "description": "Normal geological conditions"
      },
      "geometry": {
        "type": "Point",
        "coordinates": [
          88.6065,
          27.3389
        ]
      }
    },
    {
      "type": "Feature",
      "properties": {
        "source": "GSI",
        "source_record_id": "GSI_Assam_(Guwahati)_20260918_145747",
        "event_type": "geological",
        "timestamp": "2026-09-18T14:57:47.211279",
        "valid_from": "2026-09-18T14:57:47.211279",
        "valid_until": "2026-09-18T20:57:47.211279",
        "location_name": "Assam (Guwahati)",
        "risk_zone": "medium",
        "event_type_detail": null,
        "severity": null,
        "description": "Normal geological conditions"
      },
      "geometry": {
        "type": "Point",
        "coordinates": [
          91.7362,
          26.1445
        ]
      }
    },
    {
      "type": "Feature",
      "properties": {
        "source": "GSI",
        "source_record_id": "GSI_Darjeeling_West_Bengal_20260918_155747",
        "event_type": "geological",
        "timestamp": "2026-09-18T15:57:47.211279",
        "valid_from": "2026-09-18T15:57:47.211279",
        "valid_until": "2026-09-18T21:57:47.211279",
        "location_name": "Darjeeling, West Bengal",
        "risk_zone": "high",
        "event_type_detail": null,
        "severity": null,
        "description": "Normal geological conditions"
      },
      "geometry": {
        "type": "Point",
        "coordinates": [
          88.2627,
          27.036
        ]
      }
    },
    {
      "type": "Feature",
      "properties": {
        "source": "GSI",
        "source_record_id": "GSI_Uttarakhand_(Rudraprayag)_20260918_155747",
        "event_type": "geological",
        "timestamp": "2026-09-18T15:57:47.211279",
        "valid_from": "2026-09-18T15:57:47.211279",
        "valid_until": "2026-09-18T21:57:47.211279",
        "location_name": "Uttarakhand (Rudraprayag)",
        "risk_zone": "high",
        "event_type_detail": null,
        "severity": null,
        "description": "Normal geological conditions"
      },
      "geometry": {
        "type": "Point",
        "coordinates": [
          88.9776,
          30.2865
        ]
      }
    },
    {
      "type": "Feature",
      "properties": {
        "source": "GSI",
        "source_record_id": "GSI_Himachal_Pradesh_(Mandi)_20260918_155747",
        "event_type": "geological",
        "timestamp": "2026-09-18T15:57:47.211279",
        "valid_from": "2026-09-18T15:57:47.211279",
        "valid_until": "2026-09-18T21:57:47.211279",
        "location_name": "Himachal Pradesh (Mandi)",
        "risk_zone": "medium",
        "event_type_detail": null,
        "severity": null,
        "description": "Normal geological conditions"
      },
      "geometry": {
        "type": "Point",
        "coordinates": [
          76.9366,
          31.7084
        ]
      }
    },
    {
      "type": "Feature",
      "properties": {
        "source": "GSI",
        "source_record_id": "GSI_Sikkim_(Gangtok)_20260918_155747",
        "event_type": "geological",
        "timestamp": "2026-09-18T15:57:47.211279",
        "valid_from": "2026-09-18T15:57:47.211279",
        "valid_until": "2026-09-18T21:57:47.211279",
        "location_name": "Sikkim (Gangtok)",
        "risk_zone": "high",
        "event_type_detail": null,
        "severity": null,
        "description": "Normal geological conditions"
      },
      "geometry": {
        "type": "Point",
        "coordinates": [
          88.6065,
          27.3389
        ]
      }
    },
    {
      "type": "Feature",
      "properties": {
        "source": "GSI",
        "source_record_id": "GSI_Assam_(Guwahati)_20260918_155747",
        "event_type": "geological",
        "timestamp": "2026-09-18T15:57:47.211279",
        "valid_from": "2026-09-18T15:57:47.211279",
        "valid_until": "2026-09-18T21:57:47.211279",
        "location_name": "Assam (Guwahati)",
        "risk_zone": "medium",
        "event_type_detail": null,
        "severity": null,
        "description": "Normal geological conditions"
      },
      "geometry": {
        "type": "Point",
        "coordinates": [
          91.7362,
          26.1445
        ]
      }
    },
    {
      "type": "Feature",
      "properties": {
        "source": "GSI",
        "source_record_id": "GSI_Darjeeling_West_Bengal_20260918_165747",
        "event_type": "geological",
        "timestamp": "2026-09-18T16:57:47.211279",
        "valid_from": "2026-09-18T16:57:47.211279",
        "valid_until": "2026-09-18T22:57:47.211279",
        "location_name": "Darjeeling, West Bengal",
        "risk_zone": "high",
        "event_type_detail": null,
        "severity": null,
        "description": "Normal geological conditions"
      },
      "geometry": {
        "type": "Point",
        "coordinates": [
          88.2627,
          27.036
        ]
      }
    },
    {
      "type": "Feature",
      "properties": {
        "source": "GSI",
        "source_record_id": "GSI_Uttarakhand_(Rudraprayag)_20260918_165747",
        "event_type": "geological",
        "timestamp": "2026-09-18T16:57:47.211279",
        "valid_from": "2026-09-18T16:57:47.211279",
        "valid_until": "2026-09-18T22:57:47.211279",
        "location_name": "Uttarakhand (Rudraprayag)",
        "risk_zone": "high",
        "event_type_detail": null,
        "severity": null,
        "description": "Normal geological conditions"
      },
      "geometry": {
        "type": "Point",
        "coordinates": [
          88.9776,
          30.2865
        ]
      }
    },
    {
      "type": "Feature",
      "properties": {
        "source": "GSI",
        "source_record_id": "GSI_Himachal_Pradesh_(Mandi)_20260918_165747",
        "event_type": "geological",
        "timestamp": "2026-09-18T16:57:47.211279",
        "valid_from": "2026-09-18T16:57:47.211279",
        "valid_until": "2026-09-18T22:57:47.211279",
        "location_name": "Himachal Pradesh (Mandi)",
        "risk_zone": "medium",
        "event_type_detail": null,
        "severity": null,
        "description": "Normal geological conditions"
      },
      "geometry": {
        "type": "Point",
        "coordinates": [
          76.9366,
          31.7084
        ]
      }
    },
    {
      "type": "Feature",
      "properties": {
        "source": "GSI",
        "source_record_id": "GSI_Sikkim_(Gangtok)_20260918_165747",
        "event_type": "geological",
        "timestamp": "2026-09-18T16:57:47.211279",
        "valid_from": "2026-09-18T16:57:47.211279",
        "valid_until": "2026-09-18T22:57:47.211279",
        "location_name": "Sikkim (Gangtok)",
        "risk_zone": "high",
        "event_type_detail": null,
        "severity": null,
        "description": "Normal geological conditions"
      },
      "geometry": {
        "type": "Point",
        "coordinates": [
          88.6065,
          27.3389
        ]
      }
    },
    {
      "type": "Feature",
      "properties": {
        "source": "GSI",
        "source_record_id": "GSI_Assam_(Guwahati)_20260918_165747",
        "event_type": "geological",
        "timestamp": "2026-09-18T16:57:47.211279",
        "valid_from": "2026-09-18T16:57:47.211279",
        "valid_until": "2026-09-18T22:57:47.211279",
        "location_name": "Assam (Guwahati)",
        "risk_zone": "medium",
        "event_type_detail": null,
        "severity": null,
        "description": "Normal geological conditions"
      },
      "geometry": {
        "type": "Point",
        "coordinates": [
          91.7362,
          26.1445
        ]
      }
    },
    {
      "type": "Feature",
      "properties": {
        "source": "GSI",
        "source_record_id": "GSI_Darjeeling_West_Bengal_20260918_175747",
        "event_type": "geological",
        "timestamp": "2026-09-18T17:57:47.211279",
        "valid_from": "2026-09-18T17:57:47.211279",
        "valid_until": "2026-09-18T23:57:47.211279",
        "location_name": "Darjeeling, West Bengal",
        "risk_zone": "high",
        "event_type_detail": null,
        "severity": null,
        "description": "Normal geological conditions"
      },
      "geometry": {
        "type": "Point",
        "coordinates": [
          88.2627,
          27.036
        ]
      }
    },
    {
      "type": "Feature",
      "properties": {
        "source": "GSI",
        "source_record_id": "GSI_Uttarakhand_(Rudraprayag)_20260918_175747",
        "event_type": "geological",
        "timestamp": "2026-09-18T17:57:47.211279",
        "valid_from": "2026-09-18T17:57:47.211279",
        "valid_until": "2026-09-18T23:57:47.211279",
        "location_name": "Uttarakhand (Rudraprayag)",
        "risk_zone": "high",
        "event_type_detail": null,
        "severity": null,
        "description": "Normal geological conditions"
      },
      "geometry": {
        "type": "Point",
        "coordinates": [
          88.9776,
          30.2865
        ]
      }
    },
    {
      "type": "Feature",
      "properties": {
        "source": "GSI",
        "source_record_id": "GSI_Himachal_Pradesh_(Mandi)_20260918_175747",
        "event_type": "geological",
        "timestamp": "2026-09-18T17:57:47.211279",
        "valid_from": "2026-09-18T17:57:47.211279",
        "valid_until": "2026-09-18T23:57:47.211279",
        "location_name": "Himachal Pradesh (Mandi)",
        "risk_zone": "medium",
        "event_type_detail": null,
        "severity": null,
        "description": "Normal geological conditions"
      },
      "geometry": {
        "type": "Point",
        "coordinates": [
          76.9366,
          31.7084
        ]
      }
    },
    {
      "type": "Feature",
      "properties": {
        "source": "GSI",
        "source_record_id": "GSI_Sikkim_(Gangtok)_20260918_175747",
        "event_type": "geological",
        "timestamp": "2026-09-18T17:57:47.211279",
        "valid_from": "2026-09-18T17:57:47.211279",
        "valid_until": "2026-09-18T23:57:47.211279",
        "location_name": "Sikkim (Gangtok)",
        "risk_zone": "high",
        "event_type_detail": null,
        "severity": null,
        "description": "Normal geological conditions"
      },
      "geometry": {
        "type": "Point",
        "coordinates": [
          88.6065,
          27.3389
        ]
      }
    },
    {
      "type": "Feature",
      "properties": {
        "source": "GSI",
        "source_record_id": "GSI_Assam_(Guwahati)_20260918_175747",
        "event_type": "geological",
        "timestamp": "2026-09-18T17:57:47.211279",
        "valid_from": "2026-09-18T17:57:47.211279",
        "valid_until": "2026-09-18T23:57:47.211279",
        "location_name": "Assam (Guwahati)",
        "risk_zone": "medium",
        "event_type_detail": null,
        "severity": null,
        "description": "Normal geological conditions"
      },
      "geometry": {
        "type": "Point",
        "coordinates": [
          91.7362,
          26.1445
        ]
      }
    },
    {
      "type": "Feature",
      "properties": {
        "source": "GSI",
        "source_record_id": "GSI_Darjeeling_West_Bengal_20260918_185747",
        "event_type": "geological",
        "timestamp": "2026-09-18T18:57:47.211279",
        "valid_from": "2026-09-18T18:57:47.211279",
        "valid_until": "2026-09-19T00:57:47.211279",
        "location_name": "Darjeeling, West Bengal",
        "risk_zone": "high",
        "event_type_detail": null,
        "severity": null,
        "description": "Normal geological conditions"
      },
      "geometry": {
        "type": "Point",
        "coordinates": [
          88.2627,
          27.036
        ]
      }
    },
    {
      "type": "Feature",
      "properties": {
        "source": "GSI",
        "source_record_id": "GSI_Uttarakhand_(Rudraprayag)_20260918_185747",
        "event_type": "geological",
        "timestamp": "2026-09-18T18:57:47.211279",
        "valid_from": "2026-09-18T18:57:47.211279",
        "valid_until": "2026-09-19T00:57:47.211279",
        "location_name": "Uttarakhand (Rudraprayag)",
        "risk_zone": "high",
        "event_type_detail": null,
        "severity": null,
        "description": "Normal geological conditions"
      },
      "geometry": {
        "type": "Point",
        "coordinates": [
          88.9776,
          30.2865
        ]
      }
    },
    {
      "type": "Feature",
      "properties": {
        "source": "GSI",
        "source_record_id": "GSI_Himachal_Pradesh_(Mandi)_20260918_185747",
        "event_type": "geological",
        "timestamp": "2026-09-18T18:57:47.211279",
        "valid_from": "2026-09-18T18:57:47.211279",
        "valid_until": "2026-09-19T00:57:47.211279",
        "location_name": "Himachal Pradesh (Mandi)",
        "risk_zone": "medium",
        "event_type_detail": null,
        "severity": null,
        "description": "Normal geological conditions"
      },
      "geometry": {
        "type": "Point",
        "coordinates": [
          76.9366,
          31.7084
        ]
      }
    },
    {
      "type": "Feature",
      "properties": {
        "source": "GSI",
        "source_record_id": "GSI_Sikkim_(Gangtok)_20260918_185747",
        "event_type": "geological",
        "timestamp": "2026-09-18T18:57:47.211279",
        "valid_from": "2026-09-18T18:57:47.211279",
        "valid_until": "2026-09-19T00:57:47.211279",
        "location_name": "Sikkim (Gangtok)",
        "risk_zone": "high",
        "event_type_detail": null,
        "severity": null,
        "description": "Normal geological conditions"
      },
      "geometry": {
        "type": "Point",
        "coordinates": [
          88.6065,
          27.3389
        ]
      }
    },
    {
      "type": "Feature",
      "properties": {
        "source": "GSI",
        "source_record_id": "GSI_Assam_(Guwahati)_20260918_185747",
        "event_type": "geological",
        "timestamp": "2026-09-18T18:57:47.211279",
        "valid_from": "2026-09-18T18:57:47.211279",
        "valid_until": "2026-09-19T00:57:47.211279",
        "location_name": "Assam (Guwahati)",
        "risk_zone": "medium",
        "event_type_detail": null,
        "severity": null,
        "description": "Normal geological conditions"
      },
      "geometry": {
        "type": "Point",
        "coordinates": [
          91.7362,
          26.1445
        ]
      }
    },
    {
      "type": "Feature",
      "properties": {
        "source": "GSI",
        "source_record_id": "GSI_Darjeeling_West_Bengal_20260918_195747",
        "event_type": "geological",
        "timestamp": "2026-09-18T19:57:47.211279",
        "valid_from": "2026-09-18T19:57:47.211279",
        "valid_until": "2026-09-19T01:57:47.211279",
        "location_name": "Darjeeling, West Bengal",
        "risk_zone": "high",
        "event_type_detail": null,
        "severity": null,
        "description": "Normal geological conditions"
      },
      "geometry": {
        "type": "Point",
        "coordinates": [
          88.2627,
          27.036
        ]
      }
    },
    {
      "type": "Feature",
      "properties": {
        "source": "GSI",
        "source_record_id": "GSI_Uttarakhand_(Rudraprayag)_20260918_195747",
        "event_type": "geological",
        "timestamp": "2026-09-18T19:57:47.211279",
        "valid_from": "2026-09-18T19:57:47.211279",
        "valid_until": "2026-09-19T01:57:47.211279",
        "location_name": "Uttarakhand (Rudraprayag)",
        "risk_zone": "high",
        "event_type_detail": null,
        "severity": null,
        "description": "Normal geological conditions"
      },
      "geometry": {
        "type": "Point",
        "coordinates": [
          88.9776,
          30.2865
        ]
      }
    },
    {
      "type": "Feature",
      "properties": {
        "source": "GSI",
        "source_record_id": "GSI_Himachal_Pradesh_(Mandi)_20260918_195747",
        "event_type": "geological",
        "timestamp": "2026-09-18T19:57:47.211279",
        "valid_from": "2026-09-18T19:57:47.211279",
        "valid_until": "2026-09-19T01:57:47.211279",
        "location_name": "Himachal Pradesh (Mandi)",
        "risk_zone": "medium",
        "event_type_detail": null,
        "severity": null,
        "description": "Normal geological conditions"
      },
      "geometry": {
        "type": "Point",
        "coordinates": [
          76.9366,
          31.7084
        ]
      }
    },
    {
      "type": "Feature",
      "properties": {
        "source": "GSI",
        "source_record_id": "GSI_Sikkim_(Gangtok)_20260918_195747",
        "event_type": "geological",
        "timestamp": "2026-09-18T19:57:47.211279",
        "valid_from": "2026-09-18T19:57:47.211279",
        "valid_until": "2026-09-19T01:57:47.211279",
        "location_name": "Sikkim (Gangtok)",
        "risk_zone": "high",
        "event_type_detail": null,
        "severity": null,
        "description": "Normal geological conditions"
      },
      "geometry": {
        "type": "Point",
        "coordinates": [
          88.6065,
          27.3389
        ]
      }
    },
    {
      "type": "Feature",
      "properties": {
        "source": "GSI",
        "source_record_id": "GSI_Assam_(Guwahati)_20260918_195747",
        "event_type": "geological",
        "timestamp": "2026-09-18T19:57:47.211279",
        "valid_from": "2026-09-18T19:57:47.211279",
        "valid_until": "2026-09-19T01:57:47.211279",
        "location_name": "Assam (Guwahati)",
        "risk_zone": "medium",
        "event_type_detail": null,
        "severity": null,
        "description": "Normal geological conditions"
      },
      "geometry": {
        "type": "Point",
        "coordinates": [
          91.7362,
          26.1445
        ]
      }
    },
    {
      "type": "Feature",
      "properties": {
        "source": "GSI",
        "source_record_id": "GSI_Darjeeling_West_Bengal_20260918_205747",
        "event_type": "geological",
        "timestamp": "2026-09-18T20:57:47.211279",
        "valid_from": "2026-09-18T20:57:47.211279",
        "valid_until": "2026-09-19T02:57:47.211279",
        "location_name": "Darjeeling, West Bengal",
        "risk_zone": "high",
        "event_type_detail": null,
        "severity": null,
        "description": "Normal geological conditions"
      },
      "geometry": {
        "type": "Point",
        "coordinates": [
          88.2627,
          27.036
        ]
      }
    },
    {
      "type": "Feature",
      "properties": {
        "source": "GSI",
        "source_record_id": "GSI_Uttarakhand_(Rudraprayag)_20260918_205747",
        "event_type": "geological",
        "timestamp": "2026-09-18T20:57:47.211279",
        "valid_from": "2026-09-18T20:57:47.211279",
        "valid_until": "2026-09-19T02:57:47.211279",
        "location_name": "Uttarakhand (Rudraprayag)",
        "risk_zone": "high",
        "event_type_detail": null,
        "severity": null,
        "description": "Normal geological conditions"
      },
      "geometry": {
        "type": "Point",
        "coordinates": [
          88.9776,
          30.2865
        ]
      }
    },
    {
      "type": "Feature",
      "properties": {
        "source": "GSI",
        "source_record_id": "GSI_Himachal_Pradesh_(Mandi)_20260918_205747",
        "event_type": "geological",
        "timestamp": "2026-09-18T20:57:47.211279",
        "valid_from": "2026-09-18T20:57:47.211279",
        "valid_until": "2026-09-19T02:57:47.211279",
        "location_name": "Himachal Pradesh (Mandi)",
        "risk_zone": "medium",
        "event_type_detail": null,
        "severity": null,
        "description": "Normal geological conditions"
      },
      "geometry": {
        "type": "Point",
        "coordinates": [
          76.9366,
          31.7084
        ]
      }
    },
    {
      "type": "Feature",
      "properties": {
        "source": "GSI",
        "source_record_id": "GSI_Sikkim_(Gangtok)_20260918_205747",
        "event_type": "geological",
        "timestamp": "2026-09-18T20:57:47.211279",
        "valid_from": "2026-09-18T20:57:47.211279",
        "valid_until": "2026-09-19T02:57:47.211279",
        "location_name": "Sikkim (Gangtok)",
        "risk_zone": "high",
        "event_type_detail": null,
        "severity": null,
        "description": "Normal geological conditions"
      },
      "geometry": {
        "type": "Point",
        "coordinates": [
          88.6065,
          27.3389
        ]
      }
    },
    {
      "type": "Feature",
      "properties": {
        "source": "GSI",
        "source_record_id": "GSI_Assam_(Guwahati)_20260918_205747",
        "event_type": "geological",
        "timestamp": "2026-09-18T20:57:47.211279",
        "valid_from": "2026-09-18T20:57:47.211279",
        "valid_until": "2026-09-19T02:57:47.211279",
        "location_name": "Assam (Guwahati)",
        "risk_zone": "medium",
        "event_type_detail": null,
        "severity": null,
        "description": "Normal geological conditions"
      },
      "geometry": {
        "type": "Point",
        "coordinates": [
          91.7362,
          26.1445
        ]
      }
    },
    {
      "type": "Feature",
      "properties": {
        "source": "GSI",
        "source_record_id": "GSI_Darjeeling_West_Bengal_20260918_215747",
        "event_type": "geological",
        "timestamp": "2026-09-18T21:57:47.211279",
        "valid_from": "2026-09-18T21:57:47.211279",
        "valid_until": "2026-09-19T03:57:47.211279",
        "location_name": "Darjeeling, West Bengal",
        "risk_zone": "high",
        "event_type_detail": null,
        "severity": null,
        "description": "Normal geological conditions"
      },
      "geometry": {
        "type": "Point",
        "coordinates": [
          88.2627,
          27.036
        ]
      }
    },
    {
      "type": "Feature",
      "properties": {
        "source": "GSI",
        "source_record_id": "GSI_Uttarakhand_(Rudraprayag)_20260918_215747",
        "event_type": "geological",
        "timestamp": "2026-09-18T21:57:47.211279",
        "valid_from": "2026-09-18T21:57:47.211279",
        "valid_until": "2026-09-19T03:57:47.211279",
        "location_name": "Uttarakhand (Rudraprayag)",
        "risk_zone": "high",
        "event_type_detail": null,
        "severity": null,
        "description": "Normal geological conditions"
      },
      "geometry": {
        "type": "Point",
        "coordinates": [
          88.9776,
          30.2865
        ]
      }
    },
    {
      "type": "Feature",
      "properties": {
        "source": "GSI",
        "source_record_id": "GSI_Himachal_Pradesh_(Mandi)_20260918_215747",
        "event_type": "geological",
        "timestamp": "2026-09-18T21:57:47.211279",
        "valid_from": "2026-09-18T21:57:47.211279",
        "valid_until": "2026-09-19T03:57:47.211279",
        "location_name": "Himachal Pradesh (Mandi)",
        "risk_zone": "medium",
        "event_type_detail": null,
        "severity": null,
        "description": "Normal geological conditions"
      },
      "geometry": {
        "type": "Point",
        "coordinates": [
          76.9366,
          31.7084
        ]
      }
    },
    {
      "type": "Feature",
      "properties": {
        "source": "GSI",
        "source_record_id": "GSI_Sikkim_(Gangtok)_20260918_215747",
        "event_type": "geological",
        "timestamp": "2026-09-18T21:57:47.211279",
        "valid_from": "2026-09-18T21:57:47.211279",
        "valid_until": "2026-09-19T03:57:47.211279",
        "location_name": "Sikkim (Gangtok)",
        "risk_zone": "high",
        "event_type_detail": null,
        "severity": null,
        "description": "Normal geological conditions"
      },
      "geometry": {
        "type": "Point",
        "coordinates": [
          88.6065,
          27.3389
        ]
      }
    },
    {
      "type": "Feature",
      "properties": {
        "source": "GSI",
        "source_record_id": "GSI_Assam_(Guwahati)_20260918_215747",
        "event_type": "geological",
        "timestamp": "2026-09-18T21:57:47.211279",
        "valid_from": "2026-09-18T21:57:47.211279",
        "valid_until": "2026-09-19T03:57:47.211279",
        "location_name": "Assam (Guwahati)",
        "risk_zone": "medium",
        "event_type_detail": null,
        "severity": null,
        "description": "Normal geological conditions"
      },
      "geometry": {
        "type": "Point",
        "coordinates": [
          91.7362,
          26.1445
        ]
      }
    },
    {
      "type": "Feature",
      "properties": {
        "source": "GSI",
        "source_record_id": "GSI_Darjeeling_West_Bengal_20260918_225747",
        "event_type": "geological",
        "timestamp": "2026-09-18T22:57:47.211279",
        "valid_from": "2026-09-18T22:57:47.211279",
        "valid_until": "2026-09-19T04:57:47.211279",
        "location_name": "Darjeeling, West Bengal",
        "risk_zone": "high",
        "event_type_detail": null,
        "severity": null,
        "description": "Normal geological conditions"
      },
      "geometry": {
        "type": "Point",
        "coordinates": [
          88.2627,
          27.036
        ]
      }
    },
    {
      "type": "Feature",
      "properties": {
        "source": "GSI",
        "source_record_id": "GSI_Uttarakhand_(Rudraprayag)_20260918_225747",
        "event_type": "geological",
        "timestamp": "2026-09-18T22:57:47.211279",
        "valid_from": "2026-09-18T22:57:47.211279",
        "valid_until": "2026-09-19T04:57:47.211279",
        "location_name": "Uttarakhand (Rudraprayag)",
        "risk_zone": "high",
        "event_type_detail": null,
        "severity": null,
        "description": "Normal geological conditions"
      },
      "geometry": {
        "type": "Point",
        "coordinates": [
          88.9776,
          30.2865
        ]
      }
    },
    {
      "type": "Feature",
      "properties": {
        "source": "GSI",
        "source_record_id": "GSI_Himachal_Pradesh_(Mandi)_20260918_225747",
        "event_type": "geological",
        "timestamp": "2026-09-18T22:57:47.211279",
        "valid_from": "2026-09-18T22:57:47.211279",
        "valid_until": "2026-09-19T04:57:47.211279",
        "location_name": "Himachal Pradesh (Mandi)",
        "risk_zone": "medium",
        "event_type_detail": null,
        "severity": null,
        "description": "Normal geological conditions"
      },
      "geometry": {
        "type": "Point",
        "coordinates": [
          76.9366,
          31.7084
        ]
      }
    },
    {
      "type": "Feature",
      "properties": {
        "source": "GSI",
        "source_record_id": "GSI_Sikkim_(Gangtok)_20260918_225747",
        "event_type": "geological",
        "timestamp": "2026-09-18T22:57:47.211279",
        "valid_from": "2026-09-18T22:57:47.211279",
        "valid_until": "2026-09-19T04:57:47.211279",
        "location_name": "Sikkim (Gangtok)",
        "risk_zone": "high",
        "event_type_detail": null,
        "severity": null,
        "description": "Normal geological conditions"
      },
      "geometry": {
        "type": "Point",
        "coordinates": [
          88.6065,
          27.3389
        ]
      }
    },
    {
      "type": "Feature",
      "properties": {
        "source": "GSI",
        "source_record_id": "GSI_Assam_(Guwahati)_20260918_225747",
        "event_type": "geological",
        "timestamp": "2026-09-18T22:57:47.211279",
        "valid_from": "2026-09-18T22:57:47.211279",
        "valid_until": "2026-09-19T04:57:47.211279",
        "location_name": "Assam (Guwahati)",
        "risk_zone": "medium",
        "event_type_detail": null,
        "severity": null,
        "description": "Normal geological conditions"
      },
      "geometry": {
        "type": "Point",
        "coordinates": [
          91.7362,
          26.1445
        ]
      }
    },
    {
      "type": "Feature",
      "properties": {
        "source": "GSI",
        "source_record_id": "GSI_Darjeeling_West_Bengal_20260918_235747",
        "event_type": "geological",
        "timestamp": "2026-09-18T23:57:47.211279",
        "valid_from": "2026-09-18T23:57:47.211279",
        "valid_until": "2026-09-19T05:57:47.211279",
        "location_name": "Darjeeling, West Bengal",
        "risk_zone": "high",
        "event_type_detail": null,
        "severity": null,
        "description": "Normal geological conditions"
      },
      "geometry": {
        "type": "Point",
        "coordinates": [
          88.2627,
          27.036
        ]
      }
    },
    {
      "type": "Feature",
      "properties": {
        "source": "GSI",
        "source_record_id": "GSI_Uttarakhand_(Rudraprayag)_20260918_235747",
        "event_type": "geological",
        "timestamp": "2026-09-18T23:57:47.211279",
        "valid_from": "2026-09-18T23:57:47.211279",
        "valid_until": "2026-09-19T05:57:47.211279",
        "location_name": "Uttarakhand (Rudraprayag)",
        "risk_zone": "high",
        "event_type_detail": null,
        "severity": null,
        "description": "Normal geological conditions"
      },
      "geometry": {
        "type": "Point",
        "coordinates": [
          88.9776,
          30.2865
        ]
      }
    },
    {
      "type": "Feature",
      "properties": {
        "source": "GSI",
        "source_record_id": "GSI_Himachal_Pradesh_(Mandi)_20260918_235747",
        "event_type": "geological",
        "timestamp": "2026-09-18T23:57:47.211279",
        "valid_from": "2026-09-18T23:57:47.211279",
        "valid_until": "2026-09-19T05:57:47.211279",
        "location_name": "Himachal Pradesh (Mandi)",
        "risk_zone": "medium",
        "event_type_detail": null,
        "severity": null,
        "description": "Normal geological conditions"
      },
      "geometry": {
        "type": "Point",
        "coordinates": [
          76.9366,
          31.7084
        ]
      }
    },
    {
      "type": "Feature",
      "properties": {
        "source": "GSI",
        "source_record_id": "GSI_Sikkim_(Gangtok)_20260918_235747",
        "event_type": "geological",
        "timestamp": "2026-09-18T23:57:47.211279",
        "valid_from": "2026-09-18T23:57:47.211279",
        "valid_until": "2026-09-19T05:57:47.211279",
        "location_name": "Sikkim (Gangtok)",
        "risk_zone": "high",
        "event_type_detail": null,
        "severity": null,
        "description": "Normal geological conditions"
      },
      "geometry": {
        "type": "Point",
        "coordinates": [
          88.6065,
          27.3389
        ]
      }
    },
    {
      "type": "Feature",
      "properties": {
        "source": "GSI",
        "source_record_id": "GSI_Assam_(Guwahati)_20260918_235747",
        "event_type": "geological",
        "timestamp": "2026-09-18T23:57:47.211279",
        "valid_from": "2026-09-18T23:57:47.211279",
        "valid_until": "2026-09-19T05:57:47.211279",
        "location_name": "Assam (Guwahati)",
        "risk_zone": "medium",
        "event_type_detail": null,
        "severity": null,
        "description": "Normal geological conditions"
      },
      "geometry": {
        "type": "Point",
        "coordinates": [
          91.7362,
          26.1445
        ]
      }
    },
    {
      "type": "Feature",
      "properties": {
        "source": "GSI",
        "source_record_id": "GSI_Darjeeling_West_Bengal_20260919_005747",
        "event_type": "geological",
        "timestamp": "2026-09-19T00:57:47.211279",
        "valid_from": "2026-09-19T00:57:47.211279",
        "valid_until": "2026-09-19T06:57:47.211279",
        "location_name": "Darjeeling, West Bengal",
        "risk_zone": "high",
        "event_type_detail": null,
        "severity": null,
        "description": "Normal geological conditions"
      },
      "geometry": {
        "type": "Point",
        "coordinates": [
          88.2627,
          27.036
        ]
      }
    },
    {
      "type": "Feature",
      "properties": {
        "source": "GSI",
        "source_record_id": "GSI_Uttarakhand_(Rudraprayag)_20260919_005747",
        "event_type": "geological",
        "timestamp": "2026-09-19T00:57:47.211279",
        "valid_from": "2026-09-19T00:57:47.211279",
        "valid_until": "2026-09-19T06:57:47.211279",
        "location_name": "Uttarakhand (Rudraprayag)",
        "risk_zone": "high",
        "event_type_detail": null,
        "severity": null,
        "description": "Normal geological conditions"
      },
      "geometry": {
        "type": "Point",
        "coordinates": [
          88.9776,
          30.2865
        ]
      }
    },
    {
      "type": "Feature",
      "properties": {
        "source": "GSI",
        "source_record_id": "GSI_Himachal_Pradesh_(Mandi)_20260919_005747",
        "event_type": "geological",
        "timestamp": "2026-09-19T00:57:47.211279",
        "valid_from": "2026-09-19T00:57:47.211279",
        "valid_until": "2026-09-19T06:57:47.211279",
        "location_name": "Himachal Pradesh (Mandi)",
        "risk_zone": "medium",
        "event_type_detail": null,
        "severity": null,
        "description": "Normal geological conditions"
      },
      "geometry": {
        "type": "Point",
        "coordinates": [
          76.9366,
          31.7084
        ]
      }
    },
    {
      "type": "Feature",
      "properties": {
        "source": "GSI",
        "source_record_id": "GSI_Sikkim_(Gangtok)_20260919_005747",
        "event_type": "geological",
        "timestamp": "2026-09-19T00:57:47.211279",
        "valid_from": "2026-09-19T00:57:47.211279",
        "valid_until": "2026-09-19T06:57:47.211279",
        "location_name": "Sikkim (Gangtok)",
        "risk_zone": "high",
        "event_type_detail": null,
        "severity": null,
        "description": "Normal geological conditions"
      },
      "geometry": {
        "type": "Point",
        "coordinates": [
          88.6065,
          27.3389
        ]
      }
    },
    {
      "type": "Feature",
      "properties": {
        "source": "GSI",
        "source_record_id": "GSI_Assam_(Guwahati)_20260919_005747",
        "event_type": "geological",
        "timestamp": "2026-09-19T00:57:47.211279",
        "valid_from": "2026-09-19T00:57:47.211279",
        "valid_until": "2026-09-19T06:57:47.211279",
        "location_name": "Assam (Guwahati)",
        "risk_zone": "medium",
        "event_type_detail": null,
        "severity": null,
        "description": "Normal geological conditions"
      },
      "geometry": {
        "type": "Point",
        "coordinates": [
          91.7362,
          26.1445
        ]
      }
    },
    {
      "type": "Feature",
      "properties": {
        "source": "GSI",
        "source_record_id": "GSI_Darjeeling_West_Bengal_20260919_015747",
        "event_type": "geological",
        "timestamp": "2026-09-19T01:57:47.211279",
        "valid_from": "2026-09-19T01:57:47.211279",
        "valid_until": "2026-09-19T07:57:47.211279",
        "location_name": "Darjeeling, West Bengal",
        "risk_zone": "high",
        "event_type_detail": null,
        "severity": null,
        "description": "Normal geological conditions"
      },
      "geometry": {
        "type": "Point",
        "coordinates": [
          88.2627,
          27.036
        ]
      }
    },
    {
      "type": "Feature",
      "properties": {
        "source": "GSI",
        "source_record_id": "GSI_Uttarakhand_(Rudraprayag)_20260919_015747",
        "event_type": "geological",
        "timestamp": "2026-09-19T01:57:47.211279",
        "valid_from": "2026-09-19T01:57:47.211279",
        "valid_until": "2026-09-19T07:57:47.211279",
        "location_name": "Uttarakhand (Rudraprayag)",
        "risk_zone": "high",
        "event_type_detail": "rockfall",
        "severity": "medium",
        "description": "Rockfall in Uttarakhand (Rudraprayag)"
      },
      "geometry": {
        "type": "Point",
        "coordinates": [
          88.9776,
          30.2865
        ]
      }
    },
    {
      "type": "Feature",
      "properties": {
        "source": "GSI",
        "source_record_id": "GSI_Himachal_Pradesh_(Mandi)_20260919_015747",
        "event_type": "geological",
        "timestamp": "2026-09-19T01:57:47.211279",
        "valid_from": "2026-09-19T01:57:47.211279",
        "valid_until": "2026-09-19T07:57:47.211279",
        "location_name": "Himachal Pradesh (Mandi)",
        "risk_zone": "medium",
        "event_type_detail": null,
        "severity": null,
        "description": "Normal geological conditions"
      },
      "geometry": {
        "type": "Point",
        "coordinates": [
          76.9366,
          31.7084
        ]
      }
    },
    {
      "type": "Feature",
      "properties": {
        "source": "GSI",
        "source_record_id": "GSI_Sikkim_(Gangtok)_20260919_015747",
        "event_type": "geological",
        "timestamp": "2026-09-19T01:57:47.211279",
        "valid_from": "2026-09-19T01:57:47.211279",
        "valid_until": "2026-09-19T07:57:47.211279",
        "location_name": "Sikkim (Gangtok)",
        "risk_zone": "high",
        "event_type_detail": null,
        "severity": null,
        "description": "Normal geological conditions"
      },
      "geometry": {
        "type": "Point",
        "coordinates": [
          88.6065,
          27.3389
        ]
      }
    },
    {
      "type": "Feature",
      "properties": {
        "source": "GSI",
        "source_record_id": "GSI_Assam_(Guwahati)_20260919_015747",
        "event_type": "geological",
        "timestamp": "2026-09-19T01:57:47.211279",
        "valid_from": "2026-09-19T01:57:47.211279",
        "valid_until": "2026-09-19T07:57:47.211279",
        "location_name": "Assam (Guwahati)",
        "risk_zone": "medium",
        "event_type_detail": null,
        "severity": null,
        "description": "Normal geological conditions"
      },
      "geometry": {
        "type": "Point",
        "coordinates": [
          91.7362,
          26.1445
        ]
      }
    },
    {
      "type": "Feature",
      "properties": {
        "source": "GSI",
        "source_record_id": "GSI_Darjeeling_West_Bengal_20260919_025747",
        "event_type": "geological",
        "timestamp": "2026-09-19T02:57:47.211279",
        "valid_from": "2026-09-19T02:57:47.211279",
        "valid_until": "2026-09-19T08:57:47.211279",
        "location_name": "Darjeeling, West Bengal",
        "risk_zone": "high",
        "event_type_detail": "landslide",
        "severity": "high",
        "description": "Landslide in Darjeeling, West Bengal"
      },
      "geometry": {
        "type": "Point",
        "coordinates": [
          88.2627,
          27.036
        ]
      }
    },
    {
      "type": "Feature",
      "properties": {
        "source": "GSI",
        "source_record_id": "GSI_Uttarakhand_(Rudraprayag)_20260919_025747",
        "event_type": "geological",
        "timestamp": "2026-09-19T02:57:47.211279",
        "valid_from": "2026-09-19T02:57:47.211279",
        "valid_until": "2026-09-19T08:57:47.211279",
        "location_name": "Uttarakhand (Rudraprayag)",
        "risk_zone": "high",
        "event_type_detail": null,
        "severity": null,
        "description": "Normal geological conditions"
      },
      "geometry": {
        "type": "Point",
        "coordinates": [
          88.9776,
          30.2865
        ]
      }
    },
    {
      "type": "Feature",
      "properties": {
        "source": "GSI",
        "source_record_id": "GSI_Himachal_Pradesh_(Mandi)_20260919_025747",
        "event_type": "geological",
        "timestamp": "2026-09-19T02:57:47.211279",
        "valid_from": "2026-09-19T02:57:47.211279",
        "valid_until": "2026-09-19T08:57:47.211279",
        "location_name": "Himachal Pradesh (Mandi)",
        "risk_zone": "medium",
        "event_type_detail": null,
        "severity": null,
        "description": "Normal geological conditions"
      },
      "geometry": {
        "type": "Point",
        "coordinates": [
          76.9366,
          31.7084
        ]
      }
    },
    {
      "type": "Feature",
      "properties": {
        "source": "GSI",
        "source_record_id": "GSI_Sikkim_(Gangtok)_20260919_025747",
        "event_type": "geological",
        "timestamp": "2026-09-19T02:57:47.211279",
        "valid_from": "2026-09-19T02:57:47.211279",
        "valid_until": "2026-09-19T08:57:47.211279",
        "location_name": "Sikkim (Gangtok)",
        "risk_zone": "high",
        "event_type_detail": null,
        "severity": null,
        "description": "Normal geological conditions"
      },
      "geometry": {
        "type": "Point",
        "coordinates": [
          88.6065,
          27.3389
        ]
      }
    },
    {
      "type": "Feature",
      "properties": {
        "source": "GSI",
        "source_record_id": "GSI_Assam_(Guwahati)_20260919_025747",
        "event_type": "geological",
        "timestamp": "2026-09-19T02:57:47.211279",
        "valid_from": "2026-09-19T02:57:47.211279",
        "valid_until": "2026-09-19T08:57:47.211279",
        "location_name": "Assam (Guwahati)",
        "risk_zone": "medium",
        "event_type_detail": null,
        "severity": null,
        "description": "Normal geological conditions"
      },
      "geometry": {
        "type": "Point",
        "coordinates": [
          91.7362,
          26.1445
        ]
      }
    },
    {
      "type": "Feature",
      "properties": {
        "source": "GSI",
        "source_record_id": "GSI_Darjeeling_West_Bengal_20260919_035747",
        "event_type": "geological",
        "timestamp": "2026-09-19T03:57:47.211279",
        "valid_from": "2026-09-19T03:57:47.211279",
        "valid_until": "2026-09-19T09:57:47.211279",
        "location_name": "Darjeeling, West Bengal",
        "risk_zone": "high",
        "event_type_detail": null,
        "severity": null,
        "description": "Normal geological conditions"
      },
      "geometry": {
        "type": "Point",
        "coordinates": [
          88.2627,
          27.036
        ]
      }
    },
    {
      "type": "Feature",
      "properties": {
        "source": "GSI",
        "source_record_id": "GSI_Uttarakhand_(Rudraprayag)_20260919_035747",
        "event_type": "geological",
        "timestamp": "2026-09-19T03:57:47.211279",
        "valid_from": "2026-09-19T03:57:47.211279",
        "valid_until": "2026-09-19T09:57:47.211279",
        "location_name": "Uttarakhand (Rudraprayag)",
        "risk_zone": "high",
        "event_type_detail": null,
        "severity": null,
        "description": "Normal geological conditions"
      },
      "geometry": {
        "type": "Point",
        "coordinates": [
          88.9776,
          30.2865
        ]
      }
    },
    {
      "type": "Feature",
      "properties": {
        "source": "GSI",
        "source_record_id": "GSI_Himachal_Pradesh_(Mandi)_20260919_035747",
        "event_type": "geological",
        "timestamp": "2026-09-19T03:57:47.211279",
        "valid_from": "2026-09-19T03:57:47.211279",
        "valid_until": "2026-09-19T09:57:47.211279",
        "location_name": "Himachal Pradesh (Mandi)",
        "risk_zone": "medium",
        "event_type_detail": null,
        "severity": null,
        "description": "Normal geological conditions"
      },
      "geometry": {
        "type": "Point",
        "coordinates": [
          76.9366,
          31.7084
        ]
      }
    },
    {
      "type": "Feature",
      "properties": {
        "source": "GSI",
        "source_record_id": "GSI_Sikkim_(Gangtok)_20260919_035747",
        "event_type": "geological",
        "timestamp": "2026-09-19T03:57:47.211279",
        "valid_from": "2026-09-19T03:57:47.211279",
        "valid_until": "2026-09-19T09:57:47.211279",
        "location_name": "Sikkim (Gangtok)",
        "risk_zone": "high",
        "event_type_detail": null,
        "severity": null,
        "description": "Normal geological conditions"
      },
      "geometry": {
        "type": "Point",
        "coordinates": [
          88.6065,
          27.3389
        ]
      }
    },
    {
      "type": "Feature",
      "properties": {
        "source": "GSI",
        "source_record_id": "GSI_Assam_(Guwahati)_20260919_035747",
        "event_type": "geological",
        "timestamp": "2026-09-19T03:57:47.211279",
        "valid_from": "2026-09-19T03:57:47.211279",
        "valid_until": "2026-09-19T09:57:47.211279",
        "location_name": "Assam (Guwahati)",
        "risk_zone": "medium",
        "event_type_detail": null,
        "severity": null,
        "description": "Normal geological conditions"
      },
      "geometry": {
        "type": "Point",
        "coordinates": [
          91.7362,
          26.1445
        ]
      }
    },
    {
      "type": "Feature",
      "properties": {
        "source": "GSI",
        "source_record_id": "GSI_Darjeeling_West_Bengal_20260919_045747",
        "event_type": "geological",
        "timestamp": "2026-09-19T04:57:47.211279",
        "valid_from": "2026-09-19T04:57:47.211279",
        "valid_until": "2026-09-19T10:57:47.211279",
        "location_name": "Darjeeling, West Bengal",
        "risk_zone": "high",
        "event_type_detail": null,
        "severity": null,
        "description": "Normal geological conditions"
      },
      "geometry": {
        "type": "Point",
        "coordinates": [
          88.2627,
          27.036
        ]
      }
    },
    {
      "type": "Feature",
      "properties": {
        "source": "GSI",
        "source_record_id": "GSI_Uttarakhand_(Rudraprayag)_20260919_045747",
        "event_type": "geological",
        "timestamp": "2026-09-19T04:57:47.211279",
        "valid_from": "2026-09-19T04:57:47.211279",
        "valid_until": "2026-09-19T10:57:47.211279",
        "location_name": "Uttarakhand (Rudraprayag)",
        "risk_zone": "high",
        "event_type_detail": null,
        "severity": null,
        "description": "Normal geological conditions"
      },
      "geometry": {
        "type": "Point",
        "coordinates": [
          88.9776,
          30.2865
        ]
      }
    },
    {
      "type": "Feature",
      "properties": {
        "source": "GSI",
        "source_record_id": "GSI_Himachal_Pradesh_(Mandi)_20260919_045747",
        "event_type": "geological",
        "timestamp": "2026-09-19T04:57:47.211279",
        "valid_from": "2026-09-19T04:57:47.211279",
        "valid_until": "2026-09-19T10:57:47.211279",
        "location_name": "Himachal Pradesh (Mandi)",
        "risk_zone": "medium",
        "event_type_detail": null,
        "severity": null,
        "description": "Normal geological conditions"
      },
      "geometry": {
        "type": "Point",
        "coordinates": [
          76.9366,
          31.7084
        ]
      }
    },
    {
      "type": "Feature",
      "properties": {
        "source": "GSI",
        "source_record_id": "GSI_Sikkim_(Gangtok)_20260919_045747",
        "event_type": "geological",
        "timestamp": "2026-09-19T04:57:47.211279",
        "valid_from": "2026-09-19T04:57:47.211279",
        "valid_until": "2026-09-19T10:57:47.211279",
        "location_name": "Sikkim (Gangtok)",
        "risk_zone": "high",
        "event_type_detail": null,
        "severity": null,
        "description": "Normal geological conditions"
      },
      "geometry": {
        "type": "Point",
        "coordinates": [
          88.6065,
          27.3389
        ]
      }
    },
    {
      "type": "Feature",
      "properties": {
        "source": "GSI",
        "source_record_id": "GSI_Assam_(Guwahati)_20260919_045747",
        "event_type": "geological",
        "timestamp": "2026-09-19T04:57:47.211279",
        "valid_from": "2026-09-19T04:57:47.211279",
        "valid_until": "2026-09-19T10:57:47.211279",
        "location_name": "Assam (Guwahati)",
        "risk_zone": "medium",
        "event_type_detail": null,
        "severity": null,
        "description": "Normal geological conditions"
      },
      "geometry": {
        "type": "Point",
        "coordinates": [
          91.7362,
          26.1445
        ]
      }
    },
    {
      "type": "Feature",
      "properties": {
        "source": "GSI",
        "source_record_id": "GSI_Darjeeling_West_Bengal_20260919_055747",
        "event_type": "geological",
        "timestamp": "2026-09-19T05:57:47.211279",
        "valid_from": "2026-09-19T05:57:47.211279",
        "valid_until": "2026-09-19T11:57:47.211279",
        "location_name": "Darjeeling, West Bengal",
        "risk_zone": "high",
        "event_type_detail": null,
        "severity": null,
        "description": "Normal geological conditions"
      },
      "geometry": {
        "type": "Point",
        "coordinates": [
          88.2627,
          27.036
        ]
      }
    },
    {
      "type": "Feature",
      "properties": {
        "source": "GSI",
        "source_record_id": "GSI_Uttarakhand_(Rudraprayag)_20260919_055747",
        "event_type": "geological",
        "timestamp": "2026-09-19T05:57:47.211279",
        "valid_from": "2026-09-19T05:57:47.211279",
        "valid_until": "2026-09-19T11:57:47.211279",
        "location_name": "Uttarakhand (Rudraprayag)",
        "risk_zone": "high",
        "event_type_detail": null,
        "severity": null,
        "description": "Normal geological conditions"
      },
      "geometry": {
        "type": "Point",
        "coordinates": [
          88.9776,
          30.2865
        ]
      }
    },
    {
      "type": "Feature",
      "properties": {
        "source": "GSI",
        "source_record_id": "GSI_Himachal_Pradesh_(Mandi)_20260919_055747",
        "event_type": "geological",
        "timestamp": "2026-09-19T05:57:47.211279",
        "valid_from": "2026-09-19T05:57:47.211279",
        "valid_until": "2026-09-19T11:57:47.211279",
        "location_name": "Himachal Pradesh (Mandi)",
        "risk_zone": "medium",
        "event_type_detail": null,
        "severity": null,
        "description": "Normal geological conditions"
      },
      "geometry": {
        "type": "Point",
        "coordinates": [
          76.9366,
          31.7084
        ]
      }
    },
    {
      "type": "Feature",
      "properties": {
        "source": "GSI",
        "source_record_id": "GSI_Sikkim_(Gangtok)_20260919_055747",
        "event_type": "geological",
        "timestamp": "2026-09-19T05:57:47.211279",
        "valid_from": "2026-09-19T05:57:47.211279",
        "valid_until": "2026-09-19T11:57:47.211279",
        "location_name": "Sikkim (Gangtok)",
        "risk_zone": "high",
        "event_type_detail": null,
        "severity": null,
        "description": "Normal geological conditions"
      },
      "geometry": {
        "type": "Point",
        "coordinates": [
          88.6065,
          27.3389
        ]
      }
    },
    {
      "type": "Feature",
      "properties": {
        "source": "GSI",
        "source_record_id": "GSI_Assam_(Guwahati)_20260919_055747",
        "event_type": "geological",
        "timestamp": "2026-09-19T05:57:47.211279",
        "valid_from": "2026-09-19T05:57:47.211279",
        "valid_until": "2026-09-19T11:57:47.211279",
        "location_name": "Assam (Guwahati)",
        "risk_zone": "medium",
        "event_type_detail": null,
        "severity": null,
        "description": "Normal geological conditions"
      },
      "geometry": {
        "type": "Point",
        "coordinates": [
          91.7362,
          26.1445
        ]
      }
    },
    {
      "type": "Feature",
      "properties": {
        "source": "GSI",
        "source_record_id": "GSI_Darjeeling_West_Bengal_20260919_065747",
        "event_type": "geological",
        "timestamp": "2026-09-19T06:57:47.211279",
        "valid_from": "2026-09-19T06:57:47.211279",
        "valid_until": "2026-09-19T12:57:47.211279",
        "location_name": "Darjeeling, West Bengal",
        "risk_zone": "high",
        "event_type_detail": null,
        "severity": null,
        "description": "Normal geological conditions"
      },
      "geometry": {
        "type": "Point",
        "coordinates": [
          88.2627,
          27.036
        ]
      }
    },
    {
      "type": "Feature",
      "properties": {
        "source": "GSI",
        "source_record_id": "GSI_Uttarakhand_(Rudraprayag)_20260919_065747",
        "event_type": "geological",
        "timestamp": "2026-09-19T06:57:47.211279",
        "valid_from": "2026-09-19T06:57:47.211279",
        "valid_until": "2026-09-19T12:57:47.211279",
        "location_name": "Uttarakhand (Rudraprayag)",
        "risk_zone": "high",
        "event_type_detail": null,
        "severity": null,
        "description": "Normal geological conditions"
      },
      "geometry": {
        "type": "Point",
        "coordinates": [
          88.9776,
          30.2865
        ]
      }
    },
    {
      "type": "Feature",
      "properties": {
        "source": "GSI",
        "source_record_id": "GSI_Himachal_Pradesh_(Mandi)_20260919_065747",
        "event_type": "geological",
        "timestamp": "2026-09-19T06:57:47.211279",
        "valid_from": "2026-09-19T06:57:47.211279",
        "valid_until": "2026-09-19T12:57:47.211279",
        "location_name": "Himachal Pradesh (Mandi)",
        "risk_zone": "medium",
        "event_type_detail": null,
        "severity": null,
        "description": "Normal geological conditions"
      },
      "geometry": {
        "type": "Point",
        "coordinates": [
          76.9366,
          31.7084
        ]
      }
    },
    {
      "type": "Feature",
      "properties": {
        "source": "GSI",
        "source_record_id": "GSI_Sikkim_(Gangtok)_20260919_065747",
        "event_type": "geological",
        "timestamp": "2026-09-19T06:57:47.211279",
        "valid_from": "2026-09-19T06:57:47.211279",
        "valid_until": "2026-09-19T12:57:47.211279",
        "location_name": "Sikkim (Gangtok)",
        "risk_zone": "high",
        "event_type_detail": null,
        "severity": null,
        "description": "Normal geological conditions"
      },
      "geometry": {
        "type": "Point",
        "coordinates": [
          88.6065,
          27.3389
        ]
      }
    },
    {
      "type": "Feature",
      "properties": {
        "source": "GSI",
        "source_record_id": "GSI_Assam_(Guwahati)_20260919_065747",
        "event_type": "geological",
        "timestamp": "2026-09-19T06:57:47.211279",
        "valid_from": "2026-09-19T06:57:47.211279",
        "valid_until": "2026-09-19T12:57:47.211279",
        "location_name": "Assam (Guwahati)",
        "risk_zone": "medium",
        "event_type_detail": null,
        "severity": null,
        "description": "Normal geological conditions"
      },
      "geometry": {
        "type": "Point",
        "coordinates": [
          91.7362,
          26.1445
        ]
      }
    },
    {
      "type": "Feature",
      "properties": {
        "source": "GSI",
        "source_record_id": "GSI_Darjeeling_West_Bengal_20260919_075747",
        "event_type": "geological",
        "timestamp": "2026-09-19T07:57:47.211279",
        "valid_from": "2026-09-19T07:57:47.211279",
        "valid_until": "2026-09-19T13:57:47.211279",
        "location_name": "Darjeeling, West Bengal",
        "risk_zone": "high",
        "event_type_detail": null,
        "severity": null,
        "description": "Normal geological conditions"
      },
      "geometry": {
        "type": "Point",
        "coordinates": [
          88.2627,
          27.036
        ]
      }
    },
    {
      "type": "Feature",
      "properties": {
        "source": "GSI",
        "source_record_id": "GSI_Uttarakhand_(Rudraprayag)_20260919_075747",
        "event_type": "geological",
        "timestamp": "2026-09-19T07:57:47.211279",
        "valid_from": "2026-09-19T07:57:47.211279",
        "valid_until": "2026-09-19T13:57:47.211279",
        "location_name": "Uttarakhand (Rudraprayag)",
        "risk_zone": "high",
        "event_type_detail": null,
        "severity": null,
        "description": "Normal geological conditions"
      },
      "geometry": {
        "type": "Point",
        "coordinates": [
          88.9776,
          30.2865
        ]
      }
    },
    {
      "type": "Feature",
      "properties": {
        "source": "GSI",
        "source_record_id": "GSI_Himachal_Pradesh_(Mandi)_20260919_075747",
        "event_type": "geological",
        "timestamp": "2026-09-19T07:57:47.211279",
        "valid_from": "2026-09-19T07:57:47.211279",
        "valid_until": "2026-09-19T13:57:47.211279",
        "location_name": "Himachal Pradesh (Mandi)",
        "risk_zone": "medium",
        "event_type_detail": null,
        "severity": null,
        "description": "Normal geological conditions"
      },
      "geometry": {
        "type": "Point",
        "coordinates": [
          76.9366,
          31.7084
        ]
      }
    },
    {
      "type": "Feature",
      "properties": {
        "source": "GSI",
        "source_record_id": "GSI_Sikkim_(Gangtok)_20260919_075747",
        "event_type": "geological",
        "timestamp": "2026-09-19T07:57:47.211279",
        "valid_from": "2026-09-19T07:57:47.211279",
        "valid_until": "2026-09-19T13:57:47.211279",
        "location_name": "Sikkim (Gangtok)",
        "risk_zone": "high",
        "event_type_detail": null,
        "severity": null,
        "description": "Normal geological conditions"
      },
      "geometry": {
        "type": "Point",
        "coordinates": [
          88.6065,
          27.3389
        ]
      }
    },
    {
      "type": "Feature",
      "properties": {
        "source": "GSI",
        "source_record_id": "GSI_Assam_(Guwahati)_20260919_075747",
        "event_type": "geological",
        "timestamp": "2026-09-19T07:57:47.211279",
        "valid_from": "2026-09-19T07:57:47.211279",
        "valid_until": "2026-09-19T13:57:47.211279",
        "location_name": "Assam (Guwahati)",
        "risk_zone": "medium",
        "event_type_detail": null,
        "severity": null,
        "description": "Normal geological conditions"
      },
      "geometry": {
        "type": "Point",
        "coordinates": [
          91.7362,
          26.1445
        ]
      }
    },
    {
      "type": "Feature",
      "properties": {
        "source": "GSI",
        "source_record_id": "GSI_Darjeeling_West_Bengal_20260919_085747",
        "event_type": "geological",
        "timestamp": "2026-09-19T08:57:47.211279",
        "valid_from": "2026-09-19T08:57:47.211279",
        "valid_until": "2026-09-19T14:57:47.211279",
        "location_name": "Darjeeling, West Bengal",
        "risk_zone": "high",
        "event_type_detail": "landslide",
        "severity": "low",
        "description": "Landslide in Darjeeling, West Bengal"
      },
      "geometry": {
        "type": "Point",
        "coordinates": [
          88.2627,
          27.036
        ]
      }
    },
    {
      "type": "Feature",
      "properties": {
        "source": "GSI",
        "source_record_id": "GSI_Uttarakhand_(Rudraprayag)_20260919_085747",
        "event_type": "geological",
        "timestamp": "2026-09-19T08:57:47.211279",
        "valid_from": "2026-09-19T08:57:47.211279",
        "valid_until": "2026-09-19T14:57:47.211279",
        "location_name": "Uttarakhand (Rudraprayag)",
        "risk_zone": "high",
        "event_type_detail": null,
        "severity": null,
        "description": "Normal geological conditions"
      },
      "geometry": {
        "type": "Point",
        "coordinates": [
          88.9776,
          30.2865
        ]
      }
    },
    {
      "type": "Feature",
      "properties": {
        "source": "GSI",
        "source_record_id": "GSI_Himachal_Pradesh_(Mandi)_20260919_085747",
        "event_type": "geological",
        "timestamp": "2026-09-19T08:57:47.211279",
        "valid_from": "2026-09-19T08:57:47.211279",
        "valid_until": "2026-09-19T14:57:47.211279",
        "location_name": "Himachal Pradesh (Mandi)",
        "risk_zone": "medium",
        "event_type_detail": null,
        "severity": null,
        "description": "Normal geological conditions"
      },
      "geometry": {
        "type": "Point",
        "coordinates": [
          76.9366,
          31.7084
        ]
      }
    },
    {
      "type": "Feature",
      "properties": {
        "source": "GSI",
        "source_record_id": "GSI_Sikkim_(Gangtok)_20260919_085747",
        "event_type": "geological",
        "timestamp": "2026-09-19T08:57:47.211279",
        "valid_from": "2026-09-19T08:57:47.211279",
        "valid_until": "2026-09-19T14:57:47.211279",
        "location_name": "Sikkim (Gangtok)",
        "risk_zone": "high",
        "event_type_detail": null,
        "severity": null,
        "description": "Normal geological conditions"
      },
      "geometry": {
        "type": "Point",
        "coordinates": [
          88.6065,
          27.3389
        ]
      }
    },
    {
      "type": "Feature",
      "properties": {
        "source": "GSI",
        "source_record_id": "GSI_Assam_(Guwahati)_20260919_085747",
        "event_type": "geological",
        "timestamp": "2026-09-19T08:57:47.211279",
        "valid_from": "2026-09-19T08:57:47.211279",
        "valid_until": "2026-09-19T14:57:47.211279",
        "location_name": "Assam (Guwahati)",
        "risk_zone": "medium",
        "event_type_detail": null,
        "severity": null,
        "description": "Normal geological conditions"
      },
      "geometry": {
        "type": "Point",
        "coordinates": [
          91.7362,
          26.1445
        ]
      }
    },
    {
      "type": "Feature",
      "properties": {
        "source": "GSI",
        "source_record_id": "GSI_Darjeeling_West_Bengal_20260919_095747",
        "event_type": "geological",
        "timestamp": "2026-09-19T09:57:47.211279",
        "valid_from": "2026-09-19T09:57:47.211279",
        "valid_until": "2026-09-19T15:57:47.211279",
        "location_name": "Darjeeling, West Bengal",
        "risk_zone": "high",
        "event_type_detail": null,
        "severity": null,
        "description": "Normal geological conditions"
      },
      "geometry": {
        "type": "Point",
        "coordinates": [
          88.2627,
          27.036
        ]
      }
    },
    {
      "type": "Feature",
      "properties": {
        "source": "GSI",
        "source_record_id": "GSI_Uttarakhand_(Rudraprayag)_20260919_095747",
        "event_type": "geological",
        "timestamp": "2026-09-19T09:57:47.211279",
        "valid_from": "2026-09-19T09:57:47.211279",
        "valid_until": "2026-09-19T15:57:47.211279",
        "location_name": "Uttarakhand (Rudraprayag)",
        "risk_zone": "high",
        "event_type_detail": null,
        "severity": null,
        "description": "Normal geological conditions"
      },
      "geometry": {
        "type": "Point",
        "coordinates": [
          88.9776,
          30.2865
        ]
      }
    },
    {
      "type": "Feature",
      "properties": {
        "source": "GSI",
        "source_record_id": "GSI_Himachal_Pradesh_(Mandi)_20260919_095747",
        "event_type": "geological",
        "timestamp": "2026-09-19T09:57:47.211279",
        "valid_from": "2026-09-19T09:57:47.211279",
        "valid_until": "2026-09-19T15:57:47.211279",
        "location_name": "Himachal Pradesh (Mandi)",
        "risk_zone": "medium",
        "event_type_detail": null,
        "severity": null,
        "description": "Normal geological conditions"
      },
      "geometry": {
        "type": "Point",
        "coordinates": [
          76.9366,
          31.7084
        ]
      }
    },
    {
      "type": "Feature",
      "properties": {
        "source": "GSI",
        "source_record_id": "GSI_Sikkim_(Gangtok)_20260919_095747",
        "event_type": "geological",
        "timestamp": "2026-09-19T09:57:47.211279",
        "valid_from": "2026-09-19T09:57:47.211279",
        "valid_until": "2026-09-19T15:57:47.211279",
        "location_name": "Sikkim (Gangtok)",
        "risk_zone": "high",
        "event_type_detail": null,
        "severity": null,
        "description": "Normal geological conditions"
      },
      "geometry": {
        "type": "Point",
        "coordinates": [
          88.6065,
          27.3389
        ]
      }
    },
    {
      "type": "Feature",
      "properties": {
        "source": "GSI",
        "source_record_id": "GSI_Assam_(Guwahati)_20260919_095747",
        "event_type": "geological",
        "timestamp": "2026-09-19T09:57:47.211279",
        "valid_from": "2026-09-19T09:57:47.211279",
        "valid_until": "2026-09-19T15:57:47.211279",
        "location_name": "Assam (Guwahati)",
        "risk_zone": "medium",
        "event_type_detail": null,
        "severity": null,
        "description": "Normal geological conditions"
      },
      "geometry": {
        "type": "Point",
        "coordinates": [
          91.7362,
          26.1445
        ]
      }
    },
    {
      "type": "Feature",
      "properties": {
        "source": "GSI",
        "source_record_id": "GSI_Darjeeling_West_Bengal_20260919_105747",
        "event_type": "geological",
        "timestamp": "2026-09-19T10:57:47.211279",
        "valid_from": "2026-09-19T10:57:47.211279",
        "valid_until": "2026-09-19T16:57:47.211279",
        "location_name": "Darjeeling, West Bengal",
        "risk_zone": "high",
        "event_type_detail": null,
        "severity": null,
        "description": "Normal geological conditions"
      },
      "geometry": {
        "type": "Point",
        "coordinates": [
          88.2627,
          27.036
        ]
      }
    },
    {
      "type": "Feature",
      "properties": {
        "source": "GSI",
        "source_record_id": "GSI_Uttarakhand_(Rudraprayag)_20260919_105747",
        "event_type": "geological",
        "timestamp": "2026-09-19T10:57:47.211279",
        "valid_from": "2026-09-19T10:57:47.211279",
        "valid_until": "2026-09-19T16:57:47.211279",
        "location_name": "Uttarakhand (Rudraprayag)",
        "risk_zone": "high",
        "event_type_detail": null,
        "severity": null,
        "description": "Normal geological conditions"
      },
      "geometry": {
        "type": "Point",
        "coordinates": [
          88.9776,
          30.2865
        ]
      }
    },
    {
      "type": "Feature",
      "properties": {
        "source": "GSI",
        "source_record_id": "GSI_Himachal_Pradesh_(Mandi)_20260919_105747",
        "event_type": "geological",
        "timestamp": "2026-09-19T10:57:47.211279",
        "valid_from": "2026-09-19T10:57:47.211279",
        "valid_until": "2026-09-19T16:57:47.211279",
        "location_name": "Himachal Pradesh (Mandi)",
        "risk_zone": "medium",
        "event_type_detail": null,
        "severity": null,
        "description": "Normal geological conditions"
      },
      "geometry": {
        "type": "Point",
        "coordinates": [
          76.9366,
          31.7084
        ]
      }
    },
    {
      "type": "Feature",
      "properties": {
        "source": "GSI",
        "source_record_id": "GSI_Sikkim_(Gangtok)_20260919_105747",
        "event_type": "geological",
        "timestamp": "2026-09-19T10:57:47.211279",
        "valid_from": "2026-09-19T10:57:47.211279",
        "valid_until": "2026-09-19T16:57:47.211279",
        "location_name": "Sikkim (Gangtok)",
        "risk_zone": "high",
        "event_type_detail": null,
        "severity": null,
        "description": "Normal geological conditions"
      },
      "geometry": {
        "type": "Point",
        "coordinates": [
          88.6065,
          27.3389
        ]
      }
    },
    {
      "type": "Feature",
      "properties": {
        "source": "GSI",
        "source_record_id": "GSI_Assam_(Guwahati)_20260919_105747",
        "event_type": "geological",
        "timestamp": "2026-09-19T10:57:47.211279",
        "valid_from": "2026-09-19T10:57:47.211279",
        "valid_until": "2026-09-19T16:57:47.211279",
        "location_name": "Assam (Guwahati)",
        "risk_zone": "medium",
        "event_type_detail": null,
        "severity": null,
        "description": "Normal geological conditions"
      },
      "geometry": {
        "type": "Point",
        "coordinates": [
          91.7362,
          26.1445
        ]
      }
    },
    {
      "type": "Feature",
      "properties": {
        "source": "GSI",
        "source_record_id": "GSI_Darjeeling_West_Bengal_20260919_115747",
        "event_type": "geological",
        "timestamp": "2026-09-19T11:57:47.211279",
        "valid_from": "2026-09-19T11:57:47.211279",
        "valid_until": "2026-09-19T17:57:47.211279",
        "location_name": "Darjeeling, West Bengal",
        "risk_zone": "high",
        "event_type_detail": null,
        "severity": null,
        "description": "Normal geological conditions"
      },
      "geometry": {
        "type": "Point",
        "coordinates": [
          88.2627,
          27.036
        ]
      }
    },
    {
      "type": "Feature",
      "properties": {
        "source": "GSI",
        "source_record_id": "GSI_Uttarakhand_(Rudraprayag)_20260919_115747",
        "event_type": "geological",
        "timestamp": "2026-09-19T11:57:47.211279",
        "valid_from": "2026-09-19T11:57:47.211279",
        "valid_until": "2026-09-19T17:57:47.211279",
        "location_name": "Uttarakhand (Rudraprayag)",
        "risk_zone": "high",
        "event_type_detail": null,
        "severity": null,
        "description": "Normal geological conditions"
      },
      "geometry": {
        "type": "Point",
        "coordinates": [
          88.9776,
          30.2865
        ]
      }
    },
    {
      "type": "Feature",
      "properties": {
        "source": "GSI",
        "source_record_id": "GSI_Himachal_Pradesh_(Mandi)_20260919_115747",
        "event_type": "geological",
        "timestamp": "2026-09-19T11:57:47.211279",
        "valid_from": "2026-09-19T11:57:47.211279",
        "valid_until": "2026-09-19T17:57:47.211279",
        "location_name": "Himachal Pradesh (Mandi)",
        "risk_zone": "medium",
        "event_type_detail": null,
        "severity": null,
        "description": "Normal geological conditions"
      },
      "geometry": {
        "type": "Point",
        "coordinates": [
          76.9366,
          31.7084
        ]
      }
    },
    {
      "type": "Feature",
      "properties": {
        "source": "GSI",
        "source_record_id": "GSI_Sikkim_(Gangtok)_20260919_115747",
        "event_type": "geological",
        "timestamp": "2026-09-19T11:57:47.211279",
        "valid_from": "2026-09-19T11:57:47.211279",
        "valid_until": "2026-09-19T17:57:47.211279",
        "location_name": "Sikkim (Gangtok)",
        "risk_zone": "high",
        "event_type_detail": null,
        "severity": null,
        "description": "Normal geological conditions"
      },
      "geometry": {
        "type": "Point",
        "coordinates": [
          88.6065,
          27.3389
        ]
      }
    },
    {
      "type": "Feature",
      "properties": {
        "source": "GSI",
        "source_record_id": "GSI_Assam_(Guwahati)_20260919_115747",
        "event_type": "geological",
        "timestamp": "2026-09-19T11:57:47.211279",
        "valid_from": "2026-09-19T11:57:47.211279",
        "valid_until": "2026-09-19T17:57:47.211279",
        "location_name": "Assam (Guwahati)",
        "risk_zone": "medium",
        "event_type_detail": null,
        "severity": null,
        "description": "Normal geological conditions"
      },
      "geometry": {
        "type": "Point",
        "coordinates": [
          91.7362,
          26.1445
        ]
      }
    },
    {
      "type": "Feature",
      "properties": {
        "source": "GSI",
        "source_record_id": "GSI_Darjeeling_West_Bengal_20260919_125747",
        "event_type": "geological",
        "timestamp": "2026-09-19T12:57:47.211279",
        "valid_from": "2026-09-19T12:57:47.211279",
        "valid_until": "2026-09-19T18:57:47.211279",
        "location_name": "Darjeeling, West Bengal",
        "risk_zone": "high",
        "event_type_detail": null,
        "severity": null,
        "description": "Normal geological conditions"
      },
      "geometry": {
        "type": "Point",
        "coordinates": [
          88.2627,
          27.036
        ]
      }
    },
    {
      "type": "Feature",
      "properties": {
        "source": "GSI",
        "source_record_id": "GSI_Uttarakhand_(Rudraprayag)_20260919_125747",
        "event_type": "geological",
        "timestamp": "2026-09-19T12:57:47.211279",
        "valid_from": "2026-09-19T12:57:47.211279",
        "valid_until": "2026-09-19T18:57:47.211279",
        "location_name": "Uttarakhand (Rudraprayag)",
        "risk_zone": "high",
        "event_type_detail": null,
        "severity": null,
        "description": "Normal geological conditions"
      },
      "geometry": {
        "type": "Point",
        "coordinates": [
          88.9776,
          30.2865
        ]
      }
    },
    {
      "type": "Feature",
      "properties": {
        "source": "GSI",
        "source_record_id": "GSI_Himachal_Pradesh_(Mandi)_20260919_125747",
        "event_type": "geological",
        "timestamp": "2026-09-19T12:57:47.211279",
        "valid_from": "2026-09-19T12:57:47.211279",
        "valid_until": "2026-09-19T18:57:47.211279",
        "location_name": "Himachal Pradesh (Mandi)",
        "risk_zone": "medium",
        "event_type_detail": null,
        "severity": null,
        "description": "Normal geological conditions"
      },
      "geometry": {
        "type": "Point",
        "coordinates": [
          76.9366,
          31.7084
        ]
      }
    },
    {
      "type": "Feature",
      "properties": {
        "source": "GSI",
        "source_record_id": "GSI_Sikkim_(Gangtok)_20260919_125747",
        "event_type": "geological",
        "timestamp": "2026-09-19T12:57:47.211279",
        "valid_from": "2026-09-19T12:57:47.211279",
        "valid_until": "2026-09-19T18:57:47.211279",
        "location_name": "Sikkim (Gangtok)",
        "risk_zone": "high",
        "event_type_detail": null,
        "severity": null,
        "description": "Normal geological conditions"
      },
      "geometry": {
        "type": "Point",
        "coordinates": [
          88.6065,
          27.3389
        ]
      }
    },
    {
      "type": "Feature",
      "properties": {
        "source": "GSI",
        "source_record_id": "GSI_Assam_(Guwahati)_20260919_125747",
        "event_type": "geological",
        "timestamp": "2026-09-19T12:57:47.211279",
        "valid_from": "2026-09-19T12:57:47.211279",
        "valid_until": "2026-09-19T18:57:47.211279",
        "location_name": "Assam (Guwahati)",
        "risk_zone": "medium",
        "event_type_detail": null,
        "severity": null,
        "description": "Normal geological conditions"
      },
      "geometry": {
        "type": "Point",
        "coordinates": [
          91.7362,
          26.1445
        ]
      }
    },
    {
      "type": "Feature",
      "properties": {
        "source": "GSI",
        "source_record_id": "GSI_Darjeeling_West_Bengal_20260919_135747",
        "event_type": "geological",
        "timestamp": "2026-09-19T13:57:47.211279",
        "valid_from": "2026-09-19T13:57:47.211279",
        "valid_until": "2026-09-19T19:57:47.211279",
        "location_name": "Darjeeling, West Bengal",
        "risk_zone": "high",
        "event_type_detail": null,
        "severity": null,
        "description": "Normal geological conditions"
      },
      "geometry": {
        "type": "Point",
        "coordinates": [
          88.2627,
          27.036
        ]
      }
    },
    {
      "type": "Feature",
      "properties": {
        "source": "GSI",
        "source_record_id": "GSI_Uttarakhand_(Rudraprayag)_20260919_135747",
        "event_type": "geological",
        "timestamp": "2026-09-19T13:57:47.211279",
        "valid_from": "2026-09-19T13:57:47.211279",
        "valid_until": "2026-09-19T19:57:47.211279",
        "location_name": "Uttarakhand (Rudraprayag)",
        "risk_zone": "high",
        "event_type_detail": null,
        "severity": null,
        "description": "Normal geological conditions"
      },
      "geometry": {
        "type": "Point",
        "coordinates": [
          88.9776,
          30.2865
        ]
      }
    },
    {
      "type": "Feature",
      "properties": {
        "source": "GSI",
        "source_record_id": "GSI_Himachal_Pradesh_(Mandi)_20260919_135747",
        "event_type": "geological",
        "timestamp": "2026-09-19T13:57:47.211279",
        "valid_from": "2026-09-19T13:57:47.211279",
        "valid_until": "2026-09-19T19:57:47.211279",
        "location_name": "Himachal Pradesh (Mandi)",
        "risk_zone": "medium",
        "event_type_detail": null,
        "severity": null,
        "description": "Normal geological conditions"
      },
      "geometry": {
        "type": "Point",
        "coordinates": [
          76.9366,
          31.7084
        ]
      }
    },
    {
      "type": "Feature",
      "properties": {
        "source": "GSI",
        "source_record_id": "GSI_Sikkim_(Gangtok)_20260919_135747",
        "event_type": "geological",
        "timestamp": "2026-09-19T13:57:47.211279",
        "valid_from": "2026-09-19T13:57:47.211279",
        "valid_until": "2026-09-19T19:57:47.211279",
        "location_name": "Sikkim (Gangtok)",
        "risk_zone": "high",
        "event_type_detail": null,
        "severity": null,
        "description": "Normal geological conditions"
      },
      "geometry": {
        "type": "Point",
        "coordinates": [
          88.6065,
          27.3389
        ]
      }
    },
    {
      "type": "Feature",
      "properties": {
        "source": "GSI",
        "source_record_id": "GSI_Assam_(Guwahati)_20260919_135747",
        "event_type": "geological",
        "timestamp": "2026-09-19T13:57:47.211279",
        "valid_from": "2026-09-19T13:57:47.211279",
        "valid_until": "2026-09-19T19:57:47.211279",
        "location_name": "Assam (Guwahati)",
        "risk_zone": "medium",
        "event_type_detail": null,
        "severity": null,
        "description": "Normal geological conditions"
      },
      "geometry": {
        "type": "Point",
        "coordinates": [
          91.7362,
          26.1445
        ]
      }
    },
    {
      "type": "Feature",
      "properties": {
        "source": "GSI",
        "source_record_id": "GSI_Darjeeling_West_Bengal_20260919_145747",
        "event_type": "geological",
        "timestamp": "2026-09-19T14:57:47.211279",
        "valid_from": "2026-09-19T14:57:47.211279",
        "valid_until": "2026-09-19T20:57:47.211279",
        "location_name": "Darjeeling, West Bengal",
        "risk_zone": "high",
        "event_type_detail": null,
        "severity": null,
        "description": "Normal geological conditions"
      },
      "geometry": {
        "type": "Point",
        "coordinates": [
          88.2627,
          27.036
        ]
      }
    },
    {
      "type": "Feature",
      "properties": {
        "source": "GSI",
        "source_record_id": "GSI_Uttarakhand_(Rudraprayag)_20260919_145747",
        "event_type": "geological",
        "timestamp": "2026-09-19T14:57:47.211279",
        "valid_from": "2026-09-19T14:57:47.211279",
        "valid_until": "2026-09-19T20:57:47.211279",
        "location_name": "Uttarakhand (Rudraprayag)",
        "risk_zone": "high",
        "event_type_detail": null,
        "severity": null,
        "description": "Normal geological conditions"
      },
      "geometry": {
        "type": "Point",
        "coordinates": [
          88.9776,
          30.2865
        ]
      }
    },
    {
      "type": "Feature",
      "properties": {
        "source": "GSI",
        "source_record_id": "GSI_Himachal_Pradesh_(Mandi)_20260919_145747",
        "event_type": "geological",
        "timestamp": "2026-09-19T14:57:47.211279",
        "valid_from": "2026-09-19T14:57:47.211279",
        "valid_until": "2026-09-19T20:57:47.211279",
        "location_name": "Himachal Pradesh (Mandi)",
        "risk_zone": "medium",
        "event_type_detail": "rockfall",
        "severity": "medium",
        "description": "Rockfall in Himachal Pradesh (Mandi)"
      },
      "geometry": {
        "type": "Point",
        "coordinates": [
          76.9366,
          31.7084
        ]
      }
    },
    {
      "type": "Feature",
      "properties": {
        "source": "GSI",
        "source_record_id": "GSI_Sikkim_(Gangtok)_20260919_145747",
        "event_type": "geological",
        "timestamp": "2026-09-19T14:57:47.211279",
        "valid_from": "2026-09-19T14:57:47.211279",
        "valid_until": "2026-09-19T20:57:47.211279",
        "location_name": "Sikkim (Gangtok)",
        "risk_zone": "high",
        "event_type_detail": null,
        "severity": null,
        "description": "Normal geological conditions"
      },
      "geometry": {
        "type": "Point",
        "coordinates": [
          88.6065,
          27.3389
        ]
      }
    },
    {
      "type": "Feature",
      "properties": {
        "source": "GSI",
        "source_record_id": "GSI_Assam_(Guwahati)_20260919_145747",
        "event_type": "geological",
        "timestamp": "2026-09-19T14:57:47.211279",
        "valid_from": "2026-09-19T14:57:47.211279",
        "valid_until": "2026-09-19T20:57:47.211279",
        "location_name": "Assam (Guwahati)",
        "risk_zone": "medium",
        "event_type_detail": null,
        "severity": null,
        "description": "Normal geological conditions"
      },
      "geometry": {
        "type": "Point",
        "coordinates": [
          91.7362,
          26.1445
        ]
      }
    },
    {
      "type": "Feature",
      "properties": {
        "source": "GSI",
        "source_record_id": "GSI_Darjeeling_West_Bengal_20260919_155747",
        "event_type": "geological",
        "timestamp": "2026-09-19T15:57:47.211279",
        "valid_from": "2026-09-19T15:57:47.211279",
        "valid_until": "2026-09-19T21:57:47.211279",
        "location_name": "Darjeeling, West Bengal",
        "risk_zone": "high",
        "event_type_detail": null,
        "severity": null,
        "description": "Normal geological conditions"
      },
      "geometry": {
        "type": "Point",
        "coordinates": [
          88.2627,
          27.036
        ]
      }
    },
    {
      "type": "Feature",
      "properties": {
        "source": "GSI",
        "source_record_id": "GSI_Uttarakhand_(Rudraprayag)_20260919_155747",
        "event_type": "geological",
        "timestamp": "2026-09-19T15:57:47.211279",
        "valid_from": "2026-09-19T15:57:47.211279",
        "valid_until": "2026-09-19T21:57:47.211279",
        "location_name": "Uttarakhand (Rudraprayag)",
        "risk_zone": "high",
        "event_type_detail": null,
        "severity": null,
        "description": "Normal geological conditions"
      },
      "geometry": {
        "type": "Point",
        "coordinates": [
          88.9776,
          30.2865
        ]
      }
    },
    {
      "type": "Feature",
      "properties": {
        "source": "GSI",
        "source_record_id": "GSI_Himachal_Pradesh_(Mandi)_20260919_155747",
        "event_type": "geological",
        "timestamp": "2026-09-19T15:57:47.211279",
        "valid_from": "2026-09-19T15:57:47.211279",
        "valid_until": "2026-09-19T21:57:47.211279",
        "location_name": "Himachal Pradesh (Mandi)",
        "risk_zone": "medium",
        "event_type_detail": null,
        "severity": null,
        "description": "Normal geological conditions"
      },
      "geometry": {
        "type": "Point",
        "coordinates": [
          76.9366,
          31.7084
        ]
      }
    },
    {
      "type": "Feature",
      "properties": {
        "source": "GSI",
        "source_record_id": "GSI_Sikkim_(Gangtok)_20260919_155747",
        "event_type": "geological",
        "timestamp": "2026-09-19T15:57:47.211279",
        "valid_from": "2026-09-19T15:57:47.211279",
        "valid_until": "2026-09-19T21:57:47.211279",
        "location_name": "Sikkim (Gangtok)",
        "risk_zone": "high",
        "event_type_detail": null,
        "severity": null,
        "description": "Normal geological conditions"
      },
      "geometry": {
        "type": "Point",
        "coordinates": [
          88.6065,
          27.3389
        ]
      }
    },
    {
      "type": "Feature",
      "properties": {
        "source": "GSI",
        "source_record_id": "GSI_Assam_(Guwahati)_20260919_155747",
        "event_type": "geological",
        "timestamp": "2026-09-19T15:57:47.211279",
        "valid_from": "2026-09-19T15:57:47.211279",
        "valid_until": "2026-09-19T21:57:47.211279",
        "location_name": "Assam (Guwahati)",
        "risk_zone": "medium",
        "event_type_detail": null,
        "severity": null,
        "description": "Normal geological conditions"
      },
      "geometry": {
        "type": "Point",
        "coordinates": [
          91.7362,
          26.1445
        ]
      }
    },
    {
      "type": "Feature",
      "properties": {
        "source": "GSI",
        "source_record_id": "GSI_Darjeeling_West_Bengal_20260919_165747",
        "event_type": "geological",
        "timestamp": "2026-09-19T16:57:47.211279",
        "valid_from": "2026-09-19T16:57:47.211279",
        "valid_until": "2026-09-19T22:57:47.211279",
        "location_name": "Darjeeling, West Bengal",
        "risk_zone": "high",
        "event_type_detail": null,
        "severity": null,
        "description": "Normal geological conditions"
      },
      "geometry": {
        "type": "Point",
        "coordinates": [
          88.2627,
          27.036
        ]
      }
    },
    {
      "type": "Feature",
      "properties": {
        "source": "GSI",
        "source_record_id": "GSI_Uttarakhand_(Rudraprayag)_20260919_165747",
        "event_type": "geological",
        "timestamp": "2026-09-19T16:57:47.211279",
        "valid_from": "2026-09-19T16:57:47.211279",
        "valid_until": "2026-09-19T22:57:47.211279",
        "location_name": "Uttarakhand (Rudraprayag)",
        "risk_zone": "high",
        "event_type_detail": null,
        "severity": null,
        "description": "Normal geological conditions"
      },
      "geometry": {
        "type": "Point",
        "coordinates": [
          88.9776,
          30.2865
        ]
      }
    },
    {
      "type": "Feature",
      "properties": {
        "source": "GSI",
        "source_record_id": "GSI_Himachal_Pradesh_(Mandi)_20260919_165747",
        "event_type": "geological",
        "timestamp": "2026-09-19T16:57:47.211279",
        "valid_from": "2026-09-19T16:57:47.211279",
        "valid_until": "2026-09-19T22:57:47.211279",
        "location_name": "Himachal Pradesh (Mandi)",
        "risk_zone": "medium",
        "event_type_detail": null,
        "severity": null,
        "description": "Normal geological conditions"
      },
      "geometry": {
        "type": "Point",
        "coordinates": [
          76.9366,
          31.7084
        ]
      }
    },
    {
      "type": "Feature",
      "properties": {
        "source": "GSI",
        "source_record_id": "GSI_Sikkim_(Gangtok)_20260919_165747",
        "event_type": "geological",
        "timestamp": "2026-09-19T16:57:47.211279",
        "valid_from": "2026-09-19T16:57:47.211279",
        "valid_until": "2026-09-19T22:57:47.211279",
        "location_name": "Sikkim (Gangtok)",
        "risk_zone": "high",
        "event_type_detail": null,
        "severity": null,
        "description": "Normal geological conditions"
      },
      "geometry": {
        "type": "Point",
        "coordinates": [
          88.6065,
          27.3389
        ]
      }
    },
    {
      "type": "Feature",
      "properties": {
        "source": "GSI",
        "source_record_id": "GSI_Assam_(Guwahati)_20260919_165747",
        "event_type": "geological",
        "timestamp": "2026-09-19T16:57:47.211279",
        "valid_from": "2026-09-19T16:57:47.211279",
        "valid_until": "2026-09-19T22:57:47.211279",
        "location_name": "Assam (Guwahati)",
        "risk_zone": "medium",
        "event_type_detail": null,
        "severity": null,
        "description": "Normal geological conditions"
      },
      "geometry": {
        "type": "Point",
        "coordinates": [
          91.7362,
          26.1445
        ]
      }
    },
    {
      "type": "Feature",
      "properties": {
        "source": "GSI",
        "source_record_id": "GSI_Darjeeling_West_Bengal_20260919_175747",
        "event_type": "geological",
        "timestamp": "2026-09-19T17:57:47.211279",
        "valid_from": "2026-09-19T17:57:47.211279",
        "valid_until": "2026-09-19T23:57:47.211279",
        "location_name": "Darjeeling, West Bengal",
        "risk_zone": "high",
        "event_type_detail": null,
        "severity": null,
        "description": "Normal geological conditions"
      },
      "geometry": {
        "type": "Point",
        "coordinates": [
          88.2627,
          27.036
        ]
      }
    },
    {
      "type": "Feature",
      "properties": {
        "source": "GSI",
        "source_record_id": "GSI_Uttarakhand_(Rudraprayag)_20260919_175747",
        "event_type": "geological",
        "timestamp": "2026-09-19T17:57:47.211279",
        "valid_from": "2026-09-19T17:57:47.211279",
        "valid_until": "2026-09-19T23:57:47.211279",
        "location_name": "Uttarakhand (Rudraprayag)",
        "risk_zone": "high",
        "event_type_detail": null,
        "severity": null,
        "description": "Normal geological conditions"
      },
      "geometry": {
        "type": "Point",
        "coordinates": [
          88.9776,
          30.2865
        ]
      }
    },
    {
      "type": "Feature",
      "properties": {
        "source": "GSI",
        "source_record_id": "GSI_Himachal_Pradesh_(Mandi)_20260919_175747",
        "event_type": "geological",
        "timestamp": "2026-09-19T17:57:47.211279",
        "valid_from": "2026-09-19T17:57:47.211279",
        "valid_until": "2026-09-19T23:57:47.211279",
        "location_name": "Himachal Pradesh (Mandi)",
        "risk_zone": "medium",
        "event_type_detail": null,
        "severity": null,
        "description": "Normal geological conditions"
      },
      "geometry": {
        "type": "Point",
        "coordinates": [
          76.9366,
          31.7084
        ]
      }
    },
    {
      "type": "Feature",
      "properties": {
        "source": "GSI",
        "source_record_id": "GSI_Sikkim_(Gangtok)_20260919_175747",
        "event_type": "geological",
        "timestamp": "2026-09-19T17:57:47.211279",
        "valid_from": "2026-09-19T17:57:47.211279",
        "valid_until": "2026-09-19T23:57:47.211279",
        "location_name": "Sikkim (Gangtok)",
        "risk_zone": "high",
        "event_type_detail": null,
        "severity": null,
        "description": "Normal geological conditions"
      },
      "geometry": {
        "type": "Point",
        "coordinates": [
          88.6065,
          27.3389
        ]
      }
    },
    {
      "type": "Feature",
      "properties": {
        "source": "GSI",
        "source_record_id": "GSI_Assam_(Guwahati)_20260919_175747",
        "event_type": "geological",
        "timestamp": "2026-09-19T17:57:47.211279",
        "valid_from": "2026-09-19T17:57:47.211279",
        "valid_until": "2026-09-19T23:57:47.211279",
        "location_name": "Assam (Guwahati)",
        "risk_zone": "medium",
        "event_type_detail": null,
        "severity": null,
        "description": "Normal geological conditions"
      },
      "geometry": {
        "type": "Point",
        "coordinates": [
          91.7362,
          26.1445
        ]
      }
    },
    {
      "type": "Feature",
      "properties": {
        "source": "GSI",
        "source_record_id": "GSI_Darjeeling_West_Bengal_20260919_185747",
        "event_type": "geological",
        "timestamp": "2026-09-19T18:57:47.211279",
        "valid_from": "2026-09-19T18:57:47.211279",
        "valid_until": "2026-09-20T00:57:47.211279",
        "location_name": "Darjeeling, West Bengal",
        "risk_zone": "high",
        "event_type_detail": null,
        "severity": null,
        "description": "Normal geological conditions"
      },
      "geometry": {
        "type": "Point",
        "coordinates": [
          88.2627,
          27.036
        ]
      }
    },
    {
      "type": "Feature",
      "properties": {
        "source": "GSI",
        "source_record_id": "GSI_Uttarakhand_(Rudraprayag)_20260919_185747",
        "event_type": "geological",
        "timestamp": "2026-09-19T18:57:47.211279",
        "valid_from": "2026-09-19T18:57:47.211279",
        "valid_until": "2026-09-20T00:57:47.211279",
        "location_name": "Uttarakhand (Rudraprayag)",
        "risk_zone": "high",
        "event_type_detail": null,
        "severity": null,
        "description": "Normal geological conditions"
      },
      "geometry": {
        "type": "Point",
        "coordinates": [
          88.9776,
          30.2865
        ]
      }
    },
    {
      "type": "Feature",
      "properties": {
        "source": "GSI",
        "source_record_id": "GSI_Himachal_Pradesh_(Mandi)_20260919_185747",
        "event_type": "geological",
        "timestamp": "2026-09-19T18:57:47.211279",
        "valid_from": "2026-09-19T18:57:47.211279",
        "valid_until": "2026-09-20T00:57:47.211279",
        "location_name": "Himachal Pradesh (Mandi)",
        "risk_zone": "medium",
        "event_type_detail": null,
        "severity": null,
        "description": "Normal geological conditions"
      },
      "geometry": {
        "type": "Point",
        "coordinates": [
          76.9366,
          31.7084
        ]
      }
    },
    {
      "type": "Feature",
      "properties": {
        "source": "GSI",
        "source_record_id": "GSI_Sikkim_(Gangtok)_20260919_185747",
        "event_type": "geological",
        "timestamp": "2026-09-19T18:57:47.211279",
        "valid_from": "2026-09-19T18:57:47.211279",
        "valid_until": "2026-09-20T00:57:47.211279",
        "location_name": "Sikkim (Gangtok)",
        "risk_zone": "high",
        "event_type_detail": null,
        "severity": null,
        "description": "Normal geological conditions"
      },
      "geometry": {
        "type": "Point",
        "coordinates": [
          88.6065,
          27.3389
        ]
      }
    },
    {
      "type": "Feature",
      "properties": {
        "source": "GSI",
        "source_record_id": "GSI_Assam_(Guwahati)_20260919_185747",
        "event_type": "geological",
        "timestamp": "2026-09-19T18:57:47.211279",
        "valid_from": "2026-09-19T18:57:47.211279",
        "valid_until": "2026-09-20T00:57:47.211279",
        "location_name": "Assam (Guwahati)",
        "risk_zone": "medium",
        "event_type_detail": null,
        "severity": null,
        "description": "Normal geological conditions"
      },
      "geometry": {
        "type": "Point",
        "coordinates": [
          91.7362,
          26.1445
        ]
      }
    },
    {
      "type": "Feature",
      "properties": {
        "source": "GSI",
        "source_record_id": "GSI_Darjeeling_West_Bengal_20260919_195747",
        "event_type": "geological",
        "timestamp": "2026-09-19T19:57:47.211279",
        "valid_from": "2026-09-19T19:57:47.211279",
        "valid_until": "2026-09-20T01:57:47.211279",
        "location_name": "Darjeeling, West Bengal",
        "risk_zone": "high",
        "event_type_detail": null,
        "severity": null,
        "description": "Normal geological conditions"
      },
      "geometry": {
        "type": "Point",
        "coordinates": [
          88.2627,
          27.036
        ]
      }
    },
    {
      "type": "Feature",
      "properties": {
        "source": "GSI",
        "source_record_id": "GSI_Uttarakhand_(Rudraprayag)_20260919_195747",
        "event_type": "geological",
        "timestamp": "2026-09-19T19:57:47.211279",
        "valid_from": "2026-09-19T19:57:47.211279",
        "valid_until": "2026-09-20T01:57:47.211279",
        "location_name": "Uttarakhand (Rudraprayag)",
        "risk_zone": "high",
        "event_type_detail": null,
        "severity": null,
        "description": "Normal geological conditions"
      },
      "geometry": {
        "type": "Point",
        "coordinates": [
          88.9776,
          30.2865
        ]
      }
    },
    {
      "type": "Feature",
      "properties": {
        "source": "GSI",
        "source_record_id": "GSI_Himachal_Pradesh_(Mandi)_20260919_195747",
        "event_type": "geological",
        "timestamp": "2026-09-19T19:57:47.211279",
        "valid_from": "2026-09-19T19:57:47.211279",
        "valid_until": "2026-09-20T01:57:47.211279",
        "location_name": "Himachal Pradesh (Mandi)",
        "risk_zone": "medium",
        "event_type_detail": null,
        "severity": null,
        "description": "Normal geological conditions"
      },
      "geometry": {
        "type": "Point",
        "coordinates": [
          76.9366,
          31.7084
        ]
      }
    },
    {
      "type": "Feature",
      "properties": {
        "source": "GSI",
        "source_record_id": "GSI_Sikkim_(Gangtok)_20260919_195747",
        "event_type": "geological",
        "timestamp": "2026-09-19T19:57:47.211279",
        "valid_from": "2026-09-19T19:57:47.211279",
        "valid_until": "2026-09-20T01:57:47.211279",
        "location_name": "Sikkim (Gangtok)",
        "risk_zone": "high",
        "event_type_detail": null,
        "severity": null,
        "description": "Normal geological conditions"
      },
      "geometry": {
        "type": "Point",
        "coordinates": [
          88.6065,
          27.3389
        ]
      }
    },
    {
      "type": "Feature",
      "properties": {
        "source": "GSI",
        "source_record_id": "GSI_Assam_(Guwahati)_20260919_195747",
        "event_type": "geological",
        "timestamp": "2026-09-19T19:57:47.211279",
        "valid_from": "2026-09-19T19:57:47.211279",
        "valid_until": "2026-09-20T01:57:47.211279",
        "location_name": "Assam (Guwahati)",
        "risk_zone": "medium",
        "event_type_detail": null,
        "severity": null,
        "description": "Normal geological conditions"
      },
      "geometry": {
        "type": "Point",
        "coordinates": [
          91.7362,
          26.1445
        ]
      }
    },
    {
      "type": "Feature",
      "properties": {
        "source": "GSI",
        "source_record_id": "GSI_Darjeeling_West_Bengal_20260919_205747",
        "event_type": "geological",
        "timestamp": "2026-09-19T20:57:47.211279",
        "valid_from": "2026-09-19T20:57:47.211279",
        "valid_until": "2026-09-20T02:57:47.211279",
        "location_name": "Darjeeling, West Bengal",
        "risk_zone": "high",
        "event_type_detail": null,
        "severity": null,
        "description": "Normal geological conditions"
      },
      "geometry": {
        "type": "Point",
        "coordinates": [
          88.2627,
          27.036
        ]
      }
    },
    {
      "type": "Feature",
      "properties": {
        "source": "GSI",
        "source_record_id": "GSI_Uttarakhand_(Rudraprayag)_20260919_205747",
        "event_type": "geological",
        "timestamp": "2026-09-19T20:57:47.211279",
        "valid_from": "2026-09-19T20:57:47.211279",
        "valid_until": "2026-09-20T02:57:47.211279",
        "location_name": "Uttarakhand (Rudraprayag)",
        "risk_zone": "high",
        "event_type_detail": null,
        "severity": null,
        "description": "Normal geological conditions"
      },
      "geometry": {
        "type": "Point",
        "coordinates": [
          88.9776,
          30.2865
        ]
      }
    },
    {
      "type": "Feature",
      "properties": {
        "source": "GSI",
        "source_record_id": "GSI_Himachal_Pradesh_(Mandi)_20260919_205747",
        "event_type": "geological",
        "timestamp": "2026-09-19T20:57:47.211279",
        "valid_from": "2026-09-19T20:57:47.211279",
        "valid_until": "2026-09-20T02:57:47.211279",
        "location_name": "Himachal Pradesh (Mandi)",
        "risk_zone": "medium",
        "event_type_detail": null,
        "severity": null,
        "description": "Normal geological conditions"
      },
      "geometry": {
        "type": "Point",
        "coordinates": [
          76.9366,
          31.7084
        ]
      }
    },
    {
      "type": "Feature",
      "properties": {
        "source": "GSI",
        "source_record_id": "GSI_Sikkim_(Gangtok)_20260919_205747",
        "event_type": "geological",
        "timestamp": "2026-09-19T20:57:47.211279",
        "valid_from": "2026-09-19T20:57:47.211279",
        "valid_until": "2026-09-20T02:57:47.211279",
        "location_name": "Sikkim (Gangtok)",
        "risk_zone": "high",
        "event_type_detail": null,
        "severity": null,
        "description": "Normal geological conditions"
      },
      "geometry": {
        "type": "Point",
        "coordinates": [
          88.6065,
          27.3389
        ]
      }
    },
    {
      "type": "Feature",
      "properties": {
        "source": "GSI",
        "source_record_id": "GSI_Assam_(Guwahati)_20260919_205747",
        "event_type": "geological",
        "timestamp": "2026-09-19T20:57:47.211279",
        "valid_from": "2026-09-19T20:57:47.211279",
        "valid_until": "2026-09-20T02:57:47.211279",
        "location_name": "Assam (Guwahati)",
        "risk_zone": "medium",
        "event_type_detail": null,
        "severity": null,
        "description": "Normal geological conditions"
      },
      "geometry": {
        "type": "Point",
        "coordinates": [
          91.7362,
          26.1445
        ]
      }
    },
    {
      "type": "Feature",
      "properties": {
        "source": "GSI",
        "source_record_id": "GSI_Darjeeling_West_Bengal_20260919_215747",
        "event_type": "geological",
        "timestamp": "2026-09-19T21:57:47.211279",
        "valid_from": "2026-09-19T21:57:47.211279",
        "valid_until": "2026-09-20T03:57:47.211279",
        "location_name": "Darjeeling, West Bengal",
        "risk_zone": "high",
        "event_type_detail": null,
        "severity": null,
        "description": "Normal geological conditions"
      },
      "geometry": {
        "type": "Point",
        "coordinates": [
          88.2627,
          27.036
        ]
      }
    },
    {
      "type": "Feature",
      "properties": {
        "source": "GSI",
        "source_record_id": "GSI_Uttarakhand_(Rudraprayag)_20260919_215747",
        "event_type": "geological",
        "timestamp": "2026-09-19T21:57:47.211279",
        "valid_from": "2026-09-19T21:57:47.211279",
        "valid_until": "2026-09-20T03:57:47.211279",
        "location_name": "Uttarakhand (Rudraprayag)",
        "risk_zone": "high",
        "event_type_detail": null,
        "severity": null,
        "description": "Normal geological conditions"
      },
      "geometry": {
        "type": "Point",
        "coordinates": [
          88.9776,
          30.2865
        ]
      }
    },
    {
      "type": "Feature",
      "properties": {
        "source": "GSI",
        "source_record_id": "GSI_Himachal_Pradesh_(Mandi)_20260919_215747",
        "event_type": "geological",
        "timestamp": "2026-09-19T21:57:47.211279",
        "valid_from": "2026-09-19T21:57:47.211279",
        "valid_until": "2026-09-20T03:57:47.211279",
        "location_name": "Himachal Pradesh (Mandi)",
        "risk_zone": "medium",
        "event_type_detail": null,
        "severity": null,
        "description": "Normal geological conditions"
      },
      "geometry": {
        "type": "Point",
        "coordinates": [
          76.9366,
          31.7084
        ]
      }
    },
    {
      "type": "Feature",
      "properties": {
        "source": "GSI",
        "source_record_id": "GSI_Sikkim_(Gangtok)_20260919_215747",
        "event_type": "geological",
        "timestamp": "2026-09-19T21:57:47.211279",
        "valid_from": "2026-09-19T21:57:47.211279",
        "valid_until": "2026-09-20T03:57:47.211279",
        "location_name": "Sikkim (Gangtok)",
        "risk_zone": "high",
        "event_type_detail": null,
        "severity": null,
        "description": "Normal geological conditions"
      },
      "geometry": {
        "type": "Point",
        "coordinates": [
          88.6065,
          27.3389
        ]
      }
    },
    {
      "type": "Feature",
      "properties": {
        "source": "GSI",
        "source_record_id": "GSI_Assam_(Guwahati)_20260919_215747",
        "event_type": "geological",
        "timestamp": "2026-09-19T21:57:47.211279",
        "valid_from": "2026-09-19T21:57:47.211279",
        "valid_until": "2026-09-20T03:57:47.211279",
        "location_name": "Assam (Guwahati)",
        "risk_zone": "medium",
        "event_type_detail": null,
        "severity": null,
        "description": "Normal geological conditions"
      },
      "geometry": {
        "type": "Point",
        "coordinates": [
          91.7362,
          26.1445
        ]
      }
    },
    {
      "type": "Feature",
      "properties": {
        "source": "GSI",
        "source_record_id": "GSI_Darjeeling_West_Bengal_20260919_225747",
        "event_type": "geological",
        "timestamp": "2026-09-19T22:57:47.211279",
        "valid_from": "2026-09-19T22:57:47.211279",
        "valid_until": "2026-09-20T04:57:47.211279",
        "location_name": "Darjeeling, West Bengal",
        "risk_zone": "high",
        "event_type_detail": null,
        "severity": null,
        "description": "Normal geological conditions"
      },
      "geometry": {
        "type": "Point",
        "coordinates": [
          88.2627,
          27.036
        ]
      }
    },
    {
      "type": "Feature",
      "properties": {
        "source": "GSI",
        "source_record_id": "GSI_Uttarakhand_(Rudraprayag)_20260919_225747",
        "event_type": "geological",
        "timestamp": "2026-09-19T22:57:47.211279",
        "valid_from": "2026-09-19T22:57:47.211279",
        "valid_until": "2026-09-20T04:57:47.211279",
        "location_name": "Uttarakhand (Rudraprayag)",
        "risk_zone": "high",
        "event_type_detail": "rockfall",
        "severity": "low",
        "description": "Rockfall in Uttarakhand (Rudraprayag)"
      },
      "geometry": {
        "type": "Point",
        "coordinates": [
          88.9776,
          30.2865
        ]
      }
    },
    {
      "type": "Feature",
      "properties": {
        "source": "GSI",
        "source_record_id": "GSI_Himachal_Pradesh_(Mandi)_20260919_225747",
        "event_type": "geological",
        "timestamp": "2026-09-19T22:57:47.211279",
        "valid_from": "2026-09-19T22:57:47.211279",
        "valid_until": "2026-09-20T04:57:47.211279",
        "location_name": "Himachal Pradesh (Mandi)",
        "risk_zone": "medium",
        "event_type_detail": null,
        "severity": null,
        "description": "Normal geological conditions"
      },
      "geometry": {
        "type": "Point",
        "coordinates": [
          76.9366,
          31.7084
        ]
      }
    },
    {
      "type": "Feature",
      "properties": {
        "source": "GSI",
        "source_record_id": "GSI_Sikkim_(Gangtok)_20260919_225747",
        "event_type": "geological",
        "timestamp": "2026-09-19T22:57:47.211279",
        "valid_from": "2026-09-19T22:57:47.211279",
        "valid_until": "2026-09-20T04:57:47.211279",
        "location_name": "Sikkim (Gangtok)",
        "risk_zone": "high",
        "event_type_detail": null,
        "severity": null,
        "description": "Normal geological conditions"
      },
      "geometry": {
        "type": "Point",
        "coordinates": [
          88.6065,
          27.3389
        ]
      }
    },
    {
      "type": "Feature",
      "properties": {
        "source": "GSI",
        "source_record_id": "GSI_Assam_(Guwahati)_20260919_225747",
        "event_type": "geological",
        "timestamp": "2026-09-19T22:57:47.211279",
        "valid_from": "2026-09-19T22:57:47.211279",
        "valid_until": "2026-09-20T04:57:47.211279",
        "location_name": "Assam (Guwahati)",
        "risk_zone": "medium",
        "event_type_detail": null,
        "severity": null,
        "description": "Normal geological conditions"
      },
      "geometry": {
        "type": "Point",
        "coordinates": [
          91.7362,
          26.1445
        ]
      }
    },
    {
      "type": "Feature",
      "properties": {
        "source": "GSI",
        "source_record_id": "GSI_Darjeeling_West_Bengal_20260919_235747",
        "event_type": "geological",
        "timestamp": "2026-09-19T23:57:47.211279",
        "valid_from": "2026-09-19T23:57:47.211279",
        "valid_until": "2026-09-20T05:57:47.211279",
        "location_name": "Darjeeling, West Bengal",
        "risk_zone": "high",
        "event_type_detail": null,
        "severity": null,
        "description": "Normal geological conditions"
      },
      "geometry": {
        "type": "Point",
        "coordinates": [
          88.2627,
          27.036
        ]
      }
    },
    {
      "type": "Feature",
      "properties": {
        "source": "GSI",
        "source_record_id": "GSI_Uttarakhand_(Rudraprayag)_20260919_235747",
        "event_type": "geological",
        "timestamp": "2026-09-19T23:57:47.211279",
        "valid_from": "2026-09-19T23:57:47.211279",
        "valid_until": "2026-09-20T05:57:47.211279",
        "location_name": "Uttarakhand (Rudraprayag)",
        "risk_zone": "high",
        "event_type_detail": null,
        "severity": null,
        "description": "Normal geological conditions"
      },
      "geometry": {
        "type": "Point",
        "coordinates": [
          88.9776,
          30.2865
        ]
      }
    },
    {
      "type": "Feature",
      "properties": {
        "source": "GSI",
        "source_record_id": "GSI_Himachal_Pradesh_(Mandi)_20260919_235747",
        "event_type": "geological",
        "timestamp": "2026-09-19T23:57:47.211279",
        "valid_from": "2026-09-19T23:57:47.211279",
        "valid_until": "2026-09-20T05:57:47.211279",
        "location_name": "Himachal Pradesh (Mandi)",
        "risk_zone": "medium",
        "event_type_detail": null,
        "severity": null,
        "description": "Normal geological conditions"
      },
      "geometry": {
        "type": "Point",
        "coordinates": [
          76.9366,
          31.7084
        ]
      }
    },
    {
      "type": "Feature",
      "properties": {
        "source": "GSI",
        "source_record_id": "GSI_Sikkim_(Gangtok)_20260919_235747",
        "event_type": "geological",
        "timestamp": "2026-09-19T23:57:47.211279",
        "valid_from": "2026-09-19T23:57:47.211279",
        "valid_until": "2026-09-20T05:57:47.211279",
        "location_name": "Sikkim (Gangtok)",
        "risk_zone": "high",
        "event_type_detail": null,
        "severity": null,
        "description": "Normal geological conditions"
      },
      "geometry": {
        "type": "Point",
        "coordinates": [
          88.6065,
          27.3389
        ]
      }
    },
    {
      "type": "Feature",
      "properties": {
        "source": "GSI",
        "source_record_id": "GSI_Assam_(Guwahati)_20260919_235747",
        "event_type": "geological",
        "timestamp": "2026-09-19T23:57:47.211279",
        "valid_from": "2026-09-19T23:57:47.211279",
        "valid_until": "2026-09-20T05:57:47.211279",
        "location_name": "Assam (Guwahati)",
        "risk_zone": "medium",
        "event_type_detail": null,
        "severity": null,
        "description": "Normal geological conditions"
      },
      "geometry": {
        "type": "Point",
        "coordinates": [
          91.7362,
          26.1445
        ]
      }
    },
    {
      "type": "Feature",
      "properties": {
        "source": "GSI",
        "source_record_id": "GSI_Darjeeling_West_Bengal_20260920_005747",
        "event_type": "geological",
        "timestamp": "2026-09-20T00:57:47.211279",
        "valid_from": "2026-09-20T00:57:47.211279",
        "valid_until": "2026-09-20T06:57:47.211279",
        "location_name": "Darjeeling, West Bengal",
        "risk_zone": "high",
        "event_type_detail": null,
        "severity": null,
        "description": "Normal geological conditions"
      },
      "geometry": {
        "type": "Point",
        "coordinates": [
          88.2627,
          27.036
        ]
      }
    },
    {
      "type": "Feature",
      "properties": {
        "source": "GSI",
        "source_record_id": "GSI_Uttarakhand_(Rudraprayag)_20260920_005747",
        "event_type": "geological",
        "timestamp": "2026-09-20T00:57:47.211279",
        "valid_from": "2026-09-20T00:57:47.211279",
        "valid_until": "2026-09-20T06:57:47.211279",
        "location_name": "Uttarakhand (Rudraprayag)",
        "risk_zone": "high",
        "event_type_detail": null,
        "severity": null,
        "description": "Normal geological conditions"
      },
      "geometry": {
        "type": "Point",
        "coordinates": [
          88.9776,
          30.2865
        ]
      }
    },
    {
      "type": "Feature",
      "properties": {
        "source": "GSI",
        "source_record_id": "GSI_Himachal_Pradesh_(Mandi)_20260920_005747",
        "event_type": "geological",
        "timestamp": "2026-09-20T00:57:47.211279",
        "valid_from": "2026-09-20T00:57:47.211279",
        "valid_until": "2026-09-20T06:57:47.211279",
        "location_name": "Himachal Pradesh (Mandi)",
        "risk_zone": "medium",
        "event_type_detail": null,
        "severity": null,
        "description": "Normal geological conditions"
      },
      "geometry": {
        "type": "Point",
        "coordinates": [
          76.9366,
          31.7084
        ]
      }
    },
    {
      "type": "Feature",
      "properties": {
        "source": "GSI",
        "source_record_id": "GSI_Sikkim_(Gangtok)_20260920_005747",
        "event_type": "geological",
        "timestamp": "2026-09-20T00:57:47.211279",
        "valid_from": "2026-09-20T00:57:47.211279",
        "valid_until": "2026-09-20T06:57:47.211279",
        "location_name": "Sikkim (Gangtok)",
        "risk_zone": "high",
        "event_type_detail": null,
        "severity": null,
        "description": "Normal geological conditions"
      },
      "geometry": {
        "type": "Point",
        "coordinates": [
          88.6065,
          27.3389
        ]
      }
    },
    {
      "type": "Feature",
      "properties": {
        "source": "GSI",
        "source_record_id": "GSI_Assam_(Guwahati)_20260920_005747",
        "event_type": "geological",
        "timestamp": "2026-09-20T00:57:47.211279",
        "valid_from": "2026-09-20T00:57:47.211279",
        "valid_until": "2026-09-20T06:57:47.211279",
        "location_name": "Assam (Guwahati)",
        "risk_zone": "medium",
        "event_type_detail": null,
        "severity": null,
        "description": "Normal geological conditions"
      },
      "geometry": {
        "type": "Point",
        "coordinates": [
          91.7362,
          26.1445
        ]
      }
    },
    {
      "type": "Feature",
      "properties": {
        "source": "GSI",
        "source_record_id": "GSI_Darjeeling_West_Bengal_20260920_015747",
        "event_type": "geological",
        "timestamp": "2026-09-20T01:57:47.211279",
        "valid_from": "2026-09-20T01:57:47.211279",
        "valid_until": "2026-09-20T07:57:47.211279",
        "location_name": "Darjeeling, West Bengal",
        "risk_zone": "high",
        "event_type_detail": null,
        "severity": null,
        "description": "Normal geological conditions"
      },
      "geometry": {
        "type": "Point",
        "coordinates": [
          88.2627,
          27.036
        ]
      }
    },
    {
      "type": "Feature",
      "properties": {
        "source": "GSI",
        "source_record_id": "GSI_Uttarakhand_(Rudraprayag)_20260920_015747",
        "event_type": "geological",
        "timestamp": "2026-09-20T01:57:47.211279",
        "valid_from": "2026-09-20T01:57:47.211279",
        "valid_until": "2026-09-20T07:57:47.211279",
        "location_name": "Uttarakhand (Rudraprayag)",
        "risk_zone": "high",
        "event_type_detail": null,
        "severity": null,
        "description": "Normal geological conditions"
      },
      "geometry": {
        "type": "Point",
        "coordinates": [
          88.9776,
          30.2865
        ]
      }
    },
    {
      "type": "Feature",
      "properties": {
        "source": "GSI",
        "source_record_id": "GSI_Himachal_Pradesh_(Mandi)_20260920_015747",
        "event_type": "geological",
        "timestamp": "2026-09-20T01:57:47.211279",
        "valid_from": "2026-09-20T01:57:47.211279",
        "valid_until": "2026-09-20T07:57:47.211279",
        "location_name": "Himachal Pradesh (Mandi)",
        "risk_zone": "medium",
        "event_type_detail": null,
        "severity": null,
        "description": "Normal geological conditions"
      },
      "geometry": {
        "type": "Point",
        "coordinates": [
          76.9366,
          31.7084
        ]
      }
    },
    {
      "type": "Feature",
      "properties": {
        "source": "GSI",
        "source_record_id": "GSI_Sikkim_(Gangtok)_20260920_015747",
        "event_type": "geological",
        "timestamp": "2026-09-20T01:57:47.211279",
        "valid_from": "2026-09-20T01:57:47.211279",
        "valid_until": "2026-09-20T07:57:47.211279",
        "location_name": "Sikkim (Gangtok)",
        "risk_zone": "high",
        "event_type_detail": "rockfall",
        "severity": "high",
        "description": "Rockfall in Sikkim (Gangtok)"
      },
      "geometry": {
        "type": "Point",
        "coordinates": [
          88.6065,
          27.3389
        ]
      }
    },
    {
      "type": "Feature",
      "properties": {
        "source": "GSI",
        "source_record_id": "GSI_Assam_(Guwahati)_20260920_015747",
        "event_type": "geological",
        "timestamp": "2026-09-20T01:57:47.211279",
        "valid_from": "2026-09-20T01:57:47.211279",
        "valid_until": "2026-09-20T07:57:47.211279",
        "location_name": "Assam (Guwahati)",
        "risk_zone": "medium",
        "event_type_detail": null,
        "severity": null,
        "description": "Normal geological conditions"
      },
      "geometry": {
        "type": "Point",
        "coordinates": [
          91.7362,
          26.1445
        ]
      }
    },
    {
      "type": "Feature",
      "properties": {
        "source": "GSI",
        "source_record_id": "GSI_Darjeeling_West_Bengal_20260920_025747",
        "event_type": "geological",
        "timestamp": "2026-09-20T02:57:47.211279",
        "valid_from": "2026-09-20T02:57:47.211279",
        "valid_until": "2026-09-20T08:57:47.211279",
        "location_name": "Darjeeling, West Bengal",
        "risk_zone": "high",
        "event_type_detail": null,
        "severity": null,
        "description": "Normal geological conditions"
      },
      "geometry": {
        "type": "Point",
        "coordinates": [
          88.2627,
          27.036
        ]
      }
    },
    {
      "type": "Feature",
      "properties": {
        "source": "GSI",
        "source_record_id": "GSI_Uttarakhand_(Rudraprayag)_20260920_025747",
        "event_type": "geological",
        "timestamp": "2026-09-20T02:57:47.211279",
        "valid_from": "2026-09-20T02:57:47.211279",
        "valid_until": "2026-09-20T08:57:47.211279",
        "location_name": "Uttarakhand (Rudraprayag)",
        "risk_zone": "high",
        "event_type_detail": null,
        "severity": null,
        "description": "Normal geological conditions"
      },
      "geometry": {
        "type": "Point",
        "coordinates": [
          88.9776,
          30.2865
        ]
      }
    },
    {
      "type": "Feature",
      "properties": {
        "source": "GSI",
        "source_record_id": "GSI_Himachal_Pradesh_(Mandi)_20260920_025747",
        "event_type": "geological",
        "timestamp": "2026-09-20T02:57:47.211279",
        "valid_from": "2026-09-20T02:57:47.211279",
        "valid_until": "2026-09-20T08:57:47.211279",
        "location_name": "Himachal Pradesh (Mandi)",
        "risk_zone": "medium",
        "event_type_detail": null,
        "severity": null,
        "description": "Normal geological conditions"
      },
      "geometry": {
        "type": "Point",
        "coordinates": [
          76.9366,
          31.7084
        ]
      }
    },
    {
      "type": "Feature",
      "properties": {
        "source": "GSI",
        "source_record_id": "GSI_Sikkim_(Gangtok)_20260920_025747",
        "event_type": "geological",
        "timestamp": "2026-09-20T02:57:47.211279",
        "valid_from": "2026-09-20T02:57:47.211279",
        "valid_until": "2026-09-20T08:57:47.211279",
        "location_name": "Sikkim (Gangtok)",
        "risk_zone": "high",
        "event_type_detail": null,
        "severity": null,
        "description": "Normal geological conditions"
      },
      "geometry": {
        "type": "Point",
        "coordinates": [
          88.6065,
          27.3389
        ]
      }
    },
    {
      "type": "Feature",
      "properties": {
        "source": "GSI",
        "source_record_id": "GSI_Assam_(Guwahati)_20260920_025747",
        "event_type": "geological",
        "timestamp": "2026-09-20T02:57:47.211279",
        "valid_from": "2026-09-20T02:57:47.211279",
        "valid_until": "2026-09-20T08:57:47.211279",
        "location_name": "Assam (Guwahati)",
        "risk_zone": "medium",
        "event_type_detail": null,
        "severity": null,
        "description": "Normal geological conditions"
      },
      "geometry": {
        "type": "Point",
        "coordinates": [
          91.7362,
          26.1445
        ]
      }
    },
    {
      "type": "Feature",
      "properties": {
        "source": "GSI",
        "source_record_id": "GSI_Darjeeling_West_Bengal_20260920_035747",
        "event_type": "geological",
        "timestamp": "2026-09-20T03:57:47.211279",
        "valid_from": "2026-09-20T03:57:47.211279",
        "valid_until": "2026-09-20T09:57:47.211279",
        "location_name": "Darjeeling, West Bengal",
        "risk_zone": "high",
        "event_type_detail": null,
        "severity": null,
        "description": "Normal geological conditions"
      },
      "geometry": {
        "type": "Point",
        "coordinates": [
          88.2627,
          27.036
        ]
      }
    },
    {
      "type": "Feature",
      "properties": {
        "source": "GSI",
        "source_record_id": "GSI_Uttarakhand_(Rudraprayag)_20260920_035747",
        "event_type": "geological",
        "timestamp": "2026-09-20T03:57:47.211279",
        "valid_from": "2026-09-20T03:57:47.211279",
        "valid_until": "2026-09-20T09:57:47.211279",
        "location_name": "Uttarakhand (Rudraprayag)",
        "risk_zone": "high",
        "event_type_detail": null,
        "severity": null,
        "description": "Normal geological conditions"
      },
      "geometry": {
        "type": "Point",
        "coordinates": [
          88.9776,
          30.2865
        ]
      }
    },
    {
      "type": "Feature",
      "properties": {
        "source": "GSI",
        "source_record_id": "GSI_Himachal_Pradesh_(Mandi)_20260920_035747",
        "event_type": "geological",
        "timestamp": "2026-09-20T03:57:47.211279",
        "valid_from": "2026-09-20T03:57:47.211279",
        "valid_until": "2026-09-20T09:57:47.211279",
        "location_name": "Himachal Pradesh (Mandi)",
        "risk_zone": "medium",
        "event_type_detail": null,
        "severity": null,
        "description": "Normal geological conditions"
      },
      "geometry": {
        "type": "Point",
        "coordinates": [
          76.9366,
          31.7084
        ]
      }
    },
    {
      "type": "Feature",
      "properties": {
        "source": "GSI",
        "source_record_id": "GSI_Sikkim_(Gangtok)_20260920_035747",
        "event_type": "geological",
        "timestamp": "2026-09-20T03:57:47.211279",
        "valid_from": "2026-09-20T03:57:47.211279",
        "valid_until": "2026-09-20T09:57:47.211279",
        "location_name": "Sikkim (Gangtok)",
        "risk_zone": "high",
        "event_type_detail": null,
        "severity": null,
        "description": "Normal geological conditions"
      },
      "geometry": {
        "type": "Point",
        "coordinates": [
          88.6065,
          27.3389
        ]
      }
    },
    {
      "type": "Feature",
      "properties": {
        "source": "GSI",
        "source_record_id": "GSI_Assam_(Guwahati)_20260920_035747",
        "event_type": "geological",
        "timestamp": "2026-09-20T03:57:47.211279",
        "valid_from": "2026-09-20T03:57:47.211279",
        "valid_until": "2026-09-20T09:57:47.211279",
        "location_name": "Assam (Guwahati)",
        "risk_zone": "medium",
        "event_type_detail": null,
        "severity": null,
        "description": "Normal geological conditions"
      },
      "geometry": {
        "type": "Point",
        "coordinates": [
          91.7362,
          26.1445
        ]
      }
    },
    {
      "type": "Feature",
      "properties": {
        "source": "GSI",
        "source_record_id": "GSI_Darjeeling_West_Bengal_20260920_045747",
        "event_type": "geological",
        "timestamp": "2026-09-20T04:57:47.211279",
        "valid_from": "2026-09-20T04:57:47.211279",
        "valid_until": "2026-09-20T10:57:47.211279",
        "location_name": "Darjeeling, West Bengal",
        "risk_zone": "high",
        "event_type_detail": null,
        "severity": null,
        "description": "Normal geological conditions"
      },
      "geometry": {
        "type": "Point",
        "coordinates": [
          88.2627,
          27.036
        ]
      }
    },
    {
      "type": "Feature",
      "properties": {
        "source": "GSI",
        "source_record_id": "GSI_Uttarakhand_(Rudraprayag)_20260920_045747",
        "event_type": "geological",
        "timestamp": "2026-09-20T04:57:47.211279",
        "valid_from": "2026-09-20T04:57:47.211279",
        "valid_until": "2026-09-20T10:57:47.211279",
        "location_name": "Uttarakhand (Rudraprayag)",
        "risk_zone": "high",
        "event_type_detail": null,
        "severity": null,
        "description": "Normal geological conditions"
      },
      "geometry": {
        "type": "Point",
        "coordinates": [
          88.9776,
          30.2865
        ]
      }
    },
    {
      "type": "Feature",
      "properties": {
        "source": "GSI",
        "source_record_id": "GSI_Himachal_Pradesh_(Mandi)_20260920_045747",
        "event_type": "geological",
        "timestamp": "2026-09-20T04:57:47.211279",
        "valid_from": "2026-09-20T04:57:47.211279",
        "valid_until": "2026-09-20T10:57:47.211279",
        "location_name": "Himachal Pradesh (Mandi)",
        "risk_zone": "medium",
        "event_type_detail": null,
        "severity": null,
        "description": "Normal geological conditions"
      },
      "geometry": {
        "type": "Point",
        "coordinates": [
          76.9366,
          31.7084
        ]
      }
    },
    {
      "type": "Feature",
      "properties": {
        "source": "GSI",
        "source_record_id": "GSI_Sikkim_(Gangtok)_20260920_045747",
        "event_type": "geological",
        "timestamp": "2026-09-20T04:57:47.211279",
        "valid_from": "2026-09-20T04:57:47.211279",
        "valid_until": "2026-09-20T10:57:47.211279",
        "location_name": "Sikkim (Gangtok)",
        "risk_zone": "high",
        "event_type_detail": null,
        "severity": null,
        "description": "Normal geological conditions"
      },
      "geometry": {
        "type": "Point",
        "coordinates": [
          88.6065,
          27.3389
        ]
      }
    },
    {
      "type": "Feature",
      "properties": {
        "source": "GSI",
        "source_record_id": "GSI_Assam_(Guwahati)_20260920_045747",
        "event_type": "geological",
        "timestamp": "2026-09-20T04:57:47.211279",
        "valid_from": "2026-09-20T04:57:47.211279",
        "valid_until": "2026-09-20T10:57:47.211279",
        "location_name": "Assam (Guwahati)",
        "risk_zone": "medium",
        "event_type_detail": null,
        "severity": null,
        "description": "Normal geological conditions"
      },
      "geometry": {
        "type": "Point",
        "coordinates": [
          91.7362,
          26.1445
        ]
      }
    },
    {
      "type": "Feature",
      "properties": {
        "source": "GSI",
        "source_record_id": "GSI_Darjeeling_West_Bengal_20260920_055747",
        "event_type": "geological",
        "timestamp": "2026-09-20T05:57:47.211279",
        "valid_from": "2026-09-20T05:57:47.211279",
        "valid_until": "2026-09-20T11:57:47.211279",
        "location_name": "Darjeeling, West Bengal",
        "risk_zone": "high",
        "event_type_detail": null,
        "severity": null,
        "description": "Normal geological conditions"
      },
      "geometry": {
        "type": "Point",
        "coordinates": [
          88.2627,
          27.036
        ]
      }
    },
    {
      "type": "Feature",
      "properties": {
        "source": "GSI",
        "source_record_id": "GSI_Uttarakhand_(Rudraprayag)_20260920_055747",
        "event_type": "geological",
        "timestamp": "2026-09-20T05:57:47.211279",
        "valid_from": "2026-09-20T05:57:47.211279",
        "valid_until": "2026-09-20T11:57:47.211279",
        "location_name": "Uttarakhand (Rudraprayag)",
        "risk_zone": "high",
        "event_type_detail": null,
        "severity": null,
        "description": "Normal geological conditions"
      },
      "geometry": {
        "type": "Point",
        "coordinates": [
          88.9776,
          30.2865
        ]
      }
    },
    {
      "type": "Feature",
      "properties": {
        "source": "GSI",
        "source_record_id": "GSI_Himachal_Pradesh_(Mandi)_20260920_055747",
        "event_type": "geological",
        "timestamp": "2026-09-20T05:57:47.211279",
        "valid_from": "2026-09-20T05:57:47.211279",
        "valid_until": "2026-09-20T11:57:47.211279",
        "location_name": "Himachal Pradesh (Mandi)",
        "risk_zone": "medium",
        "event_type_detail": null,
        "severity": null,
        "description": "Normal geological conditions"
      },
      "geometry": {
        "type": "Point",
        "coordinates": [
          76.9366,
          31.7084
        ]
      }
    },
    {
      "type": "Feature",
      "properties": {
        "source": "GSI",
        "source_record_id": "GSI_Sikkim_(Gangtok)_20260920_055747",
        "event_type": "geological",
        "timestamp": "2026-09-20T05:57:47.211279",
        "valid_from": "2026-09-20T05:57:47.211279",
        "valid_until": "2026-09-20T11:57:47.211279",
        "location_name": "Sikkim (Gangtok)",
        "risk_zone": "high",
        "event_type_detail": null,
        "severity": null,
        "description": "Normal geological conditions"
      },
      "geometry": {
        "type": "Point",
        "coordinates": [
          88.6065,
          27.3389
        ]
      }
    },
    {
      "type": "Feature",
      "properties": {
        "source": "GSI",
        "source_record_id": "GSI_Assam_(Guwahati)_20260920_055747",
        "event_type": "geological",
        "timestamp": "2026-09-20T05:57:47.211279",
        "valid_from": "2026-09-20T05:57:47.211279",
        "valid_until": "2026-09-20T11:57:47.211279",
        "location_name": "Assam (Guwahati)",
        "risk_zone": "medium",
        "event_type_detail": null,
        "severity": null,
        "description": "Normal geological conditions"
      },
      "geometry": {
        "type": "Point",
        "coordinates": [
          91.7362,
          26.1445
        ]
      }
    },
    {
      "type": "Feature",
      "properties": {
        "source": "GSI",
        "source_record_id": "GSI_Darjeeling_West_Bengal_20260920_065747",
        "event_type": "geological",
        "timestamp": "2026-09-20T06:57:47.211279",
        "valid_from": "2026-09-20T06:57:47.211279",
        "valid_until": "2026-09-20T12:57:47.211279",
        "location_name": "Darjeeling, West Bengal",
        "risk_zone": "high",
        "event_type_detail": null,
        "severity": null,
        "description": "Normal geological conditions"
      },
      "geometry": {
        "type": "Point",
        "coordinates": [
          88.2627,
          27.036
        ]
      }
    },
    {
      "type": "Feature",
      "properties": {
        "source": "GSI",
        "source_record_id": "GSI_Uttarakhand_(Rudraprayag)_20260920_065747",
        "event_type": "geological",
        "timestamp": "2026-09-20T06:57:47.211279",
        "valid_from": "2026-09-20T06:57:47.211279",
        "valid_until": "2026-09-20T12:57:47.211279",
        "location_name": "Uttarakhand (Rudraprayag)",
        "risk_zone": "high",
        "event_type_detail": null,
        "severity": null,
        "description": "Normal geological conditions"
      },
      "geometry": {
        "type": "Point",
        "coordinates": [
          88.9776,
          30.2865
        ]
      }
    },
    {
      "type": "Feature",
      "properties": {
        "source": "GSI",
        "source_record_id": "GSI_Himachal_Pradesh_(Mandi)_20260920_065747",
        "event_type": "geological",
        "timestamp": "2026-09-20T06:57:47.211279",
        "valid_from": "2026-09-20T06:57:47.211279",
        "valid_until": "2026-09-20T12:57:47.211279",
        "location_name": "Himachal Pradesh (Mandi)",
        "risk_zone": "medium",
        "event_type_detail": null,
        "severity": null,
        "description": "Normal geological conditions"
      },
      "geometry": {
        "type": "Point",
        "coordinates": [
          76.9366,
          31.7084
        ]
      }
    },
    {
      "type": "Feature",
      "properties": {
        "source": "GSI",
        "source_record_id": "GSI_Sikkim_(Gangtok)_20260920_065747",
        "event_type": "geological",
        "timestamp": "2026-09-20T06:57:47.211279",
        "valid_from": "2026-09-20T06:57:47.211279",
        "valid_until": "2026-09-20T12:57:47.211279",
        "location_name": "Sikkim (Gangtok)",
        "risk_zone": "high",
        "event_type_detail": null,
        "severity": null,
        "description": "Normal geological conditions"
      },
      "geometry": {
        "type": "Point",
        "coordinates": [
          88.6065,
          27.3389
        ]
      }
    },
    {
      "type": "Feature",
      "properties": {
        "source": "GSI",
        "source_record_id": "GSI_Assam_(Guwahati)_20260920_065747",
        "event_type": "geological",
        "timestamp": "2026-09-20T06:57:47.211279",
        "valid_from": "2026-09-20T06:57:47.211279",
        "valid_until": "2026-09-20T12:57:47.211279",
        "location_name": "Assam (Guwahati)",
        "risk_zone": "medium",
        "event_type_detail": null,
        "severity": null,
        "description": "Normal geological conditions"
      },
      "geometry": {
        "type": "Point",
        "coordinates": [
          91.7362,
          26.1445
        ]
      }
    },
    {
      "type": "Feature",
      "properties": {
        "source": "GSI",
        "source_record_id": "GSI_Darjeeling_West_Bengal_20260920_075747",
        "event_type": "geological",
        "timestamp": "2026-09-20T07:57:47.211279",
        "valid_from": "2026-09-20T07:57:47.211279",
        "valid_until": "2026-09-20T13:57:47.211279",
        "location_name": "Darjeeling, West Bengal",
        "risk_zone": "high",
        "event_type_detail": null,
        "severity": null,
        "description": "Normal geological conditions"
      },
      "geometry": {
        "type": "Point",
        "coordinates": [
          88.2627,
          27.036
        ]
      }
    },
    {
      "type": "Feature",
      "properties": {
        "source": "GSI",
        "source_record_id": "GSI_Uttarakhand_(Rudraprayag)_20260920_075747",
        "event_type": "geological",
        "timestamp": "2026-09-20T07:57:47.211279",
        "valid_from": "2026-09-20T07:57:47.211279",
        "valid_until": "2026-09-20T13:57:47.211279",
        "location_name": "Uttarakhand (Rudraprayag)",
        "risk_zone": "high",
        "event_type_detail": null,
        "severity": null,
        "description": "Normal geological conditions"
      },
      "geometry": {
        "type": "Point",
        "coordinates": [
          88.9776,
          30.2865
        ]
      }
    },
    {
      "type": "Feature",
      "properties": {
        "source": "GSI",
        "source_record_id": "GSI_Himachal_Pradesh_(Mandi)_20260920_075747",
        "event_type": "geological",
        "timestamp": "2026-09-20T07:57:47.211279",
        "valid_from": "2026-09-20T07:57:47.211279",
        "valid_until": "2026-09-20T13:57:47.211279",
        "location_name": "Himachal Pradesh (Mandi)",
        "risk_zone": "medium",
        "event_type_detail": null,
        "severity": null,
        "description": "Normal geological conditions"
      },
      "geometry": {
        "type": "Point",
        "coordinates": [
          76.9366,
          31.7084
        ]
      }
    },
    {
      "type": "Feature",
      "properties": {
        "source": "GSI",
        "source_record_id": "GSI_Sikkim_(Gangtok)_20260920_075747",
        "event_type": "geological",
        "timestamp": "2026-09-20T07:57:47.211279",
        "valid_from": "2026-09-20T07:57:47.211279",
        "valid_until": "2026-09-20T13:57:47.211279",
        "location_name": "Sikkim (Gangtok)",
        "risk_zone": "high",
        "event_type_detail": null,
        "severity": null,
        "description": "Normal geological conditions"
      },
      "geometry": {
        "type": "Point",
        "coordinates": [
          88.6065,
          27.3389
        ]
      }
    },
    {
      "type": "Feature",
      "properties": {
        "source": "GSI",
        "source_record_id": "GSI_Assam_(Guwahati)_20260920_075747",
        "event_type": "geological",
        "timestamp": "2026-09-20T07:57:47.211279",
        "valid_from": "2026-09-20T07:57:47.211279",
        "valid_until": "2026-09-20T13:57:47.211279",
        "location_name": "Assam (Guwahati)",
        "risk_zone": "medium",
        "event_type_detail": null,
        "severity": null,
        "description": "Normal geological conditions"
      },
      "geometry": {
        "type": "Point",
        "coordinates": [
          91.7362,
          26.1445
        ]
      }
    },
    {
      "type": "Feature",
      "properties": {
        "source": "GSI",
        "source_record_id": "GSI_Darjeeling_West_Bengal_20260920_085747",
        "event_type": "geological",
        "timestamp": "2026-09-20T08:57:47.211279",
        "valid_from": "2026-09-20T08:57:47.211279",
        "valid_until": "2026-09-20T14:57:47.211279",
        "location_name": "Darjeeling, West Bengal",
        "risk_zone": "high",
        "event_type_detail": null,
        "severity": null,
        "description": "Normal geological conditions"
      },
      "geometry": {
        "type": "Point",
        "coordinates": [
          88.2627,
          27.036
        ]
      }
    },
    {
      "type": "Feature",
      "properties": {
        "source": "GSI",
        "source_record_id": "GSI_Uttarakhand_(Rudraprayag)_20260920_085747",
        "event_type": "geological",
        "timestamp": "2026-09-20T08:57:47.211279",
        "valid_from": "2026-09-20T08:57:47.211279",
        "valid_until": "2026-09-20T14:57:47.211279",
        "location_name": "Uttarakhand (Rudraprayag)",
        "risk_zone": "high",
        "event_type_detail": null,
        "severity": null,
        "description": "Normal geological conditions"
      },
      "geometry": {
        "type": "Point",
        "coordinates": [
          88.9776,
          30.2865
        ]
      }
    },
    {
      "type": "Feature",
      "properties": {
        "source": "GSI",
        "source_record_id": "GSI_Himachal_Pradesh_(Mandi)_20260920_085747",
        "event_type": "geological",
        "timestamp": "2026-09-20T08:57:47.211279",
        "valid_from": "2026-09-20T08:57:47.211279",
        "valid_until": "2026-09-20T14:57:47.211279",
        "location_name": "Himachal Pradesh (Mandi)",
        "risk_zone": "medium",
        "event_type_detail": null,
        "severity": null,
        "description": "Normal geological conditions"
      },
      "geometry": {
        "type": "Point",
        "coordinates": [
          76.9366,
          31.7084
        ]
      }
    },
    {
      "type": "Feature",
      "properties": {
        "source": "GSI",
        "source_record_id": "GSI_Sikkim_(Gangtok)_20260920_085747",
        "event_type": "geological",
        "timestamp": "2026-09-20T08:57:47.211279",
        "valid_from": "2026-09-20T08:57:47.211279",
        "valid_until": "2026-09-20T14:57:47.211279",
        "location_name": "Sikkim (Gangtok)",
        "risk_zone": "high",
        "event_type_detail": null,
        "severity": null,
        "description": "Normal geological conditions"
      },
      "geometry": {
        "type": "Point",
        "coordinates": [
          88.6065,
          27.3389
        ]
      }
    },
    {
      "type": "Feature",
      "properties": {
        "source": "GSI",
        "source_record_id": "GSI_Assam_(Guwahati)_20260920_085747",
        "event_type": "geological",
        "timestamp": "2026-09-20T08:57:47.211279",
        "valid_from": "2026-09-20T08:57:47.211279",
        "valid_until": "2026-09-20T14:57:47.211279",
        "location_name": "Assam (Guwahati)",
        "risk_zone": "medium",
        "event_type_detail": null,
        "severity": null,
        "description": "Normal geological conditions"
      },
      "geometry": {
        "type": "Point",
        "coordinates": [
          91.7362,
          26.1445
        ]
      }
    },
    {
      "type": "Feature",
      "properties": {
        "source": "GSI",
        "source_record_id": "GSI_Darjeeling_West_Bengal_20260920_095747",
        "event_type": "geological",
        "timestamp": "2026-09-20T09:57:47.211279",
        "valid_from": "2026-09-20T09:57:47.211279",
        "valid_until": "2026-09-20T15:57:47.211279",
        "location_name": "Darjeeling, West Bengal",
        "risk_zone": "high",
        "event_type_detail": null,
        "severity": null,
        "description": "Normal geological conditions"
      },
      "geometry": {
        "type": "Point",
        "coordinates": [
          88.2627,
          27.036
        ]
      }
    },
    {
      "type": "Feature",
      "properties": {
        "source": "GSI",
        "source_record_id": "GSI_Uttarakhand_(Rudraprayag)_20260920_095747",
        "event_type": "geological",
        "timestamp": "2026-09-20T09:57:47.211279",
        "valid_from": "2026-09-20T09:57:47.211279",
        "valid_until": "2026-09-20T15:57:47.211279",
        "location_name": "Uttarakhand (Rudraprayag)",
        "risk_zone": "high",
        "event_type_detail": null,
        "severity": null,
        "description": "Normal geological conditions"
      },
      "geometry": {
        "type": "Point",
        "coordinates": [
          88.9776,
          30.2865
        ]
      }
    },
    {
      "type": "Feature",
      "properties": {
        "source": "GSI",
        "source_record_id": "GSI_Himachal_Pradesh_(Mandi)_20260920_095747",
        "event_type": "geological",
        "timestamp": "2026-09-20T09:57:47.211279",
        "valid_from": "2026-09-20T09:57:47.211279",
        "valid_until": "2026-09-20T15:57:47.211279",
        "location_name": "Himachal Pradesh (Mandi)",
        "risk_zone": "medium",
        "event_type_detail": null,
        "severity": null,
        "description": "Normal geological conditions"
      },
      "geometry": {
        "type": "Point",
        "coordinates": [
          76.9366,
          31.7084
        ]
      }
    },
    {
      "type": "Feature",
      "properties": {
        "source": "GSI",
        "source_record_id": "GSI_Sikkim_(Gangtok)_20260920_095747",
        "event_type": "geological",
        "timestamp": "2026-09-20T09:57:47.211279",
        "valid_from": "2026-09-20T09:57:47.211279",
        "valid_until": "2026-09-20T15:57:47.211279",
        "location_name": "Sikkim (Gangtok)",
        "risk_zone": "high",
        "event_type_detail": null,
        "severity": null,
        "description": "Normal geological conditions"
      },
      "geometry": {
        "type": "Point",
        "coordinates": [
          88.6065,
          27.3389
        ]
      }
    },
    {
      "type": "Feature",
      "properties": {
        "source": "GSI",
        "source_record_id": "GSI_Assam_(Guwahati)_20260920_095747",
        "event_type": "geological",
        "timestamp": "2026-09-20T09:57:47.211279",
        "valid_from": "2026-09-20T09:57:47.211279",
        "valid_until": "2026-09-20T15:57:47.211279",
        "location_name": "Assam (Guwahati)",
        "risk_zone": "medium",
        "event_type_detail": null,
        "severity": null,
        "description": "Normal geological conditions"
      },
      "geometry": {
        "type": "Point",
        "coordinates": [
          91.7362,
          26.1445
        ]
      }
    },
    {
      "type": "Feature",
      "properties": {
        "source": "GSI",
        "source_record_id": "GSI_Darjeeling_West_Bengal_20260920_105747",
        "event_type": "geological",
        "timestamp": "2026-09-20T10:57:47.211279",
        "valid_from": "2026-09-20T10:57:47.211279",
        "valid_until": "2026-09-20T16:57:47.211279",
        "location_name": "Darjeeling, West Bengal",
        "risk_zone": "high",
        "event_type_detail": null,
        "severity": null,
        "description": "Normal geological conditions"
      },
      "geometry": {
        "type": "Point",
        "coordinates": [
          88.2627,
          27.036
        ]
      }
    },
    {
      "type": "Feature",
      "properties": {
        "source": "GSI",
        "source_record_id": "GSI_Uttarakhand_(Rudraprayag)_20260920_105747",
        "event_type": "geological",
        "timestamp": "2026-09-20T10:57:47.211279",
        "valid_from": "2026-09-20T10:57:47.211279",
        "valid_until": "2026-09-20T16:57:47.211279",
        "location_name": "Uttarakhand (Rudraprayag)",
        "risk_zone": "high",
        "event_type_detail": null,
        "severity": null,
        "description": "Normal geological conditions"
      },
      "geometry": {
        "type": "Point",
        "coordinates": [
          88.9776,
          30.2865
        ]
      }
    },
    {
      "type": "Feature",
      "properties": {
        "source": "GSI",
        "source_record_id": "GSI_Himachal_Pradesh_(Mandi)_20260920_105747",
        "event_type": "geological",
        "timestamp": "2026-09-20T10:57:47.211279",
        "valid_from": "2026-09-20T10:57:47.211279",
        "valid_until": "2026-09-20T16:57:47.211279",
        "location_name": "Himachal Pradesh (Mandi)",
        "risk_zone": "medium",
        "event_type_detail": null,
        "severity": null,
        "description": "Normal geological conditions"
      },
      "geometry": {
        "type": "Point",
        "coordinates": [
          76.9366,
          31.7084
        ]
      }
    },
    {
      "type": "Feature",
      "properties": {
        "source": "GSI",
        "source_record_id": "GSI_Sikkim_(Gangtok)_20260920_105747",
        "event_type": "geological",
        "timestamp": "2026-09-20T10:57:47.211279",
        "valid_from": "2026-09-20T10:57:47.211279",
        "valid_until": "2026-09-20T16:57:47.211279",
        "location_name": "Sikkim (Gangtok)",
        "risk_zone": "high",
        "event_type_detail": null,
        "severity": null,
        "description": "Normal geological conditions"
      },
      "geometry": {
        "type": "Point",
        "coordinates": [
          88.6065,
          27.3389
        ]
      }
    },
    {
      "type": "Feature",
      "properties": {
        "source": "GSI",
        "source_record_id": "GSI_Assam_(Guwahati)_20260920_105747",
        "event_type": "geological",
        "timestamp": "2026-09-20T10:57:47.211279",
        "valid_from": "2026-09-20T10:57:47.211279",
        "valid_until": "2026-09-20T16:57:47.211279",
        "location_name": "Assam (Guwahati)",
        "risk_zone": "medium",
        "event_type_detail": null,
        "severity": null,
        "description": "Normal geological conditions"
      },
      "geometry": {
        "type": "Point",
        "coordinates": [
          91.7362,
          26.1445
        ]
      }
    },
    {
      "type": "Feature",
      "properties": {
        "source": "GSI",
        "source_record_id": "GSI_Darjeeling_West_Bengal_20260920_115747",
        "event_type": "geological",
        "timestamp": "2026-09-20T11:57:47.211279",
        "valid_from": "2026-09-20T11:57:47.211279",
        "valid_until": "2026-09-20T17:57:47.211279",
        "location_name": "Darjeeling, West Bengal",
        "risk_zone": "high",
        "event_type_detail": null,
        "severity": null,
        "description": "Normal geological conditions"
      },
      "geometry": {
        "type": "Point",
        "coordinates": [
          88.2627,
          27.036
        ]
      }
    },
    {
      "type": "Feature",
      "properties": {
        "source": "GSI",
        "source_record_id": "GSI_Uttarakhand_(Rudraprayag)_20260920_115747",
        "event_type": "geological",
        "timestamp": "2026-09-20T11:57:47.211279",
        "valid_from": "2026-09-20T11:57:47.211279",
        "valid_until": "2026-09-20T17:57:47.211279",
        "location_name": "Uttarakhand (Rudraprayag)",
        "risk_zone": "high",
        "event_type_detail": "soil_erosion",
        "severity": "low",
        "description": "Soil_Erosion in Uttarakhand (Rudraprayag)"
      },
      "geometry": {
        "type": "Point",
        "coordinates": [
          88.9776,
          30.2865
        ]
      }
    },
    {
      "type": "Feature",
      "properties": {
        "source": "GSI",
        "source_record_id": "GSI_Himachal_Pradesh_(Mandi)_20260920_115747",
        "event_type": "geological",
        "timestamp": "2026-09-20T11:57:47.211279",
        "valid_from": "2026-09-20T11:57:47.211279",
        "valid_until": "2026-09-20T17:57:47.211279",
        "location_name": "Himachal Pradesh (Mandi)",
        "risk_zone": "medium",
        "event_type_detail": null,
        "severity": null,
        "description": "Normal geological conditions"
      },
      "geometry": {
        "type": "Point",
        "coordinates": [
          76.9366,
          31.7084
        ]
      }
    },
    {
      "type": "Feature",
      "properties": {
        "source": "GSI",
        "source_record_id": "GSI_Sikkim_(Gangtok)_20260920_115747",
        "event_type": "geological",
        "timestamp": "2026-09-20T11:57:47.211279",
        "valid_from": "2026-09-20T11:57:47.211279",
        "valid_until": "2026-09-20T17:57:47.211279",
        "location_name": "Sikkim (Gangtok)",
        "risk_zone": "high",
        "event_type_detail": null,
        "severity": null,
        "description": "Normal geological conditions"
      },
      "geometry": {
        "type": "Point",
        "coordinates": [
          88.6065,
          27.3389
        ]
      }
    },
    {
      "type": "Feature",
      "properties": {
        "source": "GSI",
        "source_record_id": "GSI_Assam_(Guwahati)_20260920_115747",
        "event_type": "geological",
        "timestamp": "2026-09-20T11:57:47.211279",
        "valid_from": "2026-09-20T11:57:47.211279",
        "valid_until": "2026-09-20T17:57:47.211279",
        "location_name": "Assam (Guwahati)",
        "risk_zone": "medium",
        "event_type_detail": null,
        "severity": null,
        "description": "Normal geological conditions"
      },
      "geometry": {
        "type": "Point",
        "coordinates": [
          91.7362,
          26.1445
        ]
      }
    },
    {
      "type": "Feature",
      "properties": {
        "source": "GSI",
        "source_record_id": "GSI_Darjeeling_West_Bengal_20260920_125747",
        "event_type": "geological",
        "timestamp": "2026-09-20T12:57:47.211279",
        "valid_from": "2026-09-20T12:57:47.211279",
        "valid_until": "2026-09-20T18:57:47.211279",
        "location_name": "Darjeeling, West Bengal",
        "risk_zone": "high",
        "event_type_detail": null,
        "severity": null,
        "description": "Normal geological conditions"
      },
      "geometry": {
        "type": "Point",
        "coordinates": [
          88.2627,
          27.036
        ]
      }
    },
    {
      "type": "Feature",
      "properties": {
        "source": "GSI",
        "source_record_id": "GSI_Uttarakhand_(Rudraprayag)_20260920_125747",
        "event_type": "geological",
        "timestamp": "2026-09-20T12:57:47.211279",
        "valid_from": "2026-09-20T12:57:47.211279",
        "valid_until": "2026-09-20T18:57:47.211279",
        "location_name": "Uttarakhand (Rudraprayag)",
        "risk_zone": "high",
        "event_type_detail": null,
        "severity": null,
        "description": "Normal geological conditions"
      },
      "geometry": {
        "type": "Point",
        "coordinates": [
          88.9776,
          30.2865
        ]
      }
    },
    {
      "type": "Feature",
      "properties": {
        "source": "GSI",
        "source_record_id": "GSI_Himachal_Pradesh_(Mandi)_20260920_125747",
        "event_type": "geological",
        "timestamp": "2026-09-20T12:57:47.211279",
        "valid_from": "2026-09-20T12:57:47.211279",
        "valid_until": "2026-09-20T18:57:47.211279",
        "location_name": "Himachal Pradesh (Mandi)",
        "risk_zone": "medium",
        "event_type_detail": null,
        "severity": null,
        "description": "Normal geological conditions"
      },
      "geometry": {
        "type": "Point",
        "coordinates": [
          76.9366,
          31.7084
        ]
      }
    },
    {
      "type": "Feature",
      "properties": {
        "source": "GSI",
        "source_record_id": "GSI_Sikkim_(Gangtok)_20260920_125747",
        "event_type": "geological",
        "timestamp": "2026-09-20T12:57:47.211279",
        "valid_from": "2026-09-20T12:57:47.211279",
        "valid_until": "2026-09-20T18:57:47.211279",
        "location_name": "Sikkim (Gangtok)",
        "risk_zone": "high",
        "event_type_detail": null,
        "severity": null,
        "description": "Normal geological conditions"
      },
      "geometry": {
        "type": "Point",
        "coordinates": [
          88.6065,
          27.3389
        ]
      }
    },
    {
      "type": "Feature",
      "properties": {
        "source": "GSI",
        "source_record_id": "GSI_Assam_(Guwahati)_20260920_125747",
        "event_type": "geological",
        "timestamp": "2026-09-20T12:57:47.211279",
        "valid_from": "2026-09-20T12:57:47.211279",
        "valid_until": "2026-09-20T18:57:47.211279",
        "location_name": "Assam (Guwahati)",
        "risk_zone": "medium",
        "event_type_detail": null,
        "severity": null,
        "description": "Normal geological conditions"
      },
      "geometry": {
        "type": "Point",
        "coordinates": [
          91.7362,
          26.1445
        ]
      }
    },
    {
      "type": "Feature",
      "properties": {
        "source": "GSI",
        "source_record_id": "GSI_Darjeeling_West_Bengal_20260920_135747",
        "event_type": "geological",
        "timestamp": "2026-09-20T13:57:47.211279",
        "valid_from": "2026-09-20T13:57:47.211279",
        "valid_until": "2026-09-20T19:57:47.211279",
        "location_name": "Darjeeling, West Bengal",
        "risk_zone": "high",
        "event_type_detail": null,
        "severity": null,
        "description": "Normal geological conditions"
      },
      "geometry": {
        "type": "Point",
        "coordinates": [
          88.2627,
          27.036
        ]
      }
    },
    {
      "type": "Feature",
      "properties": {
        "source": "GSI",
        "source_record_id": "GSI_Uttarakhand_(Rudraprayag)_20260920_135747",
        "event_type": "geological",
        "timestamp": "2026-09-20T13:57:47.211279",
        "valid_from": "2026-09-20T13:57:47.211279",
        "valid_until": "2026-09-20T19:57:47.211279",
        "location_name": "Uttarakhand (Rudraprayag)",
        "risk_zone": "high",
        "event_type_detail": null,
        "severity": null,
        "description": "Normal geological conditions"
      },
      "geometry": {
        "type": "Point",
        "coordinates": [
          88.9776,
          30.2865
        ]
      }
    },
    {
      "type": "Feature",
      "properties": {
        "source": "GSI",
        "source_record_id": "GSI_Himachal_Pradesh_(Mandi)_20260920_135747",
        "event_type": "geological",
        "timestamp": "2026-09-20T13:57:47.211279",
        "valid_from": "2026-09-20T13:57:47.211279",
        "valid_until": "2026-09-20T19:57:47.211279",
        "location_name": "Himachal Pradesh (Mandi)",
        "risk_zone": "medium",
        "event_type_detail": null,
        "severity": null,
        "description": "Normal geological conditions"
      },
      "geometry": {
        "type": "Point",
        "coordinates": [
          76.9366,
          31.7084
        ]
      }
    },
    {
      "type": "Feature",
      "properties": {
        "source": "GSI",
        "source_record_id": "GSI_Sikkim_(Gangtok)_20260920_135747",
        "event_type": "geological",
        "timestamp": "2026-09-20T13:57:47.211279",
        "valid_from": "2026-09-20T13:57:47.211279",
        "valid_until": "2026-09-20T19:57:47.211279",
        "location_name": "Sikkim (Gangtok)",
        "risk_zone": "high",
        "event_type_detail": null,
        "severity": null,
        "description": "Normal geological conditions"
      },
      "geometry": {
        "type": "Point",
        "coordinates": [
          88.6065,
          27.3389
        ]
      }
    },
    {
      "type": "Feature",
      "properties": {
        "source": "GSI",
        "source_record_id": "GSI_Assam_(Guwahati)_20260920_135747",
        "event_type": "geological",
        "timestamp": "2026-09-20T13:57:47.211279",
        "valid_from": "2026-09-20T13:57:47.211279",
        "valid_until": "2026-09-20T19:57:47.211279",
        "location_name": "Assam (Guwahati)",
        "risk_zone": "medium",
        "event_type_detail": null,
        "severity": null,
        "description": "Normal geological conditions"
      },
      "geometry": {
        "type": "Point",
        "coordinates": [
          91.7362,
          26.1445
        ]
      }
    },
    {
      "type": "Feature",
      "properties": {
        "source": "GSI",
        "source_record_id": "GSI_Darjeeling_West_Bengal_20260920_145747",
        "event_type": "geological",
        "timestamp": "2026-09-20T14:57:47.211279",
        "valid_from": "2026-09-20T14:57:47.211279",
        "valid_until": "2026-09-20T20:57:47.211279",
        "location_name": "Darjeeling, West Bengal",
        "risk_zone": "high",
        "event_type_detail": null,
        "severity": null,
        "description": "Normal geological conditions"
      },
      "geometry": {
        "type": "Point",
        "coordinates": [
          88.2627,
          27.036
        ]
      }
    },
    {
      "type": "Feature",
      "properties": {
        "source": "GSI",
        "source_record_id": "GSI_Uttarakhand_(Rudraprayag)_20260920_145747",
        "event_type": "geological",
        "timestamp": "2026-09-20T14:57:47.211279",
        "valid_from": "2026-09-20T14:57:47.211279",
        "valid_until": "2026-09-20T20:57:47.211279",
        "location_name": "Uttarakhand (Rudraprayag)",
        "risk_zone": "high",
        "event_type_detail": null,
        "severity": null,
        "description": "Normal geological conditions"
      },
      "geometry": {
        "type": "Point",
        "coordinates": [
          88.9776,
          30.2865
        ]
      }
    },
    {
      "type": "Feature",
      "properties": {
        "source": "GSI",
        "source_record_id": "GSI_Himachal_Pradesh_(Mandi)_20260920_145747",
        "event_type": "geological",
        "timestamp": "2026-09-20T14:57:47.211279",
        "valid_from": "2026-09-20T14:57:47.211279",
        "valid_until": "2026-09-20T20:57:47.211279",
        "location_name": "Himachal Pradesh (Mandi)",
        "risk_zone": "medium",
        "event_type_detail": null,
        "severity": null,
        "description": "Normal geological conditions"
      },
      "geometry": {
        "type": "Point",
        "coordinates": [
          76.9366,
          31.7084
        ]
      }
    },
    {
      "type": "Feature",
      "properties": {
        "source": "GSI",
        "source_record_id": "GSI_Sikkim_(Gangtok)_20260920_145747",
        "event_type": "geological",
        "timestamp": "2026-09-20T14:57:47.211279",
        "valid_from": "2026-09-20T14:57:47.211279",
        "valid_until": "2026-09-20T20:57:47.211279",
        "location_name": "Sikkim (Gangtok)",
        "risk_zone": "high",
        "event_type_detail": null,
        "severity": null,
        "description": "Normal geological conditions"
      },
      "geometry": {
        "type": "Point",
        "coordinates": [
          88.6065,
          27.3389
        ]
      }
    },
    {
      "type": "Feature",
      "properties": {
        "source": "GSI",
        "source_record_id": "GSI_Assam_(Guwahati)_20260920_145747",
        "event_type": "geological",
        "timestamp": "2026-09-20T14:57:47.211279",
        "valid_from": "2026-09-20T14:57:47.211279",
        "valid_until": "2026-09-20T20:57:47.211279",
        "location_name": "Assam (Guwahati)",
        "risk_zone": "medium",
        "event_type_detail": null,
        "severity": null,
        "description": "Normal geological conditions"
      },
      "geometry": {
        "type": "Point",
        "coordinates": [
          91.7362,
          26.1445
        ]
      }
    },
    {
      "type": "Feature",
      "properties": {
        "source": "GSI",
        "source_record_id": "GSI_Darjeeling_West_Bengal_20260920_155747",
        "event_type": "geological",
        "timestamp": "2026-09-20T15:57:47.211279",
        "valid_from": "2026-09-20T15:57:47.211279",
        "valid_until": "2026-09-20T21:57:47.211279",
        "location_name": "Darjeeling, West Bengal",
        "risk_zone": "high",
        "event_type_detail": null,
        "severity": null,
        "description": "Normal geological conditions"
      },
      "geometry": {
        "type": "Point",
        "coordinates": [
          88.2627,
          27.036
        ]
      }
    },
    {
      "type": "Feature",
      "properties": {
        "source": "GSI",
        "source_record_id": "GSI_Uttarakhand_(Rudraprayag)_20260920_155747",
        "event_type": "geological",
        "timestamp": "2026-09-20T15:57:47.211279",
        "valid_from": "2026-09-20T15:57:47.211279",
        "valid_until": "2026-09-20T21:57:47.211279",
        "location_name": "Uttarakhand (Rudraprayag)",
        "risk_zone": "high",
        "event_type_detail": null,
        "severity": null,
        "description": "Normal geological conditions"
      },
      "geometry": {
        "type": "Point",
        "coordinates": [
          88.9776,
          30.2865
        ]
      }
    },
    {
      "type": "Feature",
      "properties": {
        "source": "GSI",
        "source_record_id": "GSI_Himachal_Pradesh_(Mandi)_20260920_155747",
        "event_type": "geological",
        "timestamp": "2026-09-20T15:57:47.211279",
        "valid_from": "2026-09-20T15:57:47.211279",
        "valid_until": "2026-09-20T21:57:47.211279",
        "location_name": "Himachal Pradesh (Mandi)",
        "risk_zone": "medium",
        "event_type_detail": null,
        "severity": null,
        "description": "Normal geological conditions"
      },
      "geometry": {
        "type": "Point",
        "coordinates": [
          76.9366,
          31.7084
        ]
      }
    },
    {
      "type": "Feature",
      "properties": {
        "source": "GSI",
        "source_record_id": "GSI_Sikkim_(Gangtok)_20260920_155747",
        "event_type": "geological",
        "timestamp": "2026-09-20T15:57:47.211279",
        "valid_from": "2026-09-20T15:57:47.211279",
        "valid_until": "2026-09-20T21:57:47.211279",
        "location_name": "Sikkim (Gangtok)",
        "risk_zone": "high",
        "event_type_detail": null,
        "severity": null,
        "description": "Normal geological conditions"
      },
      "geometry": {
        "type": "Point",
        "coordinates": [
          88.6065,
          27.3389
        ]
      }
    },
    {
      "type": "Feature",
      "properties": {
        "source": "GSI",
        "source_record_id": "GSI_Assam_(Guwahati)_20260920_155747",
        "event_type": "geological",
        "timestamp": "2026-09-20T15:57:47.211279",
        "valid_from": "2026-09-20T15:57:47.211279",
        "valid_until": "2026-09-20T21:57:47.211279",
        "location_name": "Assam (Guwahati)",
        "risk_zone": "medium",
        "event_type_detail": null,
        "severity": null,
        "description": "Normal geological conditions"
      },
      "geometry": {
        "type": "Point",
        "coordinates": [
          91.7362,
          26.1445
        ]
      }
    },
    {
      "type": "Feature",
      "properties": {
        "source": "GSI",
        "source_record_id": "GSI_Darjeeling_West_Bengal_20260920_165747",
        "event_type": "geological",
        "timestamp": "2026-09-20T16:57:47.211279",
        "valid_from": "2026-09-20T16:57:47.211279",
        "valid_until": "2026-09-20T22:57:47.211279",
        "location_name": "Darjeeling, West Bengal",
        "risk_zone": "high",
        "event_type_detail": null,
        "severity": null,
        "description": "Normal geological conditions"
      },
      "geometry": {
        "type": "Point",
        "coordinates": [
          88.2627,
          27.036
        ]
      }
    },
    {
      "type": "Feature",
      "properties": {
        "source": "GSI",
        "source_record_id": "GSI_Uttarakhand_(Rudraprayag)_20260920_165747",
        "event_type": "geological",
        "timestamp": "2026-09-20T16:57:47.211279",
        "valid_from": "2026-09-20T16:57:47.211279",
        "valid_until": "2026-09-20T22:57:47.211279",
        "location_name": "Uttarakhand (Rudraprayag)",
        "risk_zone": "high",
        "event_type_detail": null,
        "severity": null,
        "description": "Normal geological conditions"
      },
      "geometry": {
        "type": "Point",
        "coordinates": [
          88.9776,
          30.2865
        ]
      }
    },
    {
      "type": "Feature",
      "properties": {
        "source": "GSI",
        "source_record_id": "GSI_Himachal_Pradesh_(Mandi)_20260920_165747",
        "event_type": "geological",
        "timestamp": "2026-09-20T16:57:47.211279",
        "valid_from": "2026-09-20T16:57:47.211279",
        "valid_until": "2026-09-20T22:57:47.211279",
        "location_name": "Himachal Pradesh (Mandi)",
        "risk_zone": "medium",
        "event_type_detail": null,
        "severity": null,
        "description": "Normal geological conditions"
      },
      "geometry": {
        "type": "Point",
        "coordinates": [
          76.9366,
          31.7084
        ]
      }
    },
    {
      "type": "Feature",
      "properties": {
        "source": "GSI",
        "source_record_id": "GSI_Sikkim_(Gangtok)_20260920_165747",
        "event_type": "geological",
        "timestamp": "2026-09-20T16:57:47.211279",
        "valid_from": "2026-09-20T16:57:47.211279",
        "valid_until": "2026-09-20T22:57:47.211279",
        "location_name": "Sikkim (Gangtok)",
        "risk_zone": "high",
        "event_type_detail": null,
        "severity": null,
        "description": "Normal geological conditions"
      },
      "geometry": {
        "type": "Point",
        "coordinates": [
          88.6065,
          27.3389
        ]
      }
    },
    {
      "type": "Feature",
      "properties": {
        "source": "GSI",
        "source_record_id": "GSI_Assam_(Guwahati)_20260920_165747",
        "event_type": "geological",
        "timestamp": "2026-09-20T16:57:47.211279",
        "valid_from": "2026-09-20T16:57:47.211279",
        "valid_until": "2026-09-20T22:57:47.211279",
        "location_name": "Assam (Guwahati)",
        "risk_zone": "medium",
        "event_type_detail": null,
        "severity": null,
        "description": "Normal geological conditions"
      },
      "geometry": {
        "type": "Point",
        "coordinates": [
          91.7362,
          26.1445
        ]
      }
    },
    {
      "type": "Feature",
      "properties": {
        "source": "GSI",
        "source_record_id": "GSI_Darjeeling_West_Bengal_20260920_175747",
        "event_type": "geological",
        "timestamp": "2026-09-20T17:57:47.211279",
        "valid_from": "2026-09-20T17:57:47.211279",
        "valid_until": "2026-09-20T23:57:47.211279",
        "location_name": "Darjeeling, West Bengal",
        "risk_zone": "high",
        "event_type_detail": null,
        "severity": null,
        "description": "Normal geological conditions"
      },
      "geometry": {
        "type": "Point",
        "coordinates": [
          88.2627,
          27.036
        ]
      }
    },
    {
      "type": "Feature",
      "properties": {
        "source": "GSI",
        "source_record_id": "GSI_Uttarakhand_(Rudraprayag)_20260920_175747",
        "event_type": "geological",
        "timestamp": "2026-09-20T17:57:47.211279",
        "valid_from": "2026-09-20T17:57:47.211279",
        "valid_until": "2026-09-20T23:57:47.211279",
        "location_name": "Uttarakhand (Rudraprayag)",
        "risk_zone": "high",
        "event_type_detail": null,
        "severity": null,
        "description": "Normal geological conditions"
      },
      "geometry": {
        "type": "Point",
        "coordinates": [
          88.9776,
          30.2865
        ]
      }
    },
    {
      "type": "Feature",
      "properties": {
        "source": "GSI",
        "source_record_id": "GSI_Himachal_Pradesh_(Mandi)_20260920_175747",
        "event_type": "geological",
        "timestamp": "2026-09-20T17:57:47.211279",
        "valid_from": "2026-09-20T17:57:47.211279",
        "valid_until": "2026-09-20T23:57:47.211279",
        "location_name": "Himachal Pradesh (Mandi)",
        "risk_zone": "medium",
        "event_type_detail": null,
        "severity": null,
        "description": "Normal geological conditions"
      },
      "geometry": {
        "type": "Point",
        "coordinates": [
          76.9366,
          31.7084
        ]
      }
    },
    {
      "type": "Feature",
      "properties": {
        "source": "GSI",
        "source_record_id": "GSI_Sikkim_(Gangtok)_20260920_175747",
        "event_type": "geological",
        "timestamp": "2026-09-20T17:57:47.211279",
        "valid_from": "2026-09-20T17:57:47.211279",
        "valid_until": "2026-09-20T23:57:47.211279",
        "location_name": "Sikkim (Gangtok)",
        "risk_zone": "high",
        "event_type_detail": null,
        "severity": null,
        "description": "Normal geological conditions"
      },
      "geometry": {
        "type": "Point",
        "coordinates": [
          88.6065,
          27.3389
        ]
      }
    },
    {
      "type": "Feature",
      "properties": {
        "source": "GSI",
        "source_record_id": "GSI_Assam_(Guwahati)_20260920_175747",
        "event_type": "geological",
        "timestamp": "2026-09-20T17:57:47.211279",
        "valid_from": "2026-09-20T17:57:47.211279",
        "valid_until": "2026-09-20T23:57:47.211279",
        "location_name": "Assam (Guwahati)",
        "risk_zone": "medium",
        "event_type_detail": null,
        "severity": null,
        "description": "Normal geological conditions"
      },
      "geometry": {
        "type": "Point",
        "coordinates": [
          91.7362,
          26.1445
        ]
      }
    },
    {
      "type": "Feature",
      "properties": {
        "source": "GSI",
        "source_record_id": "GSI_Darjeeling_West_Bengal_20260920_185747",
        "event_type": "geological",
        "timestamp": "2026-09-20T18:57:47.211279",
        "valid_from": "2026-09-20T18:57:47.211279",
        "valid_until": "2026-09-21T00:57:47.211279",
        "location_name": "Darjeeling, West Bengal",
        "risk_zone": "high",
        "event_type_detail": null,
        "severity": null,
        "description": "Normal geological conditions"
      },
      "geometry": {
        "type": "Point",
        "coordinates": [
          88.2627,
          27.036
        ]
      }
    },
    {
      "type": "Feature",
      "properties": {
        "source": "GSI",
        "source_record_id": "GSI_Uttarakhand_(Rudraprayag)_20260920_185747",
        "event_type": "geological",
        "timestamp": "2026-09-20T18:57:47.211279",
        "valid_from": "2026-09-20T18:57:47.211279",
        "valid_until": "2026-09-21T00:57:47.211279",
        "location_name": "Uttarakhand (Rudraprayag)",
        "risk_zone": "high",
        "event_type_detail": null,
        "severity": null,
        "description": "Normal geological conditions"
      },
      "geometry": {
        "type": "Point",
        "coordinates": [
          88.9776,
          30.2865
        ]
      }
    },
    {
      "type": "Feature",
      "properties": {
        "source": "GSI",
        "source_record_id": "GSI_Himachal_Pradesh_(Mandi)_20260920_185747",
        "event_type": "geological",
        "timestamp": "2026-09-20T18:57:47.211279",
        "valid_from": "2026-09-20T18:57:47.211279",
        "valid_until": "2026-09-21T00:57:47.211279",
        "location_name": "Himachal Pradesh (Mandi)",
        "risk_zone": "medium",
        "event_type_detail": "soil_erosion",
        "severity": "low",
        "description": "Soil_Erosion in Himachal Pradesh (Mandi)"
      },
      "geometry": {
        "type": "Point",
        "coordinates": [
          76.9366,
          31.7084
        ]
      }
    },
    {
      "type": "Feature",
      "properties": {
        "source": "GSI",
        "source_record_id": "GSI_Sikkim_(Gangtok)_20260920_185747",
        "event_type": "geological",
        "timestamp": "2026-09-20T18:57:47.211279",
        "valid_from": "2026-09-20T18:57:47.211279",
        "valid_until": "2026-09-21T00:57:47.211279",
        "location_name": "Sikkim (Gangtok)",
        "risk_zone": "high",
        "event_type_detail": null,
        "severity": null,
        "description": "Normal geological conditions"
      },
      "geometry": {
        "type": "Point",
        "coordinates": [
          88.6065,
          27.3389
        ]
      }
    },
    {
      "type": "Feature",
      "properties": {
        "source": "GSI",
        "source_record_id": "GSI_Assam_(Guwahati)_20260920_185747",
        "event_type": "geological",
        "timestamp": "2026-09-20T18:57:47.211279",
        "valid_from": "2026-09-20T18:57:47.211279",
        "valid_until": "2026-09-21T00:57:47.211279",
        "location_name": "Assam (Guwahati)",
        "risk_zone": "medium",
        "event_type_detail": null,
        "severity": null,
        "description": "Normal geological conditions"
      },
      "geometry": {
        "type": "Point",
        "coordinates": [
          91.7362,
          26.1445
        ]
      }
    },
    {
      "type": "Feature",
      "properties": {
        "source": "GSI",
        "source_record_id": "GSI_Darjeeling_West_Bengal_20260920_195747",
        "event_type": "geological",
        "timestamp": "2026-09-20T19:57:47.211279",
        "valid_from": "2026-09-20T19:57:47.211279",
        "valid_until": "2026-09-21T01:57:47.211279",
        "location_name": "Darjeeling, West Bengal",
        "risk_zone": "high",
        "event_type_detail": null,
        "severity": null,
        "description": "Normal geological conditions"
      },
      "geometry": {
        "type": "Point",
        "coordinates": [
          88.2627,
          27.036
        ]
      }
    },
    {
      "type": "Feature",
      "properties": {
        "source": "GSI",
        "source_record_id": "GSI_Uttarakhand_(Rudraprayag)_20260920_195747",
        "event_type": "geological",
        "timestamp": "2026-09-20T19:57:47.211279",
        "valid_from": "2026-09-20T19:57:47.211279",
        "valid_until": "2026-09-21T01:57:47.211279",
        "location_name": "Uttarakhand (Rudraprayag)",
        "risk_zone": "high",
        "event_type_detail": null,
        "severity": null,
        "description": "Normal geological conditions"
      },
      "geometry": {
        "type": "Point",
        "coordinates": [
          88.9776,
          30.2865
        ]
      }
    },
    {
      "type": "Feature",
      "properties": {
        "source": "GSI",
        "source_record_id": "GSI_Himachal_Pradesh_(Mandi)_20260920_195747",
        "event_type": "geological",
        "timestamp": "2026-09-20T19:57:47.211279",
        "valid_from": "2026-09-20T19:57:47.211279",
        "valid_until": "2026-09-21T01:57:47.211279",
        "location_name": "Himachal Pradesh (Mandi)",
        "risk_zone": "medium",
        "event_type_detail": null,
        "severity": null,
        "description": "Normal geological conditions"
      },
      "geometry": {
        "type": "Point",
        "coordinates": [
          76.9366,
          31.7084
        ]
      }
    },
    {
      "type": "Feature",
      "properties": {
        "source": "GSI",
        "source_record_id": "GSI_Sikkim_(Gangtok)_20260920_195747",
        "event_type": "geological",
        "timestamp": "2026-09-20T19:57:47.211279",
        "valid_from": "2026-09-20T19:57:47.211279",
        "valid_until": "2026-09-21T01:57:47.211279",
        "location_name": "Sikkim (Gangtok)",
        "risk_zone": "high",
        "event_type_detail": null,
        "severity": null,
        "description": "Normal geological conditions"
      },
      "geometry": {
        "type": "Point",
        "coordinates": [
          88.6065,
          27.3389
        ]
      }
    },
    {
      "type": "Feature",
      "properties": {
        "source": "GSI",
        "source_record_id": "GSI_Assam_(Guwahati)_20260920_195747",
        "event_type": "geological",
        "timestamp": "2026-09-20T19:57:47.211279",
        "valid_from": "2026-09-20T19:57:47.211279",
        "valid_until": "2026-09-21T01:57:47.211279",
        "location_name": "Assam (Guwahati)",
        "risk_zone": "medium",
        "event_type_detail": null,
        "severity": null,
        "description": "Normal geological conditions"
      },
      "geometry": {
        "type": "Point",
        "coordinates": [
          91.7362,
          26.1445
        ]
      }
    },
    {
      "type": "Feature",
      "properties": {
        "source": "GSI",
        "source_record_id": "GSI_Darjeeling_West_Bengal_20260920_205747",
        "event_type": "geological",
        "timestamp": "2026-09-20T20:57:47.211279",
        "valid_from": "2026-09-20T20:57:47.211279",
        "valid_until": "2026-09-21T02:57:47.211279",
        "location_name": "Darjeeling, West Bengal",
        "risk_zone": "high",
        "event_type_detail": null,
        "severity": null,
        "description": "Normal geological conditions"
      },
      "geometry": {
        "type": "Point",
        "coordinates": [
          88.2627,
          27.036
        ]
      }
    },
    {
      "type": "Feature",
      "properties": {
        "source": "GSI",
        "source_record_id": "GSI_Uttarakhand_(Rudraprayag)_20260920_205747",
        "event_type": "geological",
        "timestamp": "2026-09-20T20:57:47.211279",
        "valid_from": "2026-09-20T20:57:47.211279",
        "valid_until": "2026-09-21T02:57:47.211279",
        "location_name": "Uttarakhand (Rudraprayag)",
        "risk_zone": "high",
        "event_type_detail": null,
        "severity": null,
        "description": "Normal geological conditions"
      },
      "geometry": {
        "type": "Point",
        "coordinates": [
          88.9776,
          30.2865
        ]
      }
    },
    {
      "type": "Feature",
      "properties": {
        "source": "GSI",
        "source_record_id": "GSI_Himachal_Pradesh_(Mandi)_20260920_205747",
        "event_type": "geological",
        "timestamp": "2026-09-20T20:57:47.211279",
        "valid_from": "2026-09-20T20:57:47.211279",
        "valid_until": "2026-09-21T02:57:47.211279",
        "location_name": "Himachal Pradesh (Mandi)",
        "risk_zone": "medium",
        "event_type_detail": null,
        "severity": null,
        "description": "Normal geological conditions"
      },
      "geometry": {
        "type": "Point",
        "coordinates": [
          76.9366,
          31.7084
        ]
      }
    },
    {
      "type": "Feature",
      "properties": {
        "source": "GSI",
        "source_record_id": "GSI_Sikkim_(Gangtok)_20260920_205747",
        "event_type": "geological",
        "timestamp": "2026-09-20T20:57:47.211279",
        "valid_from": "2026-09-20T20:57:47.211279",
        "valid_until": "2026-09-21T02:57:47.211279",
        "location_name": "Sikkim (Gangtok)",
        "risk_zone": "high",
        "event_type_detail": null,
        "severity": null,
        "description": "Normal geological conditions"
      },
      "geometry": {
        "type": "Point",
        "coordinates": [
          88.6065,
          27.3389
        ]
      }
    },
    {
      "type": "Feature",
      "properties": {
        "source": "GSI",
        "source_record_id": "GSI_Assam_(Guwahati)_20260920_205747",
        "event_type": "geological",
        "timestamp": "2026-09-20T20:57:47.211279",
        "valid_from": "2026-09-20T20:57:47.211279",
        "valid_until": "2026-09-21T02:57:47.211279",
        "location_name": "Assam (Guwahati)",
        "risk_zone": "medium",
        "event_type_detail": null,
        "severity": null,
        "description": "Normal geological conditions"
      },
      "geometry": {
        "type": "Point",
        "coordinates": [
          91.7362,
          26.1445
        ]
      }
    },
    {
      "type": "Feature",
      "properties": {
        "source": "GSI",
        "source_record_id": "GSI_Darjeeling_West_Bengal_20260920_215747",
        "event_type": "geological",
        "timestamp": "2026-09-20T21:57:47.211279",
        "valid_from": "2026-09-20T21:57:47.211279",
        "valid_until": "2026-09-21T03:57:47.211279",
        "location_name": "Darjeeling, West Bengal",
        "risk_zone": "high",
        "event_type_detail": null,
        "severity": null,
        "description": "Normal geological conditions"
      },
      "geometry": {
        "type": "Point",
        "coordinates": [
          88.2627,
          27.036
        ]
      }
    },
    {
      "type": "Feature",
      "properties": {
        "source": "GSI",
        "source_record_id": "GSI_Uttarakhand_(Rudraprayag)_20260920_215747",
        "event_type": "geological",
        "timestamp": "2026-09-20T21:57:47.211279",
        "valid_from": "2026-09-20T21:57:47.211279",
        "valid_until": "2026-09-21T03:57:47.211279",
        "location_name": "Uttarakhand (Rudraprayag)",
        "risk_zone": "high",
        "event_type_detail": null,
        "severity": null,
        "description": "Normal geological conditions"
      },
      "geometry": {
        "type": "Point",
        "coordinates": [
          88.9776,
          30.2865
        ]
      }
    },
    {
      "type": "Feature",
      "properties": {
        "source": "GSI",
        "source_record_id": "GSI_Himachal_Pradesh_(Mandi)_20260920_215747",
        "event_type": "geological",
        "timestamp": "2026-09-20T21:57:47.211279",
        "valid_from": "2026-09-20T21:57:47.211279",
        "valid_until": "2026-09-21T03:57:47.211279",
        "location_name": "Himachal Pradesh (Mandi)",
        "risk_zone": "medium",
        "event_type_detail": null,
        "severity": null,
        "description": "Normal geological conditions"
      },
      "geometry": {
        "type": "Point",
        "coordinates": [
          76.9366,
          31.7084
        ]
      }
    },
    {
      "type": "Feature",
      "properties": {
        "source": "GSI",
        "source_record_id": "GSI_Sikkim_(Gangtok)_20260920_215747",
        "event_type": "geological",
        "timestamp": "2026-09-20T21:57:47.211279",
        "valid_from": "2026-09-20T21:57:47.211279",
        "valid_until": "2026-09-21T03:57:47.211279",
        "location_name": "Sikkim (Gangtok)",
        "risk_zone": "high",
        "event_type_detail": null,
        "severity": null,
        "description": "Normal geological conditions"
      },
      "geometry": {
        "type": "Point",
        "coordinates": [
          88.6065,
          27.3389
        ]
      }
    },
    {
      "type": "Feature",
      "properties": {
        "source": "GSI",
        "source_record_id": "GSI_Assam_(Guwahati)_20260920_215747",
        "event_type": "geological",
        "timestamp": "2026-09-20T21:57:47.211279",
        "valid_from": "2026-09-20T21:57:47.211279",
        "valid_until": "2026-09-21T03:57:47.211279",
        "location_name": "Assam (Guwahati)",
        "risk_zone": "medium",
        "event_type_detail": null,
        "severity": null,
        "description": "Normal geological conditions"
      },
      "geometry": {
        "type": "Point",
        "coordinates": [
          91.7362,
          26.1445
        ]
      }
    },
    {
      "type": "Feature",
      "properties": {
        "source": "GSI",
        "source_record_id": "GSI_Darjeeling_West_Bengal_20260920_225747",
        "event_type": "geological",
        "timestamp": "2026-09-20T22:57:47.211279",
        "valid_from": "2026-09-20T22:57:47.211279",
        "valid_until": "2026-09-21T04:57:47.211279",
        "location_name": "Darjeeling, West Bengal",
        "risk_zone": "high",
        "event_type_detail": null,
        "severity": null,
        "description": "Normal geological conditions"
      },
      "geometry": {
        "type": "Point",
        "coordinates": [
          88.2627,
          27.036
        ]
      }
    },
    {
      "type": "Feature",
      "properties": {
        "source": "GSI",
        "source_record_id": "GSI_Uttarakhand_(Rudraprayag)_20260920_225747",
        "event_type": "geological",
        "timestamp": "2026-09-20T22:57:47.211279",
        "valid_from": "2026-09-20T22:57:47.211279",
        "valid_until": "2026-09-21T04:57:47.211279",
        "location_name": "Uttarakhand (Rudraprayag)",
        "risk_zone": "high",
        "event_type_detail": null,
        "severity": null,
        "description": "Normal geological conditions"
      },
      "geometry": {
        "type": "Point",
        "coordinates": [
          88.9776,
          30.2865
        ]
      }
    },
    {
      "type": "Feature",
      "properties": {
        "source": "GSI",
        "source_record_id": "GSI_Himachal_Pradesh_(Mandi)_20260920_225747",
        "event_type": "geological",
        "timestamp": "2026-09-20T22:57:47.211279",
        "valid_from": "2026-09-20T22:57:47.211279",
        "valid_until": "2026-09-21T04:57:47.211279",
        "location_name": "Himachal Pradesh (Mandi)",
        "risk_zone": "medium",
        "event_type_detail": null,
        "severity": null,
        "description": "Normal geological conditions"
      },
      "geometry": {
        "type": "Point",
        "coordinates": [
          76.9366,
          31.7084
        ]
      }
    },
    {
      "type": "Feature",
      "properties": {
        "source": "GSI",
        "source_record_id": "GSI_Sikkim_(Gangtok)_20260920_225747",
        "event_type": "geological",
        "timestamp": "2026-09-20T22:57:47.211279",
        "valid_from": "2026-09-20T22:57:47.211279",
        "valid_until": "2026-09-21T04:57:47.211279",
        "location_name": "Sikkim (Gangtok)",
        "risk_zone": "high",
        "event_type_detail": null,
        "severity": null,
        "description": "Normal geological conditions"
      },
      "geometry": {
        "type": "Point",
        "coordinates": [
          88.6065,
          27.3389
        ]
      }
    },
    {
      "type": "Feature",
      "properties": {
        "source": "GSI",
        "source_record_id": "GSI_Assam_(Guwahati)_20260920_225747",
        "event_type": "geological",
        "timestamp": "2026-09-20T22:57:47.211279",
        "valid_from": "2026-09-20T22:57:47.211279",
        "valid_until": "2026-09-21T04:57:47.211279",
        "location_name": "Assam (Guwahati)",
        "risk_zone": "medium",
        "event_type_detail": null,
        "severity": null,
        "description": "Normal geological conditions"
      },
      "geometry": {
        "type": "Point",
        "coordinates": [
          91.7362,
          26.1445
        ]
      }
    },
    {
      "type": "Feature",
      "properties": {
        "source": "GSI",
        "source_record_id": "GSI_Darjeeling_West_Bengal_20260920_235747",
        "event_type": "geological",
        "timestamp": "2026-09-20T23:57:47.211279",
        "valid_from": "2026-09-20T23:57:47.211279",
        "valid_until": "2026-09-21T05:57:47.211279",
        "location_name": "Darjeeling, West Bengal",
        "risk_zone": "high",
        "event_type_detail": null,
        "severity": null,
        "description": "Normal geological conditions"
      },
      "geometry": {
        "type": "Point",
        "coordinates": [
          88.2627,
          27.036
        ]
      }
    },
    {
      "type": "Feature",
      "properties": {
        "source": "GSI",
        "source_record_id": "GSI_Uttarakhand_(Rudraprayag)_20260920_235747",
        "event_type": "geological",
        "timestamp": "2026-09-20T23:57:47.211279",
        "valid_from": "2026-09-20T23:57:47.211279",
        "valid_until": "2026-09-21T05:57:47.211279",
        "location_name": "Uttarakhand (Rudraprayag)",
        "risk_zone": "high",
        "event_type_detail": null,
        "severity": null,
        "description": "Normal geological conditions"
      },
      "geometry": {
        "type": "Point",
        "coordinates": [
          88.9776,
          30.2865
        ]
      }
    },
    {
      "type": "Feature",
      "properties": {
        "source": "GSI",
        "source_record_id": "GSI_Himachal_Pradesh_(Mandi)_20260920_235747",
        "event_type": "geological",
        "timestamp": "2026-09-20T23:57:47.211279",
        "valid_from": "2026-09-20T23:57:47.211279",
        "valid_until": "2026-09-21T05:57:47.211279",
        "location_name": "Himachal Pradesh (Mandi)",
        "risk_zone": "medium",
        "event_type_detail": null,
        "severity": null,
        "description": "Normal geological conditions"
      },
      "geometry": {
        "type": "Point",
        "coordinates": [
          76.9366,
          31.7084
        ]
      }
    },
    {
      "type": "Feature",
      "properties": {
        "source": "GSI",
        "source_record_id": "GSI_Sikkim_(Gangtok)_20260920_235747",
        "event_type": "geological",
        "timestamp": "2026-09-20T23:57:47.211279",
        "valid_from": "2026-09-20T23:57:47.211279",
        "valid_until": "2026-09-21T05:57:47.211279",
        "location_name": "Sikkim (Gangtok)",
        "risk_zone": "high",
        "event_type_detail": null,
        "severity": null,
        "description": "Normal geological conditions"
      },
      "geometry": {
        "type": "Point",
        "coordinates": [
          88.6065,
          27.3389
        ]
      }
    },
    {
      "type": "Feature",
      "properties": {
        "source": "GSI",
        "source_record_id": "GSI_Assam_(Guwahati)_20260920_235747",
        "event_type": "geological",
        "timestamp": "2026-09-20T23:57:47.211279",
        "valid_from": "2026-09-20T23:57:47.211279",
        "valid_until": "2026-09-21T05:57:47.211279",
        "location_name": "Assam (Guwahati)",
        "risk_zone": "medium",
        "event_type_detail": null,
        "severity": null,
        "description": "Normal geological conditions"
      },
      "geometry": {
        "type": "Point",
        "coordinates": [
          91.7362,
          26.1445
        ]
      }
    },
    {
      "type": "Feature",
      "properties": {
        "source": "GSI",
        "source_record_id": "GSI_Darjeeling_West_Bengal_20260921_005747",
        "event_type": "geological",
        "timestamp": "2026-09-21T00:57:47.211279",
        "valid_from": "2026-09-21T00:57:47.211279",
        "valid_until": "2026-09-21T06:57:47.211279",
        "location_name": "Darjeeling, West Bengal",
        "risk_zone": "high",
        "event_type_detail": null,
        "severity": null,
        "description": "Normal geological conditions"
      },
      "geometry": {
        "type": "Point",
        "coordinates": [
          88.2627,
          27.036
        ]
      }
    },
    {
      "type": "Feature",
      "properties": {
        "source": "GSI",
        "source_record_id": "GSI_Uttarakhand_(Rudraprayag)_20260921_005747",
        "event_type": "geological",
        "timestamp": "2026-09-21T00:57:47.211279",
        "valid_from": "2026-09-21T00:57:47.211279",
        "valid_until": "2026-09-21T06:57:47.211279",
        "location_name": "Uttarakhand (Rudraprayag)",
        "risk_zone": "high",
        "event_type_detail": null,
        "severity": null,
        "description": "Normal geological conditions"
      },
      "geometry": {
        "type": "Point",
        "coordinates": [
          88.9776,
          30.2865
        ]
      }
    },
    {
      "type": "Feature",
      "properties": {
        "source": "GSI",
        "source_record_id": "GSI_Himachal_Pradesh_(Mandi)_20260921_005747",
        "event_type": "geological",
        "timestamp": "2026-09-21T00:57:47.211279",
        "valid_from": "2026-09-21T00:57:47.211279",
        "valid_until": "2026-09-21T06:57:47.211279",
        "location_name": "Himachal Pradesh (Mandi)",
        "risk_zone": "medium",
        "event_type_detail": "soil_erosion",
        "severity": "medium",
        "description": "Soil_Erosion in Himachal Pradesh (Mandi)"
      },
      "geometry": {
        "type": "Point",
        "coordinates": [
          76.9366,
          31.7084
        ]
      }
    },
    {
      "type": "Feature",
      "properties": {
        "source": "GSI",
        "source_record_id": "GSI_Sikkim_(Gangtok)_20260921_005747",
        "event_type": "geological",
        "timestamp": "2026-09-21T00:57:47.211279",
        "valid_from": "2026-09-21T00:57:47.211279",
        "valid_until": "2026-09-21T06:57:47.211279",
        "location_name": "Sikkim (Gangtok)",
        "risk_zone": "high",
        "event_type_detail": null,
        "severity": null,
        "description": "Normal geological conditions"
      },
      "geometry": {
        "type": "Point",
        "coordinates": [
          88.6065,
          27.3389
        ]
      }
    },
    {
      "type": "Feature",
      "properties": {
        "source": "GSI",
        "source_record_id": "GSI_Assam_(Guwahati)_20260921_005747",
        "event_type": "geological",
        "timestamp": "2026-09-21T00:57:47.211279",
        "valid_from": "2026-09-21T00:57:47.211279",
        "valid_until": "2026-09-21T06:57:47.211279",
        "location_name": "Assam (Guwahati)",
        "risk_zone": "medium",
        "event_type_detail": null,
        "severity": null,
        "description": "Normal geological conditions"
      },
      "geometry": {
        "type": "Point",
        "coordinates": [
          91.7362,
          26.1445
        ]
      }
    },
    {
      "type": "Feature",
      "properties": {
        "source": "GSI",
        "source_record_id": "GSI_Darjeeling_West_Bengal_20260921_015747",
        "event_type": "geological",
        "timestamp": "2026-09-21T01:57:47.211279",
        "valid_from": "2026-09-21T01:57:47.211279",
        "valid_until": "2026-09-21T07:57:47.211279",
        "location_name": "Darjeeling, West Bengal",
        "risk_zone": "high",
        "event_type_detail": null,
        "severity": null,
        "description": "Normal geological conditions"
      },
      "geometry": {
        "type": "Point",
        "coordinates": [
          88.2627,
          27.036
        ]
      }
    },
    {
      "type": "Feature",
      "properties": {
        "source": "GSI",
        "source_record_id": "GSI_Uttarakhand_(Rudraprayag)_20260921_015747",
        "event_type": "geological",
        "timestamp": "2026-09-21T01:57:47.211279",
        "valid_from": "2026-09-21T01:57:47.211279",
        "valid_until": "2026-09-21T07:57:47.211279",
        "location_name": "Uttarakhand (Rudraprayag)",
        "risk_zone": "high",
        "event_type_detail": null,
        "severity": null,
        "description": "Normal geological conditions"
      },
      "geometry": {
        "type": "Point",
        "coordinates": [
          88.9776,
          30.2865
        ]
      }
    },
    {
      "type": "Feature",
      "properties": {
        "source": "GSI",
        "source_record_id": "GSI_Himachal_Pradesh_(Mandi)_20260921_015747",
        "event_type": "geological",
        "timestamp": "2026-09-21T01:57:47.211279",
        "valid_from": "2026-09-21T01:57:47.211279",
        "valid_until": "2026-09-21T07:57:47.211279",
        "location_name": "Himachal Pradesh (Mandi)",
        "risk_zone": "medium",
        "event_type_detail": null,
        "severity": null,
        "description": "Normal geological conditions"
      },
      "geometry": {
        "type": "Point",
        "coordinates": [
          76.9366,
          31.7084
        ]
      }
    },
    {
      "type": "Feature",
      "properties": {
        "source": "GSI",
        "source_record_id": "GSI_Sikkim_(Gangtok)_20260921_015747",
        "event_type": "geological",
        "timestamp": "2026-09-21T01:57:47.211279",
        "valid_from": "2026-09-21T01:57:47.211279",
        "valid_until": "2026-09-21T07:57:47.211279",
        "location_name": "Sikkim (Gangtok)",
        "risk_zone": "high",
        "event_type_detail": null,
        "severity": null,
        "description": "Normal geological conditions"
      },
      "geometry": {
        "type": "Point",
        "coordinates": [
          88.6065,
          27.3389
        ]
      }
    },
    {
      "type": "Feature",
      "properties": {
        "source": "GSI",
        "source_record_id": "GSI_Assam_(Guwahati)_20260921_015747",
        "event_type": "geological",
        "timestamp": "2026-09-21T01:57:47.211279",
        "valid_from": "2026-09-21T01:57:47.211279",
        "valid_until": "2026-09-21T07:57:47.211279",
        "location_name": "Assam (Guwahati)",
        "risk_zone": "medium",
        "event_type_detail": null,
        "severity": null,
        "description": "Normal geological conditions"
      },
      "geometry": {
        "type": "Point",
        "coordinates": [
          91.7362,
          26.1445
        ]
      }
    },
    {
      "type": "Feature",
      "properties": {
        "source": "GSI",
        "source_record_id": "GSI_Darjeeling_West_Bengal_20260921_025747",
        "event_type": "geological",
        "timestamp": "2026-09-21T02:57:47.211279",
        "valid_from": "2026-09-21T02:57:47.211279",
        "valid_until": "2026-09-21T08:57:47.211279",
        "location_name": "Darjeeling, West Bengal",
        "risk_zone": "high",
        "event_type_detail": null,
        "severity": null,
        "description": "Normal geological conditions"
      },
      "geometry": {
        "type": "Point",
        "coordinates": [
          88.2627,
          27.036
        ]
      }
    },
    {
      "type": "Feature",
      "properties": {
        "source": "GSI",
        "source_record_id": "GSI_Uttarakhand_(Rudraprayag)_20260921_025747",
        "event_type": "geological",
        "timestamp": "2026-09-21T02:57:47.211279",
        "valid_from": "2026-09-21T02:57:47.211279",
        "valid_until": "2026-09-21T08:57:47.211279",
        "location_name": "Uttarakhand (Rudraprayag)",
        "risk_zone": "high",
        "event_type_detail": null,
        "severity": null,
        "description": "Normal geological conditions"
      },
      "geometry": {
        "type": "Point",
        "coordinates": [
          88.9776,
          30.2865
        ]
      }
    },
    {
      "type": "Feature",
      "properties": {
        "source": "GSI",
        "source_record_id": "GSI_Himachal_Pradesh_(Mandi)_20260921_025747",
        "event_type": "geological",
        "timestamp": "2026-09-21T02:57:47.211279",
        "valid_from": "2026-09-21T02:57:47.211279",
        "valid_until": "2026-09-21T08:57:47.211279",
        "location_name": "Himachal Pradesh (Mandi)",
        "risk_zone": "medium",
        "event_type_detail": null,
        "severity": null,
        "description": "Normal geological conditions"
      },
      "geometry": {
        "type": "Point",
        "coordinates": [
          76.9366,
          31.7084
        ]
      }
    },
    {
      "type": "Feature",
      "properties": {
        "source": "GSI",
        "source_record_id": "GSI_Sikkim_(Gangtok)_20260921_025747",
        "event_type": "geological",
        "timestamp": "2026-09-21T02:57:47.211279",
        "valid_from": "2026-09-21T02:57:47.211279",
        "valid_until": "2026-09-21T08:57:47.211279",
        "location_name": "Sikkim (Gangtok)",
        "risk_zone": "high",
        "event_type_detail": null,
        "severity": null,
        "description": "Normal geological conditions"
      },
      "geometry": {
        "type": "Point",
        "coordinates": [
          88.6065,
          27.3389
        ]
      }
    },
    {
      "type": "Feature",
      "properties": {
        "source": "GSI",
        "source_record_id": "GSI_Assam_(Guwahati)_20260921_025747",
        "event_type": "geological",
        "timestamp": "2026-09-21T02:57:47.211279",
        "valid_from": "2026-09-21T02:57:47.211279",
        "valid_until": "2026-09-21T08:57:47.211279",
        "location_name": "Assam (Guwahati)",
        "risk_zone": "medium",
        "event_type_detail": null,
        "severity": null,
        "description": "Normal geological conditions"
      },
      "geometry": {
        "type": "Point",
        "coordinates": [
          91.7362,
          26.1445
        ]
      }
    },
    {
      "type": "Feature",
      "properties": {
        "source": "GSI",
        "source_record_id": "GSI_Darjeeling_West_Bengal_20260921_035747",
        "event_type": "geological",
        "timestamp": "2026-09-21T03:57:47.211279",
        "valid_from": "2026-09-21T03:57:47.211279",
        "valid_until": "2026-09-21T09:57:47.211279",
        "location_name": "Darjeeling, West Bengal",
        "risk_zone": "high",
        "event_type_detail": null,
        "severity": null,
        "description": "Normal geological conditions"
      },
      "geometry": {
        "type": "Point",
        "coordinates": [
          88.2627,
          27.036
        ]
      }
    },
    {
      "type": "Feature",
      "properties": {
        "source": "GSI",
        "source_record_id": "GSI_Uttarakhand_(Rudraprayag)_20260921_035747",
        "event_type": "geological",
        "timestamp": "2026-09-21T03:57:47.211279",
        "valid_from": "2026-09-21T03:57:47.211279",
        "valid_until": "2026-09-21T09:57:47.211279",
        "location_name": "Uttarakhand (Rudraprayag)",
        "risk_zone": "high",
        "event_type_detail": null,
        "severity": null,
        "description": "Normal geological conditions"
      },
      "geometry": {
        "type": "Point",
        "coordinates": [
          88.9776,
          30.2865
        ]
      }
    },
    {
      "type": "Feature",
      "properties": {
        "source": "GSI",
        "source_record_id": "GSI_Himachal_Pradesh_(Mandi)_20260921_035747",
        "event_type": "geological",
        "timestamp": "2026-09-21T03:57:47.211279",
        "valid_from": "2026-09-21T03:57:47.211279",
        "valid_until": "2026-09-21T09:57:47.211279",
        "location_name": "Himachal Pradesh (Mandi)",
        "risk_zone": "medium",
        "event_type_detail": null,
        "severity": null,
        "description": "Normal geological conditions"
      },
      "geometry": {
        "type": "Point",
        "coordinates": [
          76.9366,
          31.7084
        ]
      }
    },
    {
      "type": "Feature",
      "properties": {
        "source": "GSI",
        "source_record_id": "GSI_Sikkim_(Gangtok)_20260921_035747",
        "event_type": "geological",
        "timestamp": "2026-09-21T03:57:47.211279",
        "valid_from": "2026-09-21T03:57:47.211279",
        "valid_until": "2026-09-21T09:57:47.211279",
        "location_name": "Sikkim (Gangtok)",
        "risk_zone": "high",
        "event_type_detail": null,
        "severity": null,
        "description": "Normal geological conditions"
      },
      "geometry": {
        "type": "Point",
        "coordinates": [
          88.6065,
          27.3389
        ]
      }
    },
    {
      "type": "Feature",
      "properties": {
        "source": "GSI",
        "source_record_id": "GSI_Assam_(Guwahati)_20260921_035747",
        "event_type": "geological",
        "timestamp": "2026-09-21T03:57:47.211279",
        "valid_from": "2026-09-21T03:57:47.211279",
        "valid_until": "2026-09-21T09:57:47.211279",
        "location_name": "Assam (Guwahati)",
        "risk_zone": "medium",
        "event_type_detail": null,
        "severity": null,
        "description": "Normal geological conditions"
      },
      "geometry": {
        "type": "Point",
        "coordinates": [
          91.7362,
          26.1445
        ]
      }
    },
    {
      "type": "Feature",
      "properties": {
        "source": "GSI",
        "source_record_id": "GSI_Darjeeling_West_Bengal_20260921_045747",
        "event_type": "geological",
        "timestamp": "2026-09-21T04:57:47.211279",
        "valid_from": "2026-09-21T04:57:47.211279",
        "valid_until": "2026-09-21T10:57:47.211279",
        "location_name": "Darjeeling, West Bengal",
        "risk_zone": "high",
        "event_type_detail": null,
        "severity": null,
        "description": "Normal geological conditions"
      },
      "geometry": {
        "type": "Point",
        "coordinates": [
          88.2627,
          27.036
        ]
      }
    },
    {
      "type": "Feature",
      "properties": {
        "source": "GSI",
        "source_record_id": "GSI_Uttarakhand_(Rudraprayag)_20260921_045747",
        "event_type": "geological",
        "timestamp": "2026-09-21T04:57:47.211279",
        "valid_from": "2026-09-21T04:57:47.211279",
        "valid_until": "2026-09-21T10:57:47.211279",
        "location_name": "Uttarakhand (Rudraprayag)",
        "risk_zone": "high",
        "event_type_detail": null,
        "severity": null,
        "description": "Normal geological conditions"
      },
      "geometry": {
        "type": "Point",
        "coordinates": [
          88.9776,
          30.2865
        ]
      }
    },
    {
      "type": "Feature",
      "properties": {
        "source": "GSI",
        "source_record_id": "GSI_Himachal_Pradesh_(Mandi)_20260921_045747",
        "event_type": "geological",
        "timestamp": "2026-09-21T04:57:47.211279",
        "valid_from": "2026-09-21T04:57:47.211279",
        "valid_until": "2026-09-21T10:57:47.211279",
        "location_name": "Himachal Pradesh (Mandi)",
        "risk_zone": "medium",
        "event_type_detail": null,
        "severity": null,
        "description": "Normal geological conditions"
      },
      "geometry": {
        "type": "Point",
        "coordinates": [
          76.9366,
          31.7084
        ]
      }
    },
    {
      "type": "Feature",
      "properties": {
        "source": "GSI",
        "source_record_id": "GSI_Sikkim_(Gangtok)_20260921_045747",
        "event_type": "geological",
        "timestamp": "2026-09-21T04:57:47.211279",
        "valid_from": "2026-09-21T04:57:47.211279",
        "valid_until": "2026-09-21T10:57:47.211279",
        "location_name": "Sikkim (Gangtok)",
        "risk_zone": "high",
        "event_type_detail": null,
        "severity": null,
        "description": "Normal geological conditions"
      },
      "geometry": {
        "type": "Point",
        "coordinates": [
          88.6065,
          27.3389
        ]
      }
    },
    {
      "type": "Feature",
      "properties": {
        "source": "GSI",
        "source_record_id": "GSI_Assam_(Guwahati)_20260921_045747",
        "event_type": "geological",
        "timestamp": "2026-09-21T04:57:47.211279",
        "valid_from": "2026-09-21T04:57:47.211279",
        "valid_until": "2026-09-21T10:57:47.211279",
        "location_name": "Assam (Guwahati)",
        "risk_zone": "medium",
        "event_type_detail": null,
        "severity": null,
        "description": "Normal geological conditions"
      },
      "geometry": {
        "type": "Point",
        "coordinates": [
          91.7362,
          26.1445
        ]
      }
    },
    {
      "type": "Feature",
      "properties": {
        "source": "GSI",
        "source_record_id": "GSI_Darjeeling_West_Bengal_20260921_055747",
        "event_type": "geological",
        "timestamp": "2026-09-21T05:57:47.211279",
        "valid_from": "2026-09-21T05:57:47.211279",
        "valid_until": "2026-09-21T11:57:47.211279",
        "location_name": "Darjeeling, West Bengal",
        "risk_zone": "high",
        "event_type_detail": null,
        "severity": null,
        "description": "Normal geological conditions"
      },
      "geometry": {
        "type": "Point",
        "coordinates": [
          88.2627,
          27.036
        ]
      }
    },
    {
      "type": "Feature",
      "properties": {
        "source": "GSI",
        "source_record_id": "GSI_Uttarakhand_(Rudraprayag)_20260921_055747",
        "event_type": "geological",
        "timestamp": "2026-09-21T05:57:47.211279",
        "valid_from": "2026-09-21T05:57:47.211279",
        "valid_until": "2026-09-21T11:57:47.211279",
        "location_name": "Uttarakhand (Rudraprayag)",
        "risk_zone": "high",
        "event_type_detail": null,
        "severity": null,
        "description": "Normal geological conditions"
      },
      "geometry": {
        "type": "Point",
        "coordinates": [
          88.9776,
          30.2865
        ]
      }
    },
    {
      "type": "Feature",
      "properties": {
        "source": "GSI",
        "source_record_id": "GSI_Himachal_Pradesh_(Mandi)_20260921_055747",
        "event_type": "geological",
        "timestamp": "2026-09-21T05:57:47.211279",
        "valid_from": "2026-09-21T05:57:47.211279",
        "valid_until": "2026-09-21T11:57:47.211279",
        "location_name": "Himachal Pradesh (Mandi)",
        "risk_zone": "medium",
        "event_type_detail": null,
        "severity": null,
        "description": "Normal geological conditions"
      },
      "geometry": {
        "type": "Point",
        "coordinates": [
          76.9366,
          31.7084
        ]
      }
    },
    {
      "type": "Feature",
      "properties": {
        "source": "GSI",
        "source_record_id": "GSI_Sikkim_(Gangtok)_20260921_055747",
        "event_type": "geological",
        "timestamp": "2026-09-21T05:57:47.211279",
        "valid_from": "2026-09-21T05:57:47.211279",
        "valid_until": "2026-09-21T11:57:47.211279",
        "location_name": "Sikkim (Gangtok)",
        "risk_zone": "high",
        "event_type_detail": null,
        "severity": null,
        "description": "Normal geological conditions"
      },
      "geometry": {
        "type": "Point",
        "coordinates": [
          88.6065,
          27.3389
        ]
      }
    },
    {
      "type": "Feature",
      "properties": {
        "source": "GSI",
        "source_record_id": "GSI_Assam_(Guwahati)_20260921_055747",
        "event_type": "geological",
        "timestamp": "2026-09-21T05:57:47.211279",
        "valid_from": "2026-09-21T05:57:47.211279",
        "valid_until": "2026-09-21T11:57:47.211279",
        "location_name": "Assam (Guwahati)",
        "risk_zone": "medium",
        "event_type_detail": null,
        "severity": null,
        "description": "Normal geological conditions"
      },
      "geometry": {
        "type": "Point",
        "coordinates": [
          91.7362,
          26.1445
        ]
      }
    },
    {
      "type": "Feature",
      "properties": {
        "source": "GSI",
        "source_record_id": "GSI_Darjeeling_West_Bengal_20260921_065747",
        "event_type": "geological",
        "timestamp": "2026-09-21T06:57:47.211279",
        "valid_from": "2026-09-21T06:57:47.211279",
        "valid_until": "2026-09-21T12:57:47.211279",
        "location_name": "Darjeeling, West Bengal",
        "risk_zone": "high",
        "event_type_detail": null,
        "severity": null,
        "description": "Normal geological conditions"
      },
      "geometry": {
        "type": "Point",
        "coordinates": [
          88.2627,
          27.036
        ]
      }
    },
    {
      "type": "Feature",
      "properties": {
        "source": "GSI",
        "source_record_id": "GSI_Uttarakhand_(Rudraprayag)_20260921_065747",
        "event_type": "geological",
        "timestamp": "2026-09-21T06:57:47.211279",
        "valid_from": "2026-09-21T06:57:47.211279",
        "valid_until": "2026-09-21T12:57:47.211279",
        "location_name": "Uttarakhand (Rudraprayag)",
        "risk_zone": "high",
        "event_type_detail": null,
        "severity": null,
        "description": "Normal geological conditions"
      },
      "geometry": {
        "type": "Point",
        "coordinates": [
          88.9776,
          30.2865
        ]
      }
    },
    {
      "type": "Feature",
      "properties": {
        "source": "GSI",
        "source_record_id": "GSI_Himachal_Pradesh_(Mandi)_20260921_065747",
        "event_type": "geological",
        "timestamp": "2026-09-21T06:57:47.211279",
        "valid_from": "2026-09-21T06:57:47.211279",
        "valid_until": "2026-09-21T12:57:47.211279",
        "location_name": "Himachal Pradesh (Mandi)",
        "risk_zone": "medium",
        "event_type_detail": null,
        "severity": null,
        "description": "Normal geological conditions"
      },
      "geometry": {
        "type": "Point",
        "coordinates": [
          76.9366,
          31.7084
        ]
      }
    },
    {
      "type": "Feature",
      "properties": {
        "source": "GSI",
        "source_record_id": "GSI_Sikkim_(Gangtok)_20260921_065747",
        "event_type": "geological",
        "timestamp": "2026-09-21T06:57:47.211279",
        "valid_from": "2026-09-21T06:57:47.211279",
        "valid_until": "2026-09-21T12:57:47.211279",
        "location_name": "Sikkim (Gangtok)",
        "risk_zone": "high",
        "event_type_detail": "soil_erosion",
        "severity": "medium",
        "description": "Soil_Erosion in Sikkim (Gangtok)"
      },
      "geometry": {
        "type": "Point",
        "coordinates": [
          88.6065,
          27.3389
        ]
      }
    },
    {
      "type": "Feature",
      "properties": {
        "source": "GSI",
        "source_record_id": "GSI_Assam_(Guwahati)_20260921_065747",
        "event_type": "geological",
        "timestamp": "2026-09-21T06:57:47.211279",
        "valid_from": "2026-09-21T06:57:47.211279",
        "valid_until": "2026-09-21T12:57:47.211279",
        "location_name": "Assam (Guwahati)",
        "risk_zone": "medium",
        "event_type_detail": null,
        "severity": null,
        "description": "Normal geological conditions"
      },
      "geometry": {
        "type": "Point",
        "coordinates": [
          91.7362,
          26.1445
        ]
      }
    },
    {
      "type": "Feature",
      "properties": {
        "source": "GSI",
        "source_record_id": "GSI_Darjeeling_West_Bengal_20260921_075747",
        "event_type": "geological",
        "timestamp": "2026-09-21T07:57:47.211279",
        "valid_from": "2026-09-21T07:57:47.211279",
        "valid_until": "2026-09-21T13:57:47.211279",
        "location_name": "Darjeeling, West Bengal",
        "risk_zone": "high",
        "event_type_detail": null,
        "severity": null,
        "description": "Normal geological conditions"
      },
      "geometry": {
        "type": "Point",
        "coordinates": [
          88.2627,
          27.036
        ]
      }
    },
    {
      "type": "Feature",
      "properties": {
        "source": "GSI",
        "source_record_id": "GSI_Uttarakhand_(Rudraprayag)_20260921_075747",
        "event_type": "geological",
        "timestamp": "2026-09-21T07:57:47.211279",
        "valid_from": "2026-09-21T07:57:47.211279",
        "valid_until": "2026-09-21T13:57:47.211279",
        "location_name": "Uttarakhand (Rudraprayag)",
        "risk_zone": "high",
        "event_type_detail": null,
        "severity": null,
        "description": "Normal geological conditions"
      },
      "geometry": {
        "type": "Point",
        "coordinates": [
          88.9776,
          30.2865
        ]
      }
    },
    {
      "type": "Feature",
      "properties": {
        "source": "GSI",
        "source_record_id": "GSI_Himachal_Pradesh_(Mandi)_20260921_075747",
        "event_type": "geological",
        "timestamp": "2026-09-21T07:57:47.211279",
        "valid_from": "2026-09-21T07:57:47.211279",
        "valid_until": "2026-09-21T13:57:47.211279",
        "location_name": "Himachal Pradesh (Mandi)",
        "risk_zone": "medium",
        "event_type_detail": null,
        "severity": null,
        "description": "Normal geological conditions"
      },
      "geometry": {
        "type": "Point",
        "coordinates": [
          76.9366,
          31.7084
        ]
      }
    },
    {
      "type": "Feature",
      "properties": {
        "source": "GSI",
        "source_record_id": "GSI_Sikkim_(Gangtok)_20260921_075747",
        "event_type": "geological",
        "timestamp": "2026-09-21T07:57:47.211279",
        "valid_from": "2026-09-21T07:57:47.211279",
        "valid_until": "2026-09-21T13:57:47.211279",
        "location_name": "Sikkim (Gangtok)",
        "risk_zone": "high",
        "event_type_detail": "rockfall",
        "severity": "low",
        "description": "Rockfall in Sikkim (Gangtok)"
      },
      "geometry": {
        "type": "Point",
        "coordinates": [
          88.6065,
          27.3389
        ]
      }
    },
    {
      "type": "Feature",
      "properties": {
        "source": "GSI",
        "source_record_id": "GSI_Assam_(Guwahati)_20260921_075747",
        "event_type": "geological",
        "timestamp": "2026-09-21T07:57:47.211279",
        "valid_from": "2026-09-21T07:57:47.211279",
        "valid_until": "2026-09-21T13:57:47.211279",
        "location_name": "Assam (Guwahati)",
        "risk_zone": "medium",
        "event_type_detail": null,
        "severity": null,
        "description": "Normal geological conditions"
      },
      "geometry": {
        "type": "Point",
        "coordinates": [
          91.7362,
          26.1445
        ]
      }
    },
    {
      "type": "Feature",
      "properties": {
        "source": "GSI",
        "source_record_id": "GSI_Darjeeling_West_Bengal_20260921_085747",
        "event_type": "geological",
        "timestamp": "2026-09-21T08:57:47.211279",
        "valid_from": "2026-09-21T08:57:47.211279",
        "valid_until": "2026-09-21T14:57:47.211279",
        "location_name": "Darjeeling, West Bengal",
        "risk_zone": "high",
        "event_type_detail": null,
        "severity": null,
        "description": "Normal geological conditions"
      },
      "geometry": {
        "type": "Point",
        "coordinates": [
          88.2627,
          27.036
        ]
      }
    },
    {
      "type": "Feature",
      "properties": {
        "source": "GSI",
        "source_record_id": "GSI_Uttarakhand_(Rudraprayag)_20260921_085747",
        "event_type": "geological",
        "timestamp": "2026-09-21T08:57:47.211279",
        "valid_from": "2026-09-21T08:57:47.211279",
        "valid_until": "2026-09-21T14:57:47.211279",
        "location_name": "Uttarakhand (Rudraprayag)",
        "risk_zone": "high",
        "event_type_detail": null,
        "severity": null,
        "description": "Normal geological conditions"
      },
      "geometry": {
        "type": "Point",
        "coordinates": [
          88.9776,
          30.2865
        ]
      }
    },
    {
      "type": "Feature",
      "properties": {
        "source": "GSI",
        "source_record_id": "GSI_Himachal_Pradesh_(Mandi)_20260921_085747",
        "event_type": "geological",
        "timestamp": "2026-09-21T08:57:47.211279",
        "valid_from": "2026-09-21T08:57:47.211279",
        "valid_until": "2026-09-21T14:57:47.211279",
        "location_name": "Himachal Pradesh (Mandi)",
        "risk_zone": "medium",
        "event_type_detail": null,
        "severity": null,
        "description": "Normal geological conditions"
      },
      "geometry": {
        "type": "Point",
        "coordinates": [
          76.9366,
          31.7084
        ]
      }
    },
    {
      "type": "Feature",
      "properties": {
        "source": "GSI",
        "source_record_id": "GSI_Sikkim_(Gangtok)_20260921_085747",
        "event_type": "geological",
        "timestamp": "2026-09-21T08:57:47.211279",
        "valid_from": "2026-09-21T08:57:47.211279",
        "valid_until": "2026-09-21T14:57:47.211279",
        "location_name": "Sikkim (Gangtok)",
        "risk_zone": "high",
        "event_type_detail": null,
        "severity": null,
        "description": "Normal geological conditions"
      },
      "geometry": {
        "type": "Point",
        "coordinates": [
          88.6065,
          27.3389
        ]
      }
    },
    {
      "type": "Feature",
      "properties": {
        "source": "GSI",
        "source_record_id": "GSI_Assam_(Guwahati)_20260921_085747",
        "event_type": "geological",
        "timestamp": "2026-09-21T08:57:47.211279",
        "valid_from": "2026-09-21T08:57:47.211279",
        "valid_until": "2026-09-21T14:57:47.211279",
        "location_name": "Assam (Guwahati)",
        "risk_zone": "medium",
        "event_type_detail": null,
        "severity": null,
        "description": "Normal geological conditions"
      },
      "geometry": {
        "type": "Point",
        "coordinates": [
          91.7362,
          26.1445
        ]
      }
    },
    {
      "type": "Feature",
      "properties": {
        "source": "GSI",
        "source_record_id": "GSI_Darjeeling_West_Bengal_20260921_095747",
        "event_type": "geological",
        "timestamp": "2026-09-21T09:57:47.211279",
        "valid_from": "2026-09-21T09:57:47.211279",
        "valid_until": "2026-09-21T15:57:47.211279",
        "location_name": "Darjeeling, West Bengal",
        "risk_zone": "high",
        "event_type_detail": null,
        "severity": null,
        "description": "Normal geological conditions"
      },
      "geometry": {
        "type": "Point",
        "coordinates": [
          88.2627,
          27.036
        ]
      }
    },
    {
      "type": "Feature",
      "properties": {
        "source": "GSI",
        "source_record_id": "GSI_Uttarakhand_(Rudraprayag)_20260921_095747",
        "event_type": "geological",
        "timestamp": "2026-09-21T09:57:47.211279",
        "valid_from": "2026-09-21T09:57:47.211279",
        "valid_until": "2026-09-21T15:57:47.211279",
        "location_name": "Uttarakhand (Rudraprayag)",
        "risk_zone": "high",
        "event_type_detail": null,
        "severity": null,
        "description": "Normal geological conditions"
      },
      "geometry": {
        "type": "Point",
        "coordinates": [
          88.9776,
          30.2865
        ]
      }
    },
    {
      "type": "Feature",
      "properties": {
        "source": "GSI",
        "source_record_id": "GSI_Himachal_Pradesh_(Mandi)_20260921_095747",
        "event_type": "geological",
        "timestamp": "2026-09-21T09:57:47.211279",
        "valid_from": "2026-09-21T09:57:47.211279",
        "valid_until": "2026-09-21T15:57:47.211279",
        "location_name": "Himachal Pradesh (Mandi)",
        "risk_zone": "medium",
        "event_type_detail": null,
        "severity": null,
        "description": "Normal geological conditions"
      },
      "geometry": {
        "type": "Point",
        "coordinates": [
          76.9366,
          31.7084
        ]
      }
    },
    {
      "type": "Feature",
      "properties": {
        "source": "GSI",
        "source_record_id": "GSI_Sikkim_(Gangtok)_20260921_095747",
        "event_type": "geological",
        "timestamp": "2026-09-21T09:57:47.211279",
        "valid_from": "2026-09-21T09:57:47.211279",
        "valid_until": "2026-09-21T15:57:47.211279",
        "location_name": "Sikkim (Gangtok)",
        "risk_zone": "high",
        "event_type_detail": null,
        "severity": null,
        "description": "Normal geological conditions"
      },
      "geometry": {
        "type": "Point",
        "coordinates": [
          88.6065,
          27.3389
        ]
      }
    },
    {
      "type": "Feature",
      "properties": {
        "source": "GSI",
        "source_record_id": "GSI_Assam_(Guwahati)_20260921_095747",
        "event_type": "geological",
        "timestamp": "2026-09-21T09:57:47.211279",
        "valid_from": "2026-09-21T09:57:47.211279",
        "valid_until": "2026-09-21T15:57:47.211279",
        "location_name": "Assam (Guwahati)",
        "risk_zone": "medium",
        "event_type_detail": null,
        "severity": null,
        "description": "Normal geological conditions"
      },
      "geometry": {
        "type": "Point",
        "coordinates": [
          91.7362,
          26.1445
        ]
      }
    },
    {
      "type": "Feature",
      "properties": {
        "source": "GSI",
        "source_record_id": "GSI_Darjeeling_West_Bengal_20260921_105747",
        "event_type": "geological",
        "timestamp": "2026-09-21T10:57:47.211279",
        "valid_from": "2026-09-21T10:57:47.211279",
        "valid_until": "2026-09-21T16:57:47.211279",
        "location_name": "Darjeeling, West Bengal",
        "risk_zone": "high",
        "event_type_detail": null,
        "severity": null,
        "description": "Normal geological conditions"
      },
      "geometry": {
        "type": "Point",
        "coordinates": [
          88.2627,
          27.036
        ]
      }
    },
    {
      "type": "Feature",
      "properties": {
        "source": "GSI",
        "source_record_id": "GSI_Uttarakhand_(Rudraprayag)_20260921_105747",
        "event_type": "geological",
        "timestamp": "2026-09-21T10:57:47.211279",
        "valid_from": "2026-09-21T10:57:47.211279",
        "valid_until": "2026-09-21T16:57:47.211279",
        "location_name": "Uttarakhand (Rudraprayag)",
        "risk_zone": "high",
        "event_type_detail": null,
        "severity": null,
        "description": "Normal geological conditions"
      },
      "geometry": {
        "type": "Point",
        "coordinates": [
          88.9776,
          30.2865
        ]
      }
    },
    {
      "type": "Feature",
      "properties": {
        "source": "GSI",
        "source_record_id": "GSI_Himachal_Pradesh_(Mandi)_20260921_105747",
        "event_type": "geological",
        "timestamp": "2026-09-21T10:57:47.211279",
        "valid_from": "2026-09-21T10:57:47.211279",
        "valid_until": "2026-09-21T16:57:47.211279",
        "location_name": "Himachal Pradesh (Mandi)",
        "risk_zone": "medium",
        "event_type_detail": null,
        "severity": null,
        "description": "Normal geological conditions"
      },
      "geometry": {
        "type": "Point",
        "coordinates": [
          76.9366,
          31.7084
        ]
      }
    },
    {
      "type": "Feature",
      "properties": {
        "source": "GSI",
        "source_record_id": "GSI_Sikkim_(Gangtok)_20260921_105747",
        "event_type": "geological",
        "timestamp": "2026-09-21T10:57:47.211279",
        "valid_from": "2026-09-21T10:57:47.211279",
        "valid_until": "2026-09-21T16:57:47.211279",
        "location_name": "Sikkim (Gangtok)",
        "risk_zone": "high",
        "event_type_detail": null,
        "severity": null,
        "description": "Normal geological conditions"
      },
      "geometry": {
        "type": "Point",
        "coordinates": [
          88.6065,
          27.3389
        ]
      }
    },
    {
      "type": "Feature",
      "properties": {
        "source": "GSI",
        "source_record_id": "GSI_Assam_(Guwahati)_20260921_105747",
        "event_type": "geological",
        "timestamp": "2026-09-21T10:57:47.211279",
        "valid_from": "2026-09-21T10:57:47.211279",
        "valid_until": "2026-09-21T16:57:47.211279",
        "location_name": "Assam (Guwahati)",
        "risk_zone": "medium",
        "event_type_detail": null,
        "severity": null,
        "description": "Normal geological conditions"
      },
      "geometry": {
        "type": "Point",
        "coordinates": [
          91.7362,
          26.1445
        ]
      }
    },
    {
      "type": "Feature",
      "properties": {
        "source": "GSI",
        "source_record_id": "GSI_Darjeeling_West_Bengal_20260921_115747",
        "event_type": "geological",
        "timestamp": "2026-09-21T11:57:47.211279",
        "valid_from": "2026-09-21T11:57:47.211279",
        "valid_until": "2026-09-21T17:57:47.211279",
        "location_name": "Darjeeling, West Bengal",
        "risk_zone": "high",
        "event_type_detail": null,
        "severity": null,
        "description": "Normal geological conditions"
      },
      "geometry": {
        "type": "Point",
        "coordinates": [
          88.2627,
          27.036
        ]
      }
    },
    {
      "type": "Feature",
      "properties": {
        "source": "GSI",
        "source_record_id": "GSI_Uttarakhand_(Rudraprayag)_20260921_115747",
        "event_type": "geological",
        "timestamp": "2026-09-21T11:57:47.211279",
        "valid_from": "2026-09-21T11:57:47.211279",
        "valid_until": "2026-09-21T17:57:47.211279",
        "location_name": "Uttarakhand (Rudraprayag)",
        "risk_zone": "high",
        "event_type_detail": null,
        "severity": null,
        "description": "Normal geological conditions"
      },
      "geometry": {
        "type": "Point",
        "coordinates": [
          88.9776,
          30.2865
        ]
      }
    },
    {
      "type": "Feature",
      "properties": {
        "source": "GSI",
        "source_record_id": "GSI_Himachal_Pradesh_(Mandi)_20260921_115747",
        "event_type": "geological",
        "timestamp": "2026-09-21T11:57:47.211279",
        "valid_from": "2026-09-21T11:57:47.211279",
        "valid_until": "2026-09-21T17:57:47.211279",
        "location_name": "Himachal Pradesh (Mandi)",
        "risk_zone": "medium",
        "event_type_detail": null,
        "severity": null,
        "description": "Normal geological conditions"
      },
      "geometry": {
        "type": "Point",
        "coordinates": [
          76.9366,
          31.7084
        ]
      }
    },
    {
      "type": "Feature",
      "properties": {
        "source": "GSI",
        "source_record_id": "GSI_Sikkim_(Gangtok)_20260921_115747",
        "event_type": "geological",
        "timestamp": "2026-09-21T11:57:47.211279",
        "valid_from": "2026-09-21T11:57:47.211279",
        "valid_until": "2026-09-21T17:57:47.211279",
        "location_name": "Sikkim (Gangtok)",
        "risk_zone": "high",
        "event_type_detail": null,
        "severity": null,
        "description": "Normal geological conditions"
      },
      "geometry": {
        "type": "Point",
        "coordinates": [
          88.6065,
          27.3389
        ]
      }
    },
    {
      "type": "Feature",
      "properties": {
        "source": "GSI",
        "source_record_id": "GSI_Assam_(Guwahati)_20260921_115747",
        "event_type": "geological",
        "timestamp": "2026-09-21T11:57:47.211279",
        "valid_from": "2026-09-21T11:57:47.211279",
        "valid_until": "2026-09-21T17:57:47.211279",
        "location_name": "Assam (Guwahati)",
        "risk_zone": "medium",
        "event_type_detail": null,
        "severity": null,
        "description": "Normal geological conditions"
      },
      "geometry": {
        "type": "Point",
        "coordinates": [
          91.7362,
          26.1445
        ]
      }
    },
    {
      "type": "Feature",
      "properties": {
        "source": "GSI",
        "source_record_id": "GSI_Darjeeling_West_Bengal_20260921_125747",
        "event_type": "geological",
        "timestamp": "2026-09-21T12:57:47.211279",
        "valid_from": "2026-09-21T12:57:47.211279",
        "valid_until": "2026-09-21T18:57:47.211279",
        "location_name": "Darjeeling, West Bengal",
        "risk_zone": "high",
        "event_type_detail": null,
        "severity": null,
        "description": "Normal geological conditions"
      },
      "geometry": {
        "type": "Point",
        "coordinates": [
          88.2627,
          27.036
        ]
      }
    },
    {
      "type": "Feature",
      "properties": {
        "source": "GSI",
        "source_record_id": "GSI_Uttarakhand_(Rudraprayag)_20260921_125747",
        "event_type": "geological",
        "timestamp": "2026-09-21T12:57:47.211279",
        "valid_from": "2026-09-21T12:57:47.211279",
        "valid_until": "2026-09-21T18:57:47.211279",
        "location_name": "Uttarakhand (Rudraprayag)",
        "risk_zone": "high",
        "event_type_detail": null,
        "severity": null,
        "description": "Normal geological conditions"
      },
      "geometry": {
        "type": "Point",
        "coordinates": [
          88.9776,
          30.2865
        ]
      }
    },
    {
      "type": "Feature",
      "properties": {
        "source": "GSI",
        "source_record_id": "GSI_Himachal_Pradesh_(Mandi)_20260921_125747",
        "event_type": "geological",
        "timestamp": "2026-09-21T12:57:47.211279",
        "valid_from": "2026-09-21T12:57:47.211279",
        "valid_until": "2026-09-21T18:57:47.211279",
        "location_name": "Himachal Pradesh (Mandi)",
        "risk_zone": "medium",
        "event_type_detail": null,
        "severity": null,
        "description": "Normal geological conditions"
      },
      "geometry": {
        "type": "Point",
        "coordinates": [
          76.9366,
          31.7084
        ]
      }
    },
    {
      "type": "Feature",
      "properties": {
        "source": "GSI",
        "source_record_id": "GSI_Sikkim_(Gangtok)_20260921_125747",
        "event_type": "geological",
        "timestamp": "2026-09-21T12:57:47.211279",
        "valid_from": "2026-09-21T12:57:47.211279",
        "valid_until": "2026-09-21T18:57:47.211279",
        "location_name": "Sikkim (Gangtok)",
        "risk_zone": "high",
        "event_type_detail": null,
        "severity": null,
        "description": "Normal geological conditions"
      },
      "geometry": {
        "type": "Point",
        "coordinates": [
          88.6065,
          27.3389
        ]
      }
    },
    {
      "type": "Feature",
      "properties": {
        "source": "GSI",
        "source_record_id": "GSI_Assam_(Guwahati)_20260921_125747",
        "event_type": "geological",
        "timestamp": "2026-09-21T12:57:47.211279",
        "valid_from": "2026-09-21T12:57:47.211279",
        "valid_until": "2026-09-21T18:57:47.211279",
        "location_name": "Assam (Guwahati)",
        "risk_zone": "medium",
        "event_type_detail": null,
        "severity": null,
        "description": "Normal geological conditions"
      },
      "geometry": {
        "type": "Point",
        "coordinates": [
          91.7362,
          26.1445
        ]
      }
    },
    {
      "type": "Feature",
      "properties": {
        "source": "GSI",
        "source_record_id": "GSI_Darjeeling_West_Bengal_20260921_135747",
        "event_type": "geological",
        "timestamp": "2026-09-21T13:57:47.211279",
        "valid_from": "2026-09-21T13:57:47.211279",
        "valid_until": "2026-09-21T19:57:47.211279",
        "location_name": "Darjeeling, West Bengal",
        "risk_zone": "high",
        "event_type_detail": null,
        "severity": null,
        "description": "Normal geological conditions"
      },
      "geometry": {
        "type": "Point",
        "coordinates": [
          88.2627,
          27.036
        ]
      }
    },
    {
      "type": "Feature",
      "properties": {
        "source": "GSI",
        "source_record_id": "GSI_Uttarakhand_(Rudraprayag)_20260921_135747",
        "event_type": "geological",
        "timestamp": "2026-09-21T13:57:47.211279",
        "valid_from": "2026-09-21T13:57:47.211279",
        "valid_until": "2026-09-21T19:57:47.211279",
        "location_name": "Uttarakhand (Rudraprayag)",
        "risk_zone": "high",
        "event_type_detail": null,
        "severity": null,
        "description": "Normal geological conditions"
      },
      "geometry": {
        "type": "Point",
        "coordinates": [
          88.9776,
          30.2865
        ]
      }
    },
    {
      "type": "Feature",
      "properties": {
        "source": "GSI",
        "source_record_id": "GSI_Himachal_Pradesh_(Mandi)_20260921_135747",
        "event_type": "geological",
        "timestamp": "2026-09-21T13:57:47.211279",
        "valid_from": "2026-09-21T13:57:47.211279",
        "valid_until": "2026-09-21T19:57:47.211279",
        "location_name": "Himachal Pradesh (Mandi)",
        "risk_zone": "medium",
        "event_type_detail": null,
        "severity": null,
        "description": "Normal geological conditions"
      },
      "geometry": {
        "type": "Point",
        "coordinates": [
          76.9366,
          31.7084
        ]
      }
    },
    {
      "type": "Feature",
      "properties": {
        "source": "GSI",
        "source_record_id": "GSI_Sikkim_(Gangtok)_20260921_135747",
        "event_type": "geological",
        "timestamp": "2026-09-21T13:57:47.211279",
        "valid_from": "2026-09-21T13:57:47.211279",
        "valid_until": "2026-09-21T19:57:47.211279",
        "location_name": "Sikkim (Gangtok)",
        "risk_zone": "high",
        "event_type_detail": null,
        "severity": null,
        "description": "Normal geological conditions"
      },
      "geometry": {
        "type": "Point",
        "coordinates": [
          88.6065,
          27.3389
        ]
      }
    },
    {
      "type": "Feature",
      "properties": {
        "source": "GSI",
        "source_record_id": "GSI_Assam_(Guwahati)_20260921_135747",
        "event_type": "geological",
        "timestamp": "2026-09-21T13:57:47.211279",
        "valid_from": "2026-09-21T13:57:47.211279",
        "valid_until": "2026-09-21T19:57:47.211279",
        "location_name": "Assam (Guwahati)",
        "risk_zone": "medium",
        "event_type_detail": null,
        "severity": null,
        "description": "Normal geological conditions"
      },
      "geometry": {
        "type": "Point",
        "coordinates": [
          91.7362,
          26.1445
        ]
      }
    },
    {
      "type": "Feature",
      "properties": {
        "source": "GSI",
        "source_record_id": "GSI_Darjeeling_West_Bengal_20260921_145747",
        "event_type": "geological",
        "timestamp": "2026-09-21T14:57:47.211279",
        "valid_from": "2026-09-21T14:57:47.211279",
        "valid_until": "2026-09-21T20:57:47.211279",
        "location_name": "Darjeeling, West Bengal",
        "risk_zone": "high",
        "event_type_detail": null,
        "severity": null,
        "description": "Normal geological conditions"
      },
      "geometry": {
        "type": "Point",
        "coordinates": [
          88.2627,
          27.036
        ]
      }
    },
    {
      "type": "Feature",
      "properties": {
        "source": "GSI",
        "source_record_id": "GSI_Uttarakhand_(Rudraprayag)_20260921_145747",
        "event_type": "geological",
        "timestamp": "2026-09-21T14:57:47.211279",
        "valid_from": "2026-09-21T14:57:47.211279",
        "valid_until": "2026-09-21T20:57:47.211279",
        "location_name": "Uttarakhand (Rudraprayag)",
        "risk_zone": "high",
        "event_type_detail": null,
        "severity": null,
        "description": "Normal geological conditions"
      },
      "geometry": {
        "type": "Point",
        "coordinates": [
          88.9776,
          30.2865
        ]
      }
    },
    {
      "type": "Feature",
      "properties": {
        "source": "GSI",
        "source_record_id": "GSI_Himachal_Pradesh_(Mandi)_20260921_145747",
        "event_type": "geological",
        "timestamp": "2026-09-21T14:57:47.211279",
        "valid_from": "2026-09-21T14:57:47.211279",
        "valid_until": "2026-09-21T20:57:47.211279",
        "location_name": "Himachal Pradesh (Mandi)",
        "risk_zone": "medium",
        "event_type_detail": null,
        "severity": null,
        "description": "Normal geological conditions"
      },
      "geometry": {
        "type": "Point",
        "coordinates": [
          76.9366,
          31.7084
        ]
      }
    },
    {
      "type": "Feature",
      "properties": {
        "source": "GSI",
        "source_record_id": "GSI_Sikkim_(Gangtok)_20260921_145747",
        "event_type": "geological",
        "timestamp": "2026-09-21T14:57:47.211279",
        "valid_from": "2026-09-21T14:57:47.211279",
        "valid_until": "2026-09-21T20:57:47.211279",
        "location_name": "Sikkim (Gangtok)",
        "risk_zone": "high",
        "event_type_detail": null,
        "severity": null,
        "description": "Normal geological conditions"
      },
      "geometry": {
        "type": "Point",
        "coordinates": [
          88.6065,
          27.3389
        ]
      }
    },
    {
      "type": "Feature",
      "properties": {
        "source": "GSI",
        "source_record_id": "GSI_Assam_(Guwahati)_20260921_145747",
        "event_type": "geological",
        "timestamp": "2026-09-21T14:57:47.211279",
        "valid_from": "2026-09-21T14:57:47.211279",
        "valid_until": "2026-09-21T20:57:47.211279",
        "location_name": "Assam (Guwahati)",
        "risk_zone": "medium",
        "event_type_detail": null,
        "severity": null,
        "description": "Normal geological conditions"
      },
      "geometry": {
        "type": "Point",
        "coordinates": [
          91.7362,
          26.1445
        ]
      }
    },
    {
      "type": "Feature",
      "properties": {
        "source": "GSI",
        "source_record_id": "GSI_Darjeeling_West_Bengal_20260921_155747",
        "event_type": "geological",
        "timestamp": "2026-09-21T15:57:47.211279",
        "valid_from": "2026-09-21T15:57:47.211279",
        "valid_until": "2026-09-21T21:57:47.211279",
        "location_name": "Darjeeling, West Bengal",
        "risk_zone": "high",
        "event_type_detail": null,
        "severity": null,
        "description": "Normal geological conditions"
      },
      "geometry": {
        "type": "Point",
        "coordinates": [
          88.2627,
          27.036
        ]
      }
    },
    {
      "type": "Feature",
      "properties": {
        "source": "GSI",
        "source_record_id": "GSI_Uttarakhand_(Rudraprayag)_20260921_155747",
        "event_type": "geological",
        "timestamp": "2026-09-21T15:57:47.211279",
        "valid_from": "2026-09-21T15:57:47.211279",
        "valid_until": "2026-09-21T21:57:47.211279",
        "location_name": "Uttarakhand (Rudraprayag)",
        "risk_zone": "high",
        "event_type_detail": null,
        "severity": null,
        "description": "Normal geological conditions"
      },
      "geometry": {
        "type": "Point",
        "coordinates": [
          88.9776,
          30.2865
        ]
      }
    },
    {
      "type": "Feature",
      "properties": {
        "source": "GSI",
        "source_record_id": "GSI_Himachal_Pradesh_(Mandi)_20260921_155747",
        "event_type": "geological",
        "timestamp": "2026-09-21T15:57:47.211279",
        "valid_from": "2026-09-21T15:57:47.211279",
        "valid_until": "2026-09-21T21:57:47.211279",
        "location_name": "Himachal Pradesh (Mandi)",
        "risk_zone": "medium",
        "event_type_detail": null,
        "severity": null,
        "description": "Normal geological conditions"
      },
      "geometry": {
        "type": "Point",
        "coordinates": [
          76.9366,
          31.7084
        ]
      }
    },
    {
      "type": "Feature",
      "properties": {
        "source": "GSI",
        "source_record_id": "GSI_Sikkim_(Gangtok)_20260921_155747",
        "event_type": "geological",
        "timestamp": "2026-09-21T15:57:47.211279",
        "valid_from": "2026-09-21T15:57:47.211279",
        "valid_until": "2026-09-21T21:57:47.211279",
        "location_name": "Sikkim (Gangtok)",
        "risk_zone": "high",
        "event_type_detail": null,
        "severity": null,
        "description": "Normal geological conditions"
      },
      "geometry": {
        "type": "Point",
        "coordinates": [
          88.6065,
          27.3389
        ]
      }
    },
    {
      "type": "Feature",
      "properties": {
        "source": "GSI",
        "source_record_id": "GSI_Assam_(Guwahati)_20260921_155747",
        "event_type": "geological",
        "timestamp": "2026-09-21T15:57:47.211279",
        "valid_from": "2026-09-21T15:57:47.211279",
        "valid_until": "2026-09-21T21:57:47.211279",
        "location_name": "Assam (Guwahati)",
        "risk_zone": "medium",
        "event_type_detail": null,
        "severity": null,
        "description": "Normal geological conditions"
      },
      "geometry": {
        "type": "Point",
        "coordinates": [
          91.7362,
          26.1445
        ]
      }
    },
    {
      "type": "Feature",
      "properties": {
        "source": "GSI",
        "source_record_id": "GSI_Darjeeling_West_Bengal_20260921_165747",
        "event_type": "geological",
        "timestamp": "2026-09-21T16:57:47.211279",
        "valid_from": "2026-09-21T16:57:47.211279",
        "valid_until": "2026-09-21T22:57:47.211279",
        "location_name": "Darjeeling, West Bengal",
        "risk_zone": "high",
        "event_type_detail": null,
        "severity": null,
        "description": "Normal geological conditions"
      },
      "geometry": {
        "type": "Point",
        "coordinates": [
          88.2627,
          27.036
        ]
      }
    },
    {
      "type": "Feature",
      "properties": {
        "source": "GSI",
        "source_record_id": "GSI_Uttarakhand_(Rudraprayag)_20260921_165747",
        "event_type": "geological",
        "timestamp": "2026-09-21T16:57:47.211279",
        "valid_from": "2026-09-21T16:57:47.211279",
        "valid_until": "2026-09-21T22:57:47.211279",
        "location_name": "Uttarakhand (Rudraprayag)",
        "risk_zone": "high",
        "event_type_detail": null,
        "severity": null,
        "description": "Normal geological conditions"
      },
      "geometry": {
        "type": "Point",
        "coordinates": [
          88.9776,
          30.2865
        ]
      }
    },
    {
      "type": "Feature",
      "properties": {
        "source": "GSI",
        "source_record_id": "GSI_Himachal_Pradesh_(Mandi)_20260921_165747",
        "event_type": "geological",
        "timestamp": "2026-09-21T16:57:47.211279",
        "valid_from": "2026-09-21T16:57:47.211279",
        "valid_until": "2026-09-21T22:57:47.211279",
        "location_name": "Himachal Pradesh (Mandi)",
        "risk_zone": "medium",
        "event_type_detail": null,
        "severity": null,
        "description": "Normal geological conditions"
      },
      "geometry": {
        "type": "Point",
        "coordinates": [
          76.9366,
          31.7084
        ]
      }
    },
    {
      "type": "Feature",
      "properties": {
        "source": "GSI",
        "source_record_id": "GSI_Sikkim_(Gangtok)_20260921_165747",
        "event_type": "geological",
        "timestamp": "2026-09-21T16:57:47.211279",
        "valid_from": "2026-09-21T16:57:47.211279",
        "valid_until": "2026-09-21T22:57:47.211279",
        "location_name": "Sikkim (Gangtok)",
        "risk_zone": "high",
        "event_type_detail": null,
        "severity": null,
        "description": "Normal geological conditions"
      },
      "geometry": {
        "type": "Point",
        "coordinates": [
          88.6065,
          27.3389
        ]
      }
    },
    {
      "type": "Feature",
      "properties": {
        "source": "GSI",
        "source_record_id": "GSI_Assam_(Guwahati)_20260921_165747",
        "event_type": "geological",
        "timestamp": "2026-09-21T16:57:47.211279",
        "valid_from": "2026-09-21T16:57:47.211279",
        "valid_until": "2026-09-21T22:57:47.211279",
        "location_name": "Assam (Guwahati)",
        "risk_zone": "medium",
        "event_type_detail": null,
        "severity": null,
        "description": "Normal geological conditions"
      },
      "geometry": {
        "type": "Point",
        "coordinates": [
          91.7362,
          26.1445
        ]
      }
    },
    {
      "type": "Feature",
      "properties": {
        "source": "GSI",
        "source_record_id": "GSI_Darjeeling_West_Bengal_20260921_175747",
        "event_type": "geological",
        "timestamp": "2026-09-21T17:57:47.211279",
        "valid_from": "2026-09-21T17:57:47.211279",
        "valid_until": "2026-09-21T23:57:47.211279",
        "location_name": "Darjeeling, West Bengal",
        "risk_zone": "high",
        "event_type_detail": null,
        "severity": null,
        "description": "Normal geological conditions"
      },
      "geometry": {
        "type": "Point",
        "coordinates": [
          88.2627,
          27.036
        ]
      }
    },
    {
      "type": "Feature",
      "properties": {
        "source": "GSI",
        "source_record_id": "GSI_Uttarakhand_(Rudraprayag)_20260921_175747",
        "event_type": "geological",
        "timestamp": "2026-09-21T17:57:47.211279",
        "valid_from": "2026-09-21T17:57:47.211279",
        "valid_until": "2026-09-21T23:57:47.211279",
        "location_name": "Uttarakhand (Rudraprayag)",
        "risk_zone": "high",
        "event_type_detail": null,
        "severity": null,
        "description": "Normal geological conditions"
      },
      "geometry": {
        "type": "Point",
        "coordinates": [
          88.9776,
          30.2865
        ]
      }
    },
    {
      "type": "Feature",
      "properties": {
        "source": "GSI",
        "source_record_id": "GSI_Himachal_Pradesh_(Mandi)_20260921_175747",
        "event_type": "geological",
        "timestamp": "2026-09-21T17:57:47.211279",
        "valid_from": "2026-09-21T17:57:47.211279",
        "valid_until": "2026-09-21T23:57:47.211279",
        "location_name": "Himachal Pradesh (Mandi)",
        "risk_zone": "medium",
        "event_type_detail": null,
        "severity": null,
        "description": "Normal geological conditions"
      },
      "geometry": {
        "type": "Point",
        "coordinates": [
          76.9366,
          31.7084
        ]
      }
    },
    {
      "type": "Feature",
      "properties": {
        "source": "GSI",
        "source_record_id": "GSI_Sikkim_(Gangtok)_20260921_175747",
        "event_type": "geological",
        "timestamp": "2026-09-21T17:57:47.211279",
        "valid_from": "2026-09-21T17:57:47.211279",
        "valid_until": "2026-09-21T23:57:47.211279",
        "location_name": "Sikkim (Gangtok)",
        "risk_zone": "high",
        "event_type_detail": null,
        "severity": null,
        "description": "Normal geological conditions"
      },
      "geometry": {
        "type": "Point",
        "coordinates": [
          88.6065,
          27.3389
        ]
      }
    },
    {
      "type": "Feature",
      "properties": {
        "source": "GSI",
        "source_record_id": "GSI_Assam_(Guwahati)_20260921_175747",
        "event_type": "geological",
        "timestamp": "2026-09-21T17:57:47.211279",
        "valid_from": "2026-09-21T17:57:47.211279",
        "valid_until": "2026-09-21T23:57:47.211279",
        "location_name": "Assam (Guwahati)",
        "risk_zone": "medium",
        "event_type_detail": null,
        "severity": null,
        "description": "Normal geological conditions"
      },
      "geometry": {
        "type": "Point",
        "coordinates": [
          91.7362,
          26.1445
        ]
      }
    },
    {
      "type": "Feature",
      "properties": {
        "source": "GSI",
        "source_record_id": "GSI_Darjeeling_West_Bengal_20260921_185747",
        "event_type": "geological",
        "timestamp": "2026-09-21T18:57:47.211279",
        "valid_from": "2026-09-21T18:57:47.211279",
        "valid_until": "2026-09-22T00:57:47.211279",
        "location_name": "Darjeeling, West Bengal",
        "risk_zone": "high",
        "event_type_detail": null,
        "severity": null,
        "description": "Normal geological conditions"
      },
      "geometry": {
        "type": "Point",
        "coordinates": [
          88.2627,
          27.036
        ]
      }
    },
    {
      "type": "Feature",
      "properties": {
        "source": "GSI",
        "source_record_id": "GSI_Uttarakhand_(Rudraprayag)_20260921_185747",
        "event_type": "geological",
        "timestamp": "2026-09-21T18:57:47.211279",
        "valid_from": "2026-09-21T18:57:47.211279",
        "valid_until": "2026-09-22T00:57:47.211279",
        "location_name": "Uttarakhand (Rudraprayag)",
        "risk_zone": "high",
        "event_type_detail": null,
        "severity": null,
        "description": "Normal geological conditions"
      },
      "geometry": {
        "type": "Point",
        "coordinates": [
          88.9776,
          30.2865
        ]
      }
    },
    {
      "type": "Feature",
      "properties": {
        "source": "GSI",
        "source_record_id": "GSI_Himachal_Pradesh_(Mandi)_20260921_185747",
        "event_type": "geological",
        "timestamp": "2026-09-21T18:57:47.211279",
        "valid_from": "2026-09-21T18:57:47.211279",
        "valid_until": "2026-09-22T00:57:47.211279",
        "location_name": "Himachal Pradesh (Mandi)",
        "risk_zone": "medium",
        "event_type_detail": null,
        "severity": null,
        "description": "Normal geological conditions"
      },
      "geometry": {
        "type": "Point",
        "coordinates": [
          76.9366,
          31.7084
        ]
      }
    },
    {
      "type": "Feature",
      "properties": {
        "source": "GSI",
        "source_record_id": "GSI_Sikkim_(Gangtok)_20260921_185747",
        "event_type": "geological",
        "timestamp": "2026-09-21T18:57:47.211279",
        "valid_from": "2026-09-21T18:57:47.211279",
        "valid_until": "2026-09-22T00:57:47.211279",
        "location_name": "Sikkim (Gangtok)",
        "risk_zone": "high",
        "event_type_detail": null,
        "severity": null,
        "description": "Normal geological conditions"
      },
      "geometry": {
        "type": "Point",
        "coordinates": [
          88.6065,
          27.3389
        ]
      }
    },
    {
      "type": "Feature",
      "properties": {
        "source": "GSI",
        "source_record_id": "GSI_Assam_(Guwahati)_20260921_185747",
        "event_type": "geological",
        "timestamp": "2026-09-21T18:57:47.211279",
        "valid_from": "2026-09-21T18:57:47.211279",
        "valid_until": "2026-09-22T00:57:47.211279",
        "location_name": "Assam (Guwahati)",
        "risk_zone": "medium",
        "event_type_detail": null,
        "severity": null,
        "description": "Normal geological conditions"
      },
      "geometry": {
        "type": "Point",
        "coordinates": [
          91.7362,
          26.1445
        ]
      }
    },
    {
      "type": "Feature",
      "properties": {
        "source": "GSI",
        "source_record_id": "GSI_Darjeeling_West_Bengal_20260921_195747",
        "event_type": "geological",
        "timestamp": "2026-09-21T19:57:47.211279",
        "valid_from": "2026-09-21T19:57:47.211279",
        "valid_until": "2026-09-22T01:57:47.211279",
        "location_name": "Darjeeling, West Bengal",
        "risk_zone": "high",
        "event_type_detail": null,
        "severity": null,
        "description": "Normal geological conditions"
      },
      "geometry": {
        "type": "Point",
        "coordinates": [
          88.2627,
          27.036
        ]
      }
    },
    {
      "type": "Feature",
      "properties": {
        "source": "GSI",
        "source_record_id": "GSI_Uttarakhand_(Rudraprayag)_20260921_195747",
        "event_type": "geological",
        "timestamp": "2026-09-21T19:57:47.211279",
        "valid_from": "2026-09-21T19:57:47.211279",
        "valid_until": "2026-09-22T01:57:47.211279",
        "location_name": "Uttarakhand (Rudraprayag)",
        "risk_zone": "high",
        "event_type_detail": null,
        "severity": null,
        "description": "Normal geological conditions"
      },
      "geometry": {
        "type": "Point",
        "coordinates": [
          88.9776,
          30.2865
        ]
      }
    },
    {
      "type": "Feature",
      "properties": {
        "source": "GSI",
        "source_record_id": "GSI_Himachal_Pradesh_(Mandi)_20260921_195747",
        "event_type": "geological",
        "timestamp": "2026-09-21T19:57:47.211279",
        "valid_from": "2026-09-21T19:57:47.211279",
        "valid_until": "2026-09-22T01:57:47.211279",
        "location_name": "Himachal Pradesh (Mandi)",
        "risk_zone": "medium",
        "event_type_detail": null,
        "severity": null,
        "description": "Normal geological conditions"
      },
      "geometry": {
        "type": "Point",
        "coordinates": [
          76.9366,
          31.7084
        ]
      }
    },
    {
      "type": "Feature",
      "properties": {
        "source": "GSI",
        "source_record_id": "GSI_Sikkim_(Gangtok)_20260921_195747",
        "event_type": "geological",
        "timestamp": "2026-09-21T19:57:47.211279",
        "valid_from": "2026-09-21T19:57:47.211279",
        "valid_until": "2026-09-22T01:57:47.211279",
        "location_name": "Sikkim (Gangtok)",
        "risk_zone": "high",
        "event_type_detail": null,
        "severity": null,
        "description": "Normal geological conditions"
      },
      "geometry": {
        "type": "Point",
        "coordinates": [
          88.6065,
          27.3389
        ]
      }
    },
    {
      "type": "Feature",
      "properties": {
        "source": "GSI",
        "source_record_id": "GSI_Assam_(Guwahati)_20260921_195747",
        "event_type": "geological",
        "timestamp": "2026-09-21T19:57:47.211279",
        "valid_from": "2026-09-21T19:57:47.211279",
        "valid_until": "2026-09-22T01:57:47.211279",
        "location_name": "Assam (Guwahati)",
        "risk_zone": "medium",
        "event_type_detail": null,
        "severity": null,
        "description": "Normal geological conditions"
      },
      "geometry": {
        "type": "Point",
        "coordinates": [
          91.7362,
          26.1445
        ]
      }
    },
    {
      "type": "Feature",
      "properties": {
        "source": "GSI",
        "source_record_id": "GSI_Darjeeling_West_Bengal_20260921_205747",
        "event_type": "geological",
        "timestamp": "2026-09-21T20:57:47.211279",
        "valid_from": "2026-09-21T20:57:47.211279",
        "valid_until": "2026-09-22T02:57:47.211279",
        "location_name": "Darjeeling, West Bengal",
        "risk_zone": "high",
        "event_type_detail": null,
        "severity": null,
        "description": "Normal geological conditions"
      },
      "geometry": {
        "type": "Point",
        "coordinates": [
          88.2627,
          27.036
        ]
      }
    },
    {
      "type": "Feature",
      "properties": {
        "source": "GSI",
        "source_record_id": "GSI_Uttarakhand_(Rudraprayag)_20260921_205747",
        "event_type": "geological",
        "timestamp": "2026-09-21T20:57:47.211279",
        "valid_from": "2026-09-21T20:57:47.211279",
        "valid_until": "2026-09-22T02:57:47.211279",
        "location_name": "Uttarakhand (Rudraprayag)",
        "risk_zone": "high",
        "event_type_detail": null,
        "severity": null,
        "description": "Normal geological conditions"
      },
      "geometry": {
        "type": "Point",
        "coordinates": [
          88.9776,
          30.2865
        ]
      }
    },
    {
      "type": "Feature",
      "properties": {
        "source": "GSI",
        "source_record_id": "GSI_Himachal_Pradesh_(Mandi)_20260921_205747",
        "event_type": "geological",
        "timestamp": "2026-09-21T20:57:47.211279",
        "valid_from": "2026-09-21T20:57:47.211279",
        "valid_until": "2026-09-22T02:57:47.211279",
        "location_name": "Himachal Pradesh (Mandi)",
        "risk_zone": "medium",
        "event_type_detail": null,
        "severity": null,
        "description": "Normal geological conditions"
      },
      "geometry": {
        "type": "Point",
        "coordinates": [
          76.9366,
          31.7084
        ]
      }
    },
    {
      "type": "Feature",
      "properties": {
        "source": "GSI",
        "source_record_id": "GSI_Sikkim_(Gangtok)_20260921_205747",
        "event_type": "geological",
        "timestamp": "2026-09-21T20:57:47.211279",
        "valid_from": "2026-09-21T20:57:47.211279",
        "valid_until": "2026-09-22T02:57:47.211279",
        "location_name": "Sikkim (Gangtok)",
        "risk_zone": "high",
        "event_type_detail": null,
        "severity": null,
        "description": "Normal geological conditions"
      },
      "geometry": {
        "type": "Point",
        "coordinates": [
          88.6065,
          27.3389
        ]
      }
    },
    {
      "type": "Feature",
      "properties": {
        "source": "GSI",
        "source_record_id": "GSI_Assam_(Guwahati)_20260921_205747",
        "event_type": "geological",
        "timestamp": "2026-09-21T20:57:47.211279",
        "valid_from": "2026-09-21T20:57:47.211279",
        "valid_until": "2026-09-22T02:57:47.211279",
        "location_name": "Assam (Guwahati)",
        "risk_zone": "medium",
        "event_type_detail": null,
        "severity": null,
        "description": "Normal geological conditions"
      },
      "geometry": {
        "type": "Point",
        "coordinates": [
          91.7362,
          26.1445
        ]
      }
    },
    {
      "type": "Feature",
      "properties": {
        "source": "GSI",
        "source_record_id": "GSI_Darjeeling_West_Bengal_20260921_215747",
        "event_type": "geological",
        "timestamp": "2026-09-21T21:57:47.211279",
        "valid_from": "2026-09-21T21:57:47.211279",
        "valid_until": "2026-09-22T03:57:47.211279",
        "location_name": "Darjeeling, West Bengal",
        "risk_zone": "high",
        "event_type_detail": null,
        "severity": null,
        "description": "Normal geological conditions"
      },
      "geometry": {
        "type": "Point",
        "coordinates": [
          88.2627,
          27.036
        ]
      }
    },
    {
      "type": "Feature",
      "properties": {
        "source": "GSI",
        "source_record_id": "GSI_Uttarakhand_(Rudraprayag)_20260921_215747",
        "event_type": "geological",
        "timestamp": "2026-09-21T21:57:47.211279",
        "valid_from": "2026-09-21T21:57:47.211279",
        "valid_until": "2026-09-22T03:57:47.211279",
        "location_name": "Uttarakhand (Rudraprayag)",
        "risk_zone": "high",
        "event_type_detail": null,
        "severity": null,
        "description": "Normal geological conditions"
      },
      "geometry": {
        "type": "Point",
        "coordinates": [
          88.9776,
          30.2865
        ]
      }
    },
    {
      "type": "Feature",
      "properties": {
        "source": "GSI",
        "source_record_id": "GSI_Himachal_Pradesh_(Mandi)_20260921_215747",
        "event_type": "geological",
        "timestamp": "2026-09-21T21:57:47.211279",
        "valid_from": "2026-09-21T21:57:47.211279",
        "valid_until": "2026-09-22T03:57:47.211279",
        "location_name": "Himachal Pradesh (Mandi)",
        "risk_zone": "medium",
        "event_type_detail": null,
        "severity": null,
        "description": "Normal geological conditions"
      },
      "geometry": {
        "type": "Point",
        "coordinates": [
          76.9366,
          31.7084
        ]
      }
    },
    {
      "type": "Feature",
      "properties": {
        "source": "GSI",
        "source_record_id": "GSI_Sikkim_(Gangtok)_20260921_215747",
        "event_type": "geological",
        "timestamp": "2026-09-21T21:57:47.211279",
        "valid_from": "2026-09-21T21:57:47.211279",
        "valid_until": "2026-09-22T03:57:47.211279",
        "location_name": "Sikkim (Gangtok)",
        "risk_zone": "high",
        "event_type_detail": null,
        "severity": null,
        "description": "Normal geological conditions"
      },
      "geometry": {
        "type": "Point",
        "coordinates": [
          88.6065,
          27.3389
        ]
      }
    },
    {
      "type": "Feature",
      "properties": {
        "source": "GSI",
        "source_record_id": "GSI_Assam_(Guwahati)_20260921_215747",
        "event_type": "geological",
        "timestamp": "2026-09-21T21:57:47.211279",
        "valid_from": "2026-09-21T21:57:47.211279",
        "valid_until": "2026-09-22T03:57:47.211279",
        "location_name": "Assam (Guwahati)",
        "risk_zone": "medium",
        "event_type_detail": null,
        "severity": null,
        "description": "Normal geological conditions"
      },
      "geometry": {
        "type": "Point",
        "coordinates": [
          91.7362,
          26.1445
        ]
      }
    },
    {
      "type": "Feature",
      "properties": {
        "source": "GSI",
        "source_record_id": "GSI_Darjeeling_West_Bengal_20260921_225747",
        "event_type": "geological",
        "timestamp": "2026-09-21T22:57:47.211279",
        "valid_from": "2026-09-21T22:57:47.211279",
        "valid_until": "2026-09-22T04:57:47.211279",
        "location_name": "Darjeeling, West Bengal",
        "risk_zone": "high",
        "event_type_detail": null,
        "severity": null,
        "description": "Normal geological conditions"
      },
      "geometry": {
        "type": "Point",
        "coordinates": [
          88.2627,
          27.036
        ]
      }
    },
    {
      "type": "Feature",
      "properties": {
        "source": "GSI",
        "source_record_id": "GSI_Uttarakhand_(Rudraprayag)_20260921_225747",
        "event_type": "geological",
        "timestamp": "2026-09-21T22:57:47.211279",
        "valid_from": "2026-09-21T22:57:47.211279",
        "valid_until": "2026-09-22T04:57:47.211279",
        "location_name": "Uttarakhand (Rudraprayag)",
        "risk_zone": "high",
        "event_type_detail": null,
        "severity": null,
        "description": "Normal geological conditions"
      },
      "geometry": {
        "type": "Point",
        "coordinates": [
          88.9776,
          30.2865
        ]
      }
    },
    {
      "type": "Feature",
      "properties": {
        "source": "GSI",
        "source_record_id": "GSI_Himachal_Pradesh_(Mandi)_20260921_225747",
        "event_type": "geological",
        "timestamp": "2026-09-21T22:57:47.211279",
        "valid_from": "2026-09-21T22:57:47.211279",
        "valid_until": "2026-09-22T04:57:47.211279",
        "location_name": "Himachal Pradesh (Mandi)",
        "risk_zone": "medium",
        "event_type_detail": null,
        "severity": null,
        "description": "Normal geological conditions"
      },
      "geometry": {
        "type": "Point",
        "coordinates": [
          76.9366,
          31.7084
        ]
      }
    },
    {
      "type": "Feature",
      "properties": {
        "source": "GSI",
        "source_record_id": "GSI_Sikkim_(Gangtok)_20260921_225747",
        "event_type": "geological",
        "timestamp": "2026-09-21T22:57:47.211279",
        "valid_from": "2026-09-21T22:57:47.211279",
        "valid_until": "2026-09-22T04:57:47.211279",
        "location_name": "Sikkim (Gangtok)",
        "risk_zone": "high",
        "event_type_detail": null,
        "severity": null,
        "description": "Normal geological conditions"
      },
      "geometry": {
        "type": "Point",
        "coordinates": [
          88.6065,
          27.3389
        ]
      }
    },
    {
      "type": "Feature",
      "properties": {
        "source": "GSI",
        "source_record_id": "GSI_Assam_(Guwahati)_20260921_225747",
        "event_type": "geological",
        "timestamp": "2026-09-21T22:57:47.211279",
        "valid_from": "2026-09-21T22:57:47.211279",
        "valid_until": "2026-09-22T04:57:47.211279",
        "location_name": "Assam (Guwahati)",
        "risk_zone": "medium",
        "event_type_detail": null,
        "severity": null,
        "description": "Normal geological conditions"
      },
      "geometry": {
        "type": "Point",
        "coordinates": [
          91.7362,
          26.1445
        ]
      }
    },
    {
      "type": "Feature",
      "properties": {
        "source": "GSI",
        "source_record_id": "GSI_Darjeeling_West_Bengal_20260921_235747",
        "event_type": "geological",
        "timestamp": "2026-09-21T23:57:47.211279",
        "valid_from": "2026-09-21T23:57:47.211279",
        "valid_until": "2026-09-22T05:57:47.211279",
        "location_name": "Darjeeling, West Bengal",
        "risk_zone": "high",
        "event_type_detail": null,
        "severity": null,
        "description": "Normal geological conditions"
      },
      "geometry": {
        "type": "Point",
        "coordinates": [
          88.2627,
          27.036
        ]
      }
    },
    {
      "type": "Feature",
      "properties": {
        "source": "GSI",
        "source_record_id": "GSI_Uttarakhand_(Rudraprayag)_20260921_235747",
        "event_type": "geological",
        "timestamp": "2026-09-21T23:57:47.211279",
        "valid_from": "2026-09-21T23:57:47.211279",
        "valid_until": "2026-09-22T05:57:47.211279",
        "location_name": "Uttarakhand (Rudraprayag)",
        "risk_zone": "high",
        "event_type_detail": null,
        "severity": null,
        "description": "Normal geological conditions"
      },
      "geometry": {
        "type": "Point",
        "coordinates": [
          88.9776,
          30.2865
        ]
      }
    },
    {
      "type": "Feature",
      "properties": {
        "source": "GSI",
        "source_record_id": "GSI_Himachal_Pradesh_(Mandi)_20260921_235747",
        "event_type": "geological",
        "timestamp": "2026-09-21T23:57:47.211279",
        "valid_from": "2026-09-21T23:57:47.211279",
        "valid_until": "2026-09-22T05:57:47.211279",
        "location_name": "Himachal Pradesh (Mandi)",
        "risk_zone": "medium",
        "event_type_detail": null,
        "severity": null,
        "description": "Normal geological conditions"
      },
      "geometry": {
        "type": "Point",
        "coordinates": [
          76.9366,
          31.7084
        ]
      }
    },
    {
      "type": "Feature",
      "properties": {
        "source": "GSI",
        "source_record_id": "GSI_Sikkim_(Gangtok)_20260921_235747",
        "event_type": "geological",
        "timestamp": "2026-09-21T23:57:47.211279",
        "valid_from": "2026-09-21T23:57:47.211279",
        "valid_until": "2026-09-22T05:57:47.211279",
        "location_name": "Sikkim (Gangtok)",
        "risk_zone": "high",
        "event_type_detail": null,
        "severity": null,
        "description": "Normal geological conditions"
      },
      "geometry": {
        "type": "Point",
        "coordinates": [
          88.6065,
          27.3389
        ]
      }
    },
    {
      "type": "Feature",
      "properties": {
        "source": "GSI",
        "source_record_id": "GSI_Assam_(Guwahati)_20260921_235747",
        "event_type": "geological",
        "timestamp": "2026-09-21T23:57:47.211279",
        "valid_from": "2026-09-21T23:57:47.211279",
        "valid_until": "2026-09-22T05:57:47.211279",
        "location_name": "Assam (Guwahati)",
        "risk_zone": "medium",
        "event_type_detail": null,
        "severity": null,
        "description": "Normal geological conditions"
      },
      "geometry": {
        "type": "Point",
        "coordinates": [
          91.7362,
          26.1445
        ]
      }
    },
    {
      "type": "Feature",
      "properties": {
        "source": "GSI",
        "source_record_id": "GSI_Darjeeling_West_Bengal_20260922_005747",
        "event_type": "geological",
        "timestamp": "2026-09-22T00:57:47.211279",
        "valid_from": "2026-09-22T00:57:47.211279",
        "valid_until": "2026-09-22T06:57:47.211279",
        "location_name": "Darjeeling, West Bengal",
        "risk_zone": "high",
        "event_type_detail": null,
        "severity": null,
        "description": "Normal geological conditions"
      },
      "geometry": {
        "type": "Point",
        "coordinates": [
          88.2627,
          27.036
        ]
      }
    },
    {
      "type": "Feature",
      "properties": {
        "source": "GSI",
        "source_record_id": "GSI_Uttarakhand_(Rudraprayag)_20260922_005747",
        "event_type": "geological",
        "timestamp": "2026-09-22T00:57:47.211279",
        "valid_from": "2026-09-22T00:57:47.211279",
        "valid_until": "2026-09-22T06:57:47.211279",
        "location_name": "Uttarakhand (Rudraprayag)",
        "risk_zone": "high",
        "event_type_detail": null,
        "severity": null,
        "description": "Normal geological conditions"
      },
      "geometry": {
        "type": "Point",
        "coordinates": [
          88.9776,
          30.2865
        ]
      }
    },
    {
      "type": "Feature",
      "properties": {
        "source": "GSI",
        "source_record_id": "GSI_Himachal_Pradesh_(Mandi)_20260922_005747",
        "event_type": "geological",
        "timestamp": "2026-09-22T00:57:47.211279",
        "valid_from": "2026-09-22T00:57:47.211279",
        "valid_until": "2026-09-22T06:57:47.211279",
        "location_name": "Himachal Pradesh (Mandi)",
        "risk_zone": "medium",
        "event_type_detail": null,
        "severity": null,
        "description": "Normal geological conditions"
      },
      "geometry": {
        "type": "Point",
        "coordinates": [
          76.9366,
          31.7084
        ]
      }
    },
    {
      "type": "Feature",
      "properties": {
        "source": "GSI",
        "source_record_id": "GSI_Sikkim_(Gangtok)_20260922_005747",
        "event_type": "geological",
        "timestamp": "2026-09-22T00:57:47.211279",
        "valid_from": "2026-09-22T00:57:47.211279",
        "valid_until": "2026-09-22T06:57:47.211279",
        "location_name": "Sikkim (Gangtok)",
        "risk_zone": "high",
        "event_type_detail": null,
        "severity": null,
        "description": "Normal geological conditions"
      },
      "geometry": {
        "type": "Point",
        "coordinates": [
          88.6065,
          27.3389
        ]
      }
    },
    {
      "type": "Feature",
      "properties": {
        "source": "GSI",
        "source_record_id": "GSI_Assam_(Guwahati)_20260922_005747",
        "event_type": "geological",
        "timestamp": "2026-09-22T00:57:47.211279",
        "valid_from": "2026-09-22T00:57:47.211279",
        "valid_until": "2026-09-22T06:57:47.211279",
        "location_name": "Assam (Guwahati)",
        "risk_zone": "medium",
        "event_type_detail": "rockfall",
        "severity": "medium",
        "description": "Rockfall in Assam (Guwahati)"
      },
      "geometry": {
        "type": "Point",
        "coordinates": [
          91.7362,
          26.1445
        ]
      }
    },
    {
      "type": "Feature",
      "properties": {
        "source": "GSI",
        "source_record_id": "GSI_Darjeeling_West_Bengal_20260922_015747",
        "event_type": "geological",
        "timestamp": "2026-09-22T01:57:47.211279",
        "valid_from": "2026-09-22T01:57:47.211279",
        "valid_until": "2026-09-22T07:57:47.211279",
        "location_name": "Darjeeling, West Bengal",
        "risk_zone": "high",
        "event_type_detail": null,
        "severity": null,
        "description": "Normal geological conditions"
      },
      "geometry": {
        "type": "Point",
        "coordinates": [
          88.2627,
          27.036
        ]
      }
    },
    {
      "type": "Feature",
      "properties": {
        "source": "GSI",
        "source_record_id": "GSI_Uttarakhand_(Rudraprayag)_20260922_015747",
        "event_type": "geological",
        "timestamp": "2026-09-22T01:57:47.211279",
        "valid_from": "2026-09-22T01:57:47.211279",
        "valid_until": "2026-09-22T07:57:47.211279",
        "location_name": "Uttarakhand (Rudraprayag)",
        "risk_zone": "high",
        "event_type_detail": null,
        "severity": null,
        "description": "Normal geological conditions"
      },
      "geometry": {
        "type": "Point",
        "coordinates": [
          88.9776,
          30.2865
        ]
      }
    },
    {
      "type": "Feature",
      "properties": {
        "source": "GSI",
        "source_record_id": "GSI_Himachal_Pradesh_(Mandi)_20260922_015747",
        "event_type": "geological",
        "timestamp": "2026-09-22T01:57:47.211279",
        "valid_from": "2026-09-22T01:57:47.211279",
        "valid_until": "2026-09-22T07:57:47.211279",
        "location_name": "Himachal Pradesh (Mandi)",
        "risk_zone": "medium",
        "event_type_detail": null,
        "severity": null,
        "description": "Normal geological conditions"
      },
      "geometry": {
        "type": "Point",
        "coordinates": [
          76.9366,
          31.7084
        ]
      }
    },
    {
      "type": "Feature",
      "properties": {
        "source": "GSI",
        "source_record_id": "GSI_Sikkim_(Gangtok)_20260922_015747",
        "event_type": "geological",
        "timestamp": "2026-09-22T01:57:47.211279",
        "valid_from": "2026-09-22T01:57:47.211279",
        "valid_until": "2026-09-22T07:57:47.211279",
        "location_name": "Sikkim (Gangtok)",
        "risk_zone": "high",
        "event_type_detail": null,
        "severity": null,
        "description": "Normal geological conditions"
      },
      "geometry": {
        "type": "Point",
        "coordinates": [
          88.6065,
          27.3389
        ]
      }
    },
    {
      "type": "Feature",
      "properties": {
        "source": "GSI",
        "source_record_id": "GSI_Assam_(Guwahati)_20260922_015747",
        "event_type": "geological",
        "timestamp": "2026-09-22T01:57:47.211279",
        "valid_from": "2026-09-22T01:57:47.211279",
        "valid_until": "2026-09-22T07:57:47.211279",
        "location_name": "Assam (Guwahati)",
        "risk_zone": "medium",
        "event_type_detail": null,
        "severity": null,
        "description": "Normal geological conditions"
      },
      "geometry": {
        "type": "Point",
        "coordinates": [
          91.7362,
          26.1445
        ]
      }
    },
    {
      "type": "Feature",
      "properties": {
        "source": "GSI",
        "source_record_id": "GSI_Darjeeling_West_Bengal_20260922_025747",
        "event_type": "geological",
        "timestamp": "2026-09-22T02:57:47.211279",
        "valid_from": "2026-09-22T02:57:47.211279",
        "valid_until": "2026-09-22T08:57:47.211279",
        "location_name": "Darjeeling, West Bengal",
        "risk_zone": "high",
        "event_type_detail": null,
        "severity": null,
        "description": "Normal geological conditions"
      },
      "geometry": {
        "type": "Point",
        "coordinates": [
          88.2627,
          27.036
        ]
      }
    },
    {
      "type": "Feature",
      "properties": {
        "source": "GSI",
        "source_record_id": "GSI_Uttarakhand_(Rudraprayag)_20260922_025747",
        "event_type": "geological",
        "timestamp": "2026-09-22T02:57:47.211279",
        "valid_from": "2026-09-22T02:57:47.211279",
        "valid_until": "2026-09-22T08:57:47.211279",
        "location_name": "Uttarakhand (Rudraprayag)",
        "risk_zone": "high",
        "event_type_detail": null,
        "severity": null,
        "description": "Normal geological conditions"
      },
      "geometry": {
        "type": "Point",
        "coordinates": [
          88.9776,
          30.2865
        ]
      }
    },
    {
      "type": "Feature",
      "properties": {
        "source": "GSI",
        "source_record_id": "GSI_Himachal_Pradesh_(Mandi)_20260922_025747",
        "event_type": "geological",
        "timestamp": "2026-09-22T02:57:47.211279",
        "valid_from": "2026-09-22T02:57:47.211279",
        "valid_until": "2026-09-22T08:57:47.211279",
        "location_name": "Himachal Pradesh (Mandi)",
        "risk_zone": "medium",
        "event_type_detail": null,
        "severity": null,
        "description": "Normal geological conditions"
      },
      "geometry": {
        "type": "Point",
        "coordinates": [
          76.9366,
          31.7084
        ]
      }
    },
    {
      "type": "Feature",
      "properties": {
        "source": "GSI",
        "source_record_id": "GSI_Sikkim_(Gangtok)_20260922_025747",
        "event_type": "geological",
        "timestamp": "2026-09-22T02:57:47.211279",
        "valid_from": "2026-09-22T02:57:47.211279",
        "valid_until": "2026-09-22T08:57:47.211279",
        "location_name": "Sikkim (Gangtok)",
        "risk_zone": "high",
        "event_type_detail": null,
        "severity": null,
        "description": "Normal geological conditions"
      },
      "geometry": {
        "type": "Point",
        "coordinates": [
          88.6065,
          27.3389
        ]
      }
    },
    {
      "type": "Feature",
      "properties": {
        "source": "GSI",
        "source_record_id": "GSI_Assam_(Guwahati)_20260922_025747",
        "event_type": "geological",
        "timestamp": "2026-09-22T02:57:47.211279",
        "valid_from": "2026-09-22T02:57:47.211279",
        "valid_until": "2026-09-22T08:57:47.211279",
        "location_name": "Assam (Guwahati)",
        "risk_zone": "medium",
        "event_type_detail": null,
        "severity": null,
        "description": "Normal geological conditions"
      },
      "geometry": {
        "type": "Point",
        "coordinates": [
          91.7362,
          26.1445
        ]
      }
    },
    {
      "type": "Feature",
      "properties": {
        "source": "GSI",
        "source_record_id": "GSI_Darjeeling_West_Bengal_20260922_035747",
        "event_type": "geological",
        "timestamp": "2026-09-22T03:57:47.211279",
        "valid_from": "2026-09-22T03:57:47.211279",
        "valid_until": "2026-09-22T09:57:47.211279",
        "location_name": "Darjeeling, West Bengal",
        "risk_zone": "high",
        "event_type_detail": null,
        "severity": null,
        "description": "Normal geological conditions"
      },
      "geometry": {
        "type": "Point",
        "coordinates": [
          88.2627,
          27.036
        ]
      }
    },
    {
      "type": "Feature",
      "properties": {
        "source": "GSI",
        "source_record_id": "GSI_Uttarakhand_(Rudraprayag)_20260922_035747",
        "event_type": "geological",
        "timestamp": "2026-09-22T03:57:47.211279",
        "valid_from": "2026-09-22T03:57:47.211279",
        "valid_until": "2026-09-22T09:57:47.211279",
        "location_name": "Uttarakhand (Rudraprayag)",
        "risk_zone": "high",
        "event_type_detail": null,
        "severity": null,
        "description": "Normal geological conditions"
      },
      "geometry": {
        "type": "Point",
        "coordinates": [
          88.9776,
          30.2865
        ]
      }
    },
    {
      "type": "Feature",
      "properties": {
        "source": "GSI",
        "source_record_id": "GSI_Himachal_Pradesh_(Mandi)_20260922_035747",
        "event_type": "geological",
        "timestamp": "2026-09-22T03:57:47.211279",
        "valid_from": "2026-09-22T03:57:47.211279",
        "valid_until": "2026-09-22T09:57:47.211279",
        "location_name": "Himachal Pradesh (Mandi)",
        "risk_zone": "medium",
        "event_type_detail": null,
        "severity": null,
        "description": "Normal geological conditions"
      },
      "geometry": {
        "type": "Point",
        "coordinates": [
          76.9366,
          31.7084
        ]
      }
    },
    {
      "type": "Feature",
      "properties": {
        "source": "GSI",
        "source_record_id": "GSI_Sikkim_(Gangtok)_20260922_035747",
        "event_type": "geological",
        "timestamp": "2026-09-22T03:57:47.211279",
        "valid_from": "2026-09-22T03:57:47.211279",
        "valid_until": "2026-09-22T09:57:47.211279",
        "location_name": "Sikkim (Gangtok)",
        "risk_zone": "high",
        "event_type_detail": null,
        "severity": null,
        "description": "Normal geological conditions"
      },
      "geometry": {
        "type": "Point",
        "coordinates": [
          88.6065,
          27.3389
        ]
      }
    },
    {
      "type": "Feature",
      "properties": {
        "source": "GSI",
        "source_record_id": "GSI_Assam_(Guwahati)_20260922_035747",
        "event_type": "geological",
        "timestamp": "2026-09-22T03:57:47.211279",
        "valid_from": "2026-09-22T03:57:47.211279",
        "valid_until": "2026-09-22T09:57:47.211279",
        "location_name": "Assam (Guwahati)",
        "risk_zone": "medium",
        "event_type_detail": null,
        "severity": null,
        "description": "Normal geological conditions"
      },
      "geometry": {
        "type": "Point",
        "coordinates": [
          91.7362,
          26.1445
        ]
      }
    },
    {
      "type": "Feature",
      "properties": {
        "source": "GSI",
        "source_record_id": "GSI_Darjeeling_West_Bengal_20260922_045747",
        "event_type": "geological",
        "timestamp": "2026-09-22T04:57:47.211279",
        "valid_from": "2026-09-22T04:57:47.211279",
        "valid_until": "2026-09-22T10:57:47.211279",
        "location_name": "Darjeeling, West Bengal",
        "risk_zone": "high",
        "event_type_detail": null,
        "severity": null,
        "description": "Normal geological conditions"
      },
      "geometry": {
        "type": "Point",
        "coordinates": [
          88.2627,
          27.036
        ]
      }
    },
    {
      "type": "Feature",
      "properties": {
        "source": "GSI",
        "source_record_id": "GSI_Uttarakhand_(Rudraprayag)_20260922_045747",
        "event_type": "geological",
        "timestamp": "2026-09-22T04:57:47.211279",
        "valid_from": "2026-09-22T04:57:47.211279",
        "valid_until": "2026-09-22T10:57:47.211279",
        "location_name": "Uttarakhand (Rudraprayag)",
        "risk_zone": "high",
        "event_type_detail": null,
        "severity": null,
        "description": "Normal geological conditions"
      },
      "geometry": {
        "type": "Point",
        "coordinates": [
          88.9776,
          30.2865
        ]
      }
    },
    {
      "type": "Feature",
      "properties": {
        "source": "GSI",
        "source_record_id": "GSI_Himachal_Pradesh_(Mandi)_20260922_045747",
        "event_type": "geological",
        "timestamp": "2026-09-22T04:57:47.211279",
        "valid_from": "2026-09-22T04:57:47.211279",
        "valid_until": "2026-09-22T10:57:47.211279",
        "location_name": "Himachal Pradesh (Mandi)",
        "risk_zone": "medium",
        "event_type_detail": null,
        "severity": null,
        "description": "Normal geological conditions"
      },
      "geometry": {
        "type": "Point",
        "coordinates": [
          76.9366,
          31.7084
        ]
      }
    },
    {
      "type": "Feature",
      "properties": {
        "source": "GSI",
        "source_record_id": "GSI_Sikkim_(Gangtok)_20260922_045747",
        "event_type": "geological",
        "timestamp": "2026-09-22T04:57:47.211279",
        "valid_from": "2026-09-22T04:57:47.211279",
        "valid_until": "2026-09-22T10:57:47.211279",
        "location_name": "Sikkim (Gangtok)",
        "risk_zone": "high",
        "event_type_detail": "rockfall",
        "severity": "medium",
        "description": "Rockfall in Sikkim (Gangtok)"
      },
      "geometry": {
        "type": "Point",
        "coordinates": [
          88.6065,
          27.3389
        ]
      }
    },
    {
      "type": "Feature",
      "properties": {
        "source": "GSI",
        "source_record_id": "GSI_Assam_(Guwahati)_20260922_045747",
        "event_type": "geological",
        "timestamp": "2026-09-22T04:57:47.211279",
        "valid_from": "2026-09-22T04:57:47.211279",
        "valid_until": "2026-09-22T10:57:47.211279",
        "location_name": "Assam (Guwahati)",
        "risk_zone": "medium",
        "event_type_detail": null,
        "severity": null,
        "description": "Normal geological conditions"
      },
      "geometry": {
        "type": "Point",
        "coordinates": [
          91.7362,
          26.1445
        ]
      }
    },
    {
      "type": "Feature",
      "properties": {
        "source": "GSI",
        "source_record_id": "GSI_Darjeeling_West_Bengal_20260922_055747",
        "event_type": "geological",
        "timestamp": "2026-09-22T05:57:47.211279",
        "valid_from": "2026-09-22T05:57:47.211279",
        "valid_until": "2026-09-22T11:57:47.211279",
        "location_name": "Darjeeling, West Bengal",
        "risk_zone": "high",
        "event_type_detail": null,
        "severity": null,
        "description": "Normal geological conditions"
      },
      "geometry": {
        "type": "Point",
        "coordinates": [
          88.2627,
          27.036
        ]
      }
    },
    {
      "type": "Feature",
      "properties": {
        "source": "GSI",
        "source_record_id": "GSI_Uttarakhand_(Rudraprayag)_20260922_055747",
        "event_type": "geological",
        "timestamp": "2026-09-22T05:57:47.211279",
        "valid_from": "2026-09-22T05:57:47.211279",
        "valid_until": "2026-09-22T11:57:47.211279",
        "location_name": "Uttarakhand (Rudraprayag)",
        "risk_zone": "high",
        "event_type_detail": null,
        "severity": null,
        "description": "Normal geological conditions"
      },
      "geometry": {
        "type": "Point",
        "coordinates": [
          88.9776,
          30.2865
        ]
      }
    },
    {
      "type": "Feature",
      "properties": {
        "source": "GSI",
        "source_record_id": "GSI_Himachal_Pradesh_(Mandi)_20260922_055747",
        "event_type": "geological",
        "timestamp": "2026-09-22T05:57:47.211279",
        "valid_from": "2026-09-22T05:57:47.211279",
        "valid_until": "2026-09-22T11:57:47.211279",
        "location_name": "Himachal Pradesh (Mandi)",
        "risk_zone": "medium",
        "event_type_detail": null,
        "severity": null,
        "description": "Normal geological conditions"
      },
      "geometry": {
        "type": "Point",
        "coordinates": [
          76.9366,
          31.7084
        ]
      }
    },
    {
      "type": "Feature",
      "properties": {
        "source": "GSI",
        "source_record_id": "GSI_Sikkim_(Gangtok)_20260922_055747",
        "event_type": "geological",
        "timestamp": "2026-09-22T05:57:47.211279",
        "valid_from": "2026-09-22T05:57:47.211279",
        "valid_until": "2026-09-22T11:57:47.211279",
        "location_name": "Sikkim (Gangtok)",
        "risk_zone": "high",
        "event_type_detail": null,
        "severity": null,
        "description": "Normal geological conditions"
      },
      "geometry": {
        "type": "Point",
        "coordinates": [
          88.6065,
          27.3389
        ]
      }
    },
    {
      "type": "Feature",
      "properties": {
        "source": "GSI",
        "source_record_id": "GSI_Assam_(Guwahati)_20260922_055747",
        "event_type": "geological",
        "timestamp": "2026-09-22T05:57:47.211279",
        "valid_from": "2026-09-22T05:57:47.211279",
        "valid_until": "2026-09-22T11:57:47.211279",
        "location_name": "Assam (Guwahati)",
        "risk_zone": "medium",
        "event_type_detail": null,
        "severity": null,
        "description": "Normal geological conditions"
      },
      "geometry": {
        "type": "Point",
        "coordinates": [
          91.7362,
          26.1445
        ]
      }
    },
    {
      "type": "Feature",
      "properties": {
        "source": "GSI",
        "source_record_id": "GSI_Darjeeling_West_Bengal_20260922_065747",
        "event_type": "geological",
        "timestamp": "2026-09-22T06:57:47.211279",
        "valid_from": "2026-09-22T06:57:47.211279",
        "valid_until": "2026-09-22T12:57:47.211279",
        "location_name": "Darjeeling, West Bengal",
        "risk_zone": "high",
        "event_type_detail": null,
        "severity": null,
        "description": "Normal geological conditions"
      },
      "geometry": {
        "type": "Point",
        "coordinates": [
          88.2627,
          27.036
        ]
      }
    },
    {
      "type": "Feature",
      "properties": {
        "source": "GSI",
        "source_record_id": "GSI_Uttarakhand_(Rudraprayag)_20260922_065747",
        "event_type": "geological",
        "timestamp": "2026-09-22T06:57:47.211279",
        "valid_from": "2026-09-22T06:57:47.211279",
        "valid_until": "2026-09-22T12:57:47.211279",
        "location_name": "Uttarakhand (Rudraprayag)",
        "risk_zone": "high",
        "event_type_detail": null,
        "severity": null,
        "description": "Normal geological conditions"
      },
      "geometry": {
        "type": "Point",
        "coordinates": [
          88.9776,
          30.2865
        ]
      }
    },
    {
      "type": "Feature",
      "properties": {
        "source": "GSI",
        "source_record_id": "GSI_Himachal_Pradesh_(Mandi)_20260922_065747",
        "event_type": "geological",
        "timestamp": "2026-09-22T06:57:47.211279",
        "valid_from": "2026-09-22T06:57:47.211279",
        "valid_until": "2026-09-22T12:57:47.211279",
        "location_name": "Himachal Pradesh (Mandi)",
        "risk_zone": "medium",
        "event_type_detail": null,
        "severity": null,
        "description": "Normal geological conditions"
      },
      "geometry": {
        "type": "Point",
        "coordinates": [
          76.9366,
          31.7084
        ]
      }
    },
    {
      "type": "Feature",
      "properties": {
        "source": "GSI",
        "source_record_id": "GSI_Sikkim_(Gangtok)_20260922_065747",
        "event_type": "geological",
        "timestamp": "2026-09-22T06:57:47.211279",
        "valid_from": "2026-09-22T06:57:47.211279",
        "valid_until": "2026-09-22T12:57:47.211279",
        "location_name": "Sikkim (Gangtok)",
        "risk_zone": "high",
        "event_type_detail": null,
        "severity": null,
        "description": "Normal geological conditions"
      },
      "geometry": {
        "type": "Point",
        "coordinates": [
          88.6065,
          27.3389
        ]
      }
    },
    {
      "type": "Feature",
      "properties": {
        "source": "GSI",
        "source_record_id": "GSI_Assam_(Guwahati)_20260922_065747",
        "event_type": "geological",
        "timestamp": "2026-09-22T06:57:47.211279",
        "valid_from": "2026-09-22T06:57:47.211279",
        "valid_until": "2026-09-22T12:57:47.211279",
        "location_name": "Assam (Guwahati)",
        "risk_zone": "medium",
        "event_type_detail": null,
        "severity": null,
        "description": "Normal geological conditions"
      },
      "geometry": {
        "type": "Point",
        "coordinates": [
          91.7362,
          26.1445
        ]
      }
    },
    {
      "type": "Feature",
      "properties": {
        "source": "GSI",
        "source_record_id": "GSI_Darjeeling_West_Bengal_20260922_075747",
        "event_type": "geological",
        "timestamp": "2026-09-22T07:57:47.211279",
        "valid_from": "2026-09-22T07:57:47.211279",
        "valid_until": "2026-09-22T13:57:47.211279",
        "location_name": "Darjeeling, West Bengal",
        "risk_zone": "high",
        "event_type_detail": null,
        "severity": null,
        "description": "Normal geological conditions"
      },
      "geometry": {
        "type": "Point",
        "coordinates": [
          88.2627,
          27.036
        ]
      }
    },
    {
      "type": "Feature",
      "properties": {
        "source": "GSI",
        "source_record_id": "GSI_Uttarakhand_(Rudraprayag)_20260922_075747",
        "event_type": "geological",
        "timestamp": "2026-09-22T07:57:47.211279",
        "valid_from": "2026-09-22T07:57:47.211279",
        "valid_until": "2026-09-22T13:57:47.211279",
        "location_name": "Uttarakhand (Rudraprayag)",
        "risk_zone": "high",
        "event_type_detail": "landslide",
        "severity": "low",
        "description": "Landslide in Uttarakhand (Rudraprayag)"
      },
      "geometry": {
        "type": "Point",
        "coordinates": [
          88.9776,
          30.2865
        ]
      }
    },
    {
      "type": "Feature",
      "properties": {
        "source": "GSI",
        "source_record_id": "GSI_Himachal_Pradesh_(Mandi)_20260922_075747",
        "event_type": "geological",
        "timestamp": "2026-09-22T07:57:47.211279",
        "valid_from": "2026-09-22T07:57:47.211279",
        "valid_until": "2026-09-22T13:57:47.211279",
        "location_name": "Himachal Pradesh (Mandi)",
        "risk_zone": "medium",
        "event_type_detail": null,
        "severity": null,
        "description": "Normal geological conditions"
      },
      "geometry": {
        "type": "Point",
        "coordinates": [
          76.9366,
          31.7084
        ]
      }
    },
    {
      "type": "Feature",
      "properties": {
        "source": "GSI",
        "source_record_id": "GSI_Sikkim_(Gangtok)_20260922_075747",
        "event_type": "geological",
        "timestamp": "2026-09-22T07:57:47.211279",
        "valid_from": "2026-09-22T07:57:47.211279",
        "valid_until": "2026-09-22T13:57:47.211279",
        "location_name": "Sikkim (Gangtok)",
        "risk_zone": "high",
        "event_type_detail": null,
        "severity": null,
        "description": "Normal geological conditions"
      },
      "geometry": {
        "type": "Point",
        "coordinates": [
          88.6065,
          27.3389
        ]
      }
    },
    {
      "type": "Feature",
      "properties": {
        "source": "GSI",
        "source_record_id": "GSI_Assam_(Guwahati)_20260922_075747",
        "event_type": "geological",
        "timestamp": "2026-09-22T07:57:47.211279",
        "valid_from": "2026-09-22T07:57:47.211279",
        "valid_until": "2026-09-22T13:57:47.211279",
        "location_name": "Assam (Guwahati)",
        "risk_zone": "medium",
        "event_type_detail": null,
        "severity": null,
        "description": "Normal geological conditions"
      },
      "geometry": {
        "type": "Point",
        "coordinates": [
          91.7362,
          26.1445
        ]
      }
    },
    {
      "type": "Feature",
      "properties": {
        "source": "GSI",
        "source_record_id": "GSI_Darjeeling_West_Bengal_20260922_085747",
        "event_type": "geological",
        "timestamp": "2026-09-22T08:57:47.211279",
        "valid_from": "2026-09-22T08:57:47.211279",
        "valid_until": "2026-09-22T14:57:47.211279",
        "location_name": "Darjeeling, West Bengal",
        "risk_zone": "high",
        "event_type_detail": null,
        "severity": null,
        "description": "Normal geological conditions"
      },
      "geometry": {
        "type": "Point",
        "coordinates": [
          88.2627,
          27.036
        ]
      }
    },
    {
      "type": "Feature",
      "properties": {
        "source": "GSI",
        "source_record_id": "GSI_Uttarakhand_(Rudraprayag)_20260922_085747",
        "event_type": "geological",
        "timestamp": "2026-09-22T08:57:47.211279",
        "valid_from": "2026-09-22T08:57:47.211279",
        "valid_until": "2026-09-22T14:57:47.211279",
        "location_name": "Uttarakhand (Rudraprayag)",
        "risk_zone": "high",
        "event_type_detail": null,
        "severity": null,
        "description": "Normal geological conditions"
      },
      "geometry": {
        "type": "Point",
        "coordinates": [
          88.9776,
          30.2865
        ]
      }
    },
    {
      "type": "Feature",
      "properties": {
        "source": "GSI",
        "source_record_id": "GSI_Himachal_Pradesh_(Mandi)_20260922_085747",
        "event_type": "geological",
        "timestamp": "2026-09-22T08:57:47.211279",
        "valid_from": "2026-09-22T08:57:47.211279",
        "valid_until": "2026-09-22T14:57:47.211279",
        "location_name": "Himachal Pradesh (Mandi)",
        "risk_zone": "medium",
        "event_type_detail": null,
        "severity": null,
        "description": "Normal geological conditions"
      },
      "geometry": {
        "type": "Point",
        "coordinates": [
          76.9366,
          31.7084
        ]
      }
    },
    {
      "type": "Feature",
      "properties": {
        "source": "GSI",
        "source_record_id": "GSI_Sikkim_(Gangtok)_20260922_085747",
        "event_type": "geological",
        "timestamp": "2026-09-22T08:57:47.211279",
        "valid_from": "2026-09-22T08:57:47.211279",
        "valid_until": "2026-09-22T14:57:47.211279",
        "location_name": "Sikkim (Gangtok)",
        "risk_zone": "high",
        "event_type_detail": null,
        "severity": null,
        "description": "Normal geological conditions"
      },
      "geometry": {
        "type": "Point",
        "coordinates": [
          88.6065,
          27.3389
        ]
      }
    },
    {
      "type": "Feature",
      "properties": {
        "source": "GSI",
        "source_record_id": "GSI_Assam_(Guwahati)_20260922_085747",
        "event_type": "geological",
        "timestamp": "2026-09-22T08:57:47.211279",
        "valid_from": "2026-09-22T08:57:47.211279",
        "valid_until": "2026-09-22T14:57:47.211279",
        "location_name": "Assam (Guwahati)",
        "risk_zone": "medium",
        "event_type_detail": null,
        "severity": null,
        "description": "Normal geological conditions"
      },
      "geometry": {
        "type": "Point",
        "coordinates": [
          91.7362,
          26.1445
        ]
      }
    },
    {
      "type": "Feature",
      "properties": {
        "source": "GSI",
        "source_record_id": "GSI_Darjeeling_West_Bengal_20260922_095747",
        "event_type": "geological",
        "timestamp": "2026-09-22T09:57:47.211279",
        "valid_from": "2026-09-22T09:57:47.211279",
        "valid_until": "2026-09-22T15:57:47.211279",
        "location_name": "Darjeeling, West Bengal",
        "risk_zone": "high",
        "event_type_detail": null,
        "severity": null,
        "description": "Normal geological conditions"
      },
      "geometry": {
        "type": "Point",
        "coordinates": [
          88.2627,
          27.036
        ]
      }
    },
    {
      "type": "Feature",
      "properties": {
        "source": "GSI",
        "source_record_id": "GSI_Uttarakhand_(Rudraprayag)_20260922_095747",
        "event_type": "geological",
        "timestamp": "2026-09-22T09:57:47.211279",
        "valid_from": "2026-09-22T09:57:47.211279",
        "valid_until": "2026-09-22T15:57:47.211279",
        "location_name": "Uttarakhand (Rudraprayag)",
        "risk_zone": "high",
        "event_type_detail": null,
        "severity": null,
        "description": "Normal geological conditions"
      },
      "geometry": {
        "type": "Point",
        "coordinates": [
          88.9776,
          30.2865
        ]
      }
    },
    {
      "type": "Feature",
      "properties": {
        "source": "GSI",
        "source_record_id": "GSI_Himachal_Pradesh_(Mandi)_20260922_095747",
        "event_type": "geological",
        "timestamp": "2026-09-22T09:57:47.211279",
        "valid_from": "2026-09-22T09:57:47.211279",
        "valid_until": "2026-09-22T15:57:47.211279",
        "location_name": "Himachal Pradesh (Mandi)",
        "risk_zone": "medium",
        "event_type_detail": null,
        "severity": null,
        "description": "Normal geological conditions"
      },
      "geometry": {
        "type": "Point",
        "coordinates": [
          76.9366,
          31.7084
        ]
      }
    },
    {
      "type": "Feature",
      "properties": {
        "source": "GSI",
        "source_record_id": "GSI_Sikkim_(Gangtok)_20260922_095747",
        "event_type": "geological",
        "timestamp": "2026-09-22T09:57:47.211279",
        "valid_from": "2026-09-22T09:57:47.211279",
        "valid_until": "2026-09-22T15:57:47.211279",
        "location_name": "Sikkim (Gangtok)",
        "risk_zone": "high",
        "event_type_detail": null,
        "severity": null,
        "description": "Normal geological conditions"
      },
      "geometry": {
        "type": "Point",
        "coordinates": [
          88.6065,
          27.3389
        ]
      }
    },
    {
      "type": "Feature",
      "properties": {
        "source": "GSI",
        "source_record_id": "GSI_Assam_(Guwahati)_20260922_095747",
        "event_type": "geological",
        "timestamp": "2026-09-22T09:57:47.211279",
        "valid_from": "2026-09-22T09:57:47.211279",
        "valid_until": "2026-09-22T15:57:47.211279",
        "location_name": "Assam (Guwahati)",
        "risk_zone": "medium",
        "event_type_detail": null,
        "severity": null,
        "description": "Normal geological conditions"
      },
      "geometry": {
        "type": "Point",
        "coordinates": [
          91.7362,
          26.1445
        ]
      }
    },
    {
      "type": "Feature",
      "properties": {
        "source": "GSI",
        "source_record_id": "GSI_Darjeeling_West_Bengal_20260922_105747",
        "event_type": "geological",
        "timestamp": "2026-09-22T10:57:47.211279",
        "valid_from": "2026-09-22T10:57:47.211279",
        "valid_until": "2026-09-22T16:57:47.211279",
        "location_name": "Darjeeling, West Bengal",
        "risk_zone": "high",
        "event_type_detail": null,
        "severity": null,
        "description": "Normal geological conditions"
      },
      "geometry": {
        "type": "Point",
        "coordinates": [
          88.2627,
          27.036
        ]
      }
    },
    {
      "type": "Feature",
      "properties": {
        "source": "GSI",
        "source_record_id": "GSI_Uttarakhand_(Rudraprayag)_20260922_105747",
        "event_type": "geological",
        "timestamp": "2026-09-22T10:57:47.211279",
        "valid_from": "2026-09-22T10:57:47.211279",
        "valid_until": "2026-09-22T16:57:47.211279",
        "location_name": "Uttarakhand (Rudraprayag)",
        "risk_zone": "high",
        "event_type_detail": null,
        "severity": null,
        "description": "Normal geological conditions"
      },
      "geometry": {
        "type": "Point",
        "coordinates": [
          88.9776,
          30.2865
        ]
      }
    },
    {
      "type": "Feature",
      "properties": {
        "source": "GSI",
        "source_record_id": "GSI_Himachal_Pradesh_(Mandi)_20260922_105747",
        "event_type": "geological",
        "timestamp": "2026-09-22T10:57:47.211279",
        "valid_from": "2026-09-22T10:57:47.211279",
        "valid_until": "2026-09-22T16:57:47.211279",
        "location_name": "Himachal Pradesh (Mandi)",
        "risk_zone": "medium",
        "event_type_detail": "landslide",
        "severity": "medium",
        "description": "Landslide in Himachal Pradesh (Mandi)"
      },
      "geometry": {
        "type": "Point",
        "coordinates": [
          76.9366,
          31.7084
        ]
      }
    },
    {
      "type": "Feature",
      "properties": {
        "source": "GSI",
        "source_record_id": "GSI_Sikkim_(Gangtok)_20260922_105747",
        "event_type": "geological",
        "timestamp": "2026-09-22T10:57:47.211279",
        "valid_from": "2026-09-22T10:57:47.211279",
        "valid_until": "2026-09-22T16:57:47.211279",
        "location_name": "Sikkim (Gangtok)",
        "risk_zone": "high",
        "event_type_detail": null,
        "severity": null,
        "description": "Normal geological conditions"
      },
      "geometry": {
        "type": "Point",
        "coordinates": [
          88.6065,
          27.3389
        ]
      }
    },
    {
      "type": "Feature",
      "properties": {
        "source": "GSI",
        "source_record_id": "GSI_Assam_(Guwahati)_20260922_105747",
        "event_type": "geological",
        "timestamp": "2026-09-22T10:57:47.211279",
        "valid_from": "2026-09-22T10:57:47.211279",
        "valid_until": "2026-09-22T16:57:47.211279",
        "location_name": "Assam (Guwahati)",
        "risk_zone": "medium",
        "event_type_detail": null,
        "severity": null,
        "description": "Normal geological conditions"
      },
      "geometry": {
        "type": "Point",
        "coordinates": [
          91.7362,
          26.1445
        ]
      }
    },
    {
      "type": "Feature",
      "properties": {
        "source": "GSI",
        "source_record_id": "GSI_Darjeeling_West_Bengal_20260922_115747",
        "event_type": "geological",
        "timestamp": "2026-09-22T11:57:47.211279",
        "valid_from": "2026-09-22T11:57:47.211279",
        "valid_until": "2026-09-22T17:57:47.211279",
        "location_name": "Darjeeling, West Bengal",
        "risk_zone": "high",
        "event_type_detail": null,
        "severity": null,
        "description": "Normal geological conditions"
      },
      "geometry": {
        "type": "Point",
        "coordinates": [
          88.2627,
          27.036
        ]
      }
    },
    {
      "type": "Feature",
      "properties": {
        "source": "GSI",
        "source_record_id": "GSI_Uttarakhand_(Rudraprayag)_20260922_115747",
        "event_type": "geological",
        "timestamp": "2026-09-22T11:57:47.211279",
        "valid_from": "2026-09-22T11:57:47.211279",
        "valid_until": "2026-09-22T17:57:47.211279",
        "location_name": "Uttarakhand (Rudraprayag)",
        "risk_zone": "high",
        "event_type_detail": null,
        "severity": null,
        "description": "Normal geological conditions"
      },
      "geometry": {
        "type": "Point",
        "coordinates": [
          88.9776,
          30.2865
        ]
      }
    },
    {
      "type": "Feature",
      "properties": {
        "source": "GSI",
        "source_record_id": "GSI_Himachal_Pradesh_(Mandi)_20260922_115747",
        "event_type": "geological",
        "timestamp": "2026-09-22T11:57:47.211279",
        "valid_from": "2026-09-22T11:57:47.211279",
        "valid_until": "2026-09-22T17:57:47.211279",
        "location_name": "Himachal Pradesh (Mandi)",
        "risk_zone": "medium",
        "event_type_detail": null,
        "severity": null,
        "description": "Normal geological conditions"
      },
      "geometry": {
        "type": "Point",
        "coordinates": [
          76.9366,
          31.7084
        ]
      }
    },
    {
      "type": "Feature",
      "properties": {
        "source": "GSI",
        "source_record_id": "GSI_Sikkim_(Gangtok)_20260922_115747",
        "event_type": "geological",
        "timestamp": "2026-09-22T11:57:47.211279",
        "valid_from": "2026-09-22T11:57:47.211279",
        "valid_until": "2026-09-22T17:57:47.211279",
        "location_name": "Sikkim (Gangtok)",
        "risk_zone": "high",
        "event_type_detail": null,
        "severity": null,
        "description": "Normal geological conditions"
      },
      "geometry": {
        "type": "Point",
        "coordinates": [
          88.6065,
          27.3389
        ]
      }
    },
    {
      "type": "Feature",
      "properties": {
        "source": "GSI",
        "source_record_id": "GSI_Assam_(Guwahati)_20260922_115747",
        "event_type": "geological",
        "timestamp": "2026-09-22T11:57:47.211279",
        "valid_from": "2026-09-22T11:57:47.211279",
        "valid_until": "2026-09-22T17:57:47.211279",
        "location_name": "Assam (Guwahati)",
        "risk_zone": "medium",
        "event_type_detail": null,
        "severity": null,
        "description": "Normal geological conditions"
      },
      "geometry": {
        "type": "Point",
        "coordinates": [
          91.7362,
          26.1445
        ]
      }
    },
    {
      "type": "Feature",
      "properties": {
        "source": "GSI",
        "source_record_id": "GSI_Darjeeling_West_Bengal_20260922_125747",
        "event_type": "geological",
        "timestamp": "2026-09-22T12:57:47.211279",
        "valid_from": "2026-09-22T12:57:47.211279",
        "valid_until": "2026-09-22T18:57:47.211279",
        "location_name": "Darjeeling, West Bengal",
        "risk_zone": "high",
        "event_type_detail": null,
        "severity": null,
        "description": "Normal geological conditions"
      },
      "geometry": {
        "type": "Point",
        "coordinates": [
          88.2627,
          27.036
        ]
      }
    },
    {
      "type": "Feature",
      "properties": {
        "source": "GSI",
        "source_record_id": "GSI_Uttarakhand_(Rudraprayag)_20260922_125747",
        "event_type": "geological",
        "timestamp": "2026-09-22T12:57:47.211279",
        "valid_from": "2026-09-22T12:57:47.211279",
        "valid_until": "2026-09-22T18:57:47.211279",
        "location_name": "Uttarakhand (Rudraprayag)",
        "risk_zone": "high",
        "event_type_detail": null,
        "severity": null,
        "description": "Normal geological conditions"
      },
      "geometry": {
        "type": "Point",
        "coordinates": [
          88.9776,
          30.2865
        ]
      }
    },
    {
      "type": "Feature",
      "properties": {
        "source": "GSI",
        "source_record_id": "GSI_Himachal_Pradesh_(Mandi)_20260922_125747",
        "event_type": "geological",
        "timestamp": "2026-09-22T12:57:47.211279",
        "valid_from": "2026-09-22T12:57:47.211279",
        "valid_until": "2026-09-22T18:57:47.211279",
        "location_name": "Himachal Pradesh (Mandi)",
        "risk_zone": "medium",
        "event_type_detail": null,
        "severity": null,
        "description": "Normal geological conditions"
      },
      "geometry": {
        "type": "Point",
        "coordinates": [
          76.9366,
          31.7084
        ]
      }
    },
    {
      "type": "Feature",
      "properties": {
        "source": "GSI",
        "source_record_id": "GSI_Sikkim_(Gangtok)_20260922_125747",
        "event_type": "geological",
        "timestamp": "2026-09-22T12:57:47.211279",
        "valid_from": "2026-09-22T12:57:47.211279",
        "valid_until": "2026-09-22T18:57:47.211279",
        "location_name": "Sikkim (Gangtok)",
        "risk_zone": "high",
        "event_type_detail": null,
        "severity": null,
        "description": "Normal geological conditions"
      },
      "geometry": {
        "type": "Point",
        "coordinates": [
          88.6065,
          27.3389
        ]
      }
    },
    {
      "type": "Feature",
      "properties": {
        "source": "GSI",
        "source_record_id": "GSI_Assam_(Guwahati)_20260922_125747",
        "event_type": "geological",
        "timestamp": "2026-09-22T12:57:47.211279",
        "valid_from": "2026-09-22T12:57:47.211279",
        "valid_until": "2026-09-22T18:57:47.211279",
        "location_name": "Assam (Guwahati)",
        "risk_zone": "medium",
        "event_type_detail": null,
        "severity": null,
        "description": "Normal geological conditions"
      },
      "geometry": {
        "type": "Point",
        "coordinates": [
          91.7362,
          26.1445
        ]
      }
    },
    {
      "type": "Feature",
      "properties": {
        "source": "GSI",
        "source_record_id": "GSI_Darjeeling_West_Bengal_20260922_135747",
        "event_type": "geological",
        "timestamp": "2026-09-22T13:57:47.211279",
        "valid_from": "2026-09-22T13:57:47.211279",
        "valid_until": "2026-09-22T19:57:47.211279",
        "location_name": "Darjeeling, West Bengal",
        "risk_zone": "high",
        "event_type_detail": null,
        "severity": null,
        "description": "Normal geological conditions"
      },
      "geometry": {
        "type": "Point",
        "coordinates": [
          88.2627,
          27.036
        ]
      }
    },
    {
      "type": "Feature",
      "properties": {
        "source": "GSI",
        "source_record_id": "GSI_Uttarakhand_(Rudraprayag)_20260922_135747",
        "event_type": "geological",
        "timestamp": "2026-09-22T13:57:47.211279",
        "valid_from": "2026-09-22T13:57:47.211279",
        "valid_until": "2026-09-22T19:57:47.211279",
        "location_name": "Uttarakhand (Rudraprayag)",
        "risk_zone": "high",
        "event_type_detail": null,
        "severity": null,
        "description": "Normal geological conditions"
      },
      "geometry": {
        "type": "Point",
        "coordinates": [
          88.9776,
          30.2865
        ]
      }
    },
    {
      "type": "Feature",
      "properties": {
        "source": "GSI",
        "source_record_id": "GSI_Himachal_Pradesh_(Mandi)_20260922_135747",
        "event_type": "geological",
        "timestamp": "2026-09-22T13:57:47.211279",
        "valid_from": "2026-09-22T13:57:47.211279",
        "valid_until": "2026-09-22T19:57:47.211279",
        "location_name": "Himachal Pradesh (Mandi)",
        "risk_zone": "medium",
        "event_type_detail": null,
        "severity": null,
        "description": "Normal geological conditions"
      },
      "geometry": {
        "type": "Point",
        "coordinates": [
          76.9366,
          31.7084
        ]
      }
    },
    {
      "type": "Feature",
      "properties": {
        "source": "GSI",
        "source_record_id": "GSI_Sikkim_(Gangtok)_20260922_135747",
        "event_type": "geological",
        "timestamp": "2026-09-22T13:57:47.211279",
        "valid_from": "2026-09-22T13:57:47.211279",
        "valid_until": "2026-09-22T19:57:47.211279",
        "location_name": "Sikkim (Gangtok)",
        "risk_zone": "high",
        "event_type_detail": null,
        "severity": null,
        "description": "Normal geological conditions"
      },
      "geometry": {
        "type": "Point",
        "coordinates": [
          88.6065,
          27.3389
        ]
      }
    },
    {
      "type": "Feature",
      "properties": {
        "source": "GSI",
        "source_record_id": "GSI_Assam_(Guwahati)_20260922_135747",
        "event_type": "geological",
        "timestamp": "2026-09-22T13:57:47.211279",
        "valid_from": "2026-09-22T13:57:47.211279",
        "valid_until": "2026-09-22T19:57:47.211279",
        "location_name": "Assam (Guwahati)",
        "risk_zone": "medium",
        "event_type_detail": null,
        "severity": null,
        "description": "Normal geological conditions"
      },
      "geometry": {
        "type": "Point",
        "coordinates": [
          91.7362,
          26.1445
        ]
      }
    },
    {
      "type": "Feature",
      "properties": {
        "source": "GSI",
        "source_record_id": "GSI_Darjeeling_West_Bengal_20260922_145747",
        "event_type": "geological",
        "timestamp": "2026-09-22T14:57:47.211279",
        "valid_from": "2026-09-22T14:57:47.211279",
        "valid_until": "2026-09-22T20:57:47.211279",
        "location_name": "Darjeeling, West Bengal",
        "risk_zone": "high",
        "event_type_detail": null,
        "severity": null,
        "description": "Normal geological conditions"
      },
      "geometry": {
        "type": "Point",
        "coordinates": [
          88.2627,
          27.036
        ]
      }
    },
    {
      "type": "Feature",
      "properties": {
        "source": "GSI",
        "source_record_id": "GSI_Uttarakhand_(Rudraprayag)_20260922_145747",
        "event_type": "geological",
        "timestamp": "2026-09-22T14:57:47.211279",
        "valid_from": "2026-09-22T14:57:47.211279",
        "valid_until": "2026-09-22T20:57:47.211279",
        "location_name": "Uttarakhand (Rudraprayag)",
        "risk_zone": "high",
        "event_type_detail": null,
        "severity": null,
        "description": "Normal geological conditions"
      },
      "geometry": {
        "type": "Point",
        "coordinates": [
          88.9776,
          30.2865
        ]
      }
    },
    {
      "type": "Feature",
      "properties": {
        "source": "GSI",
        "source_record_id": "GSI_Himachal_Pradesh_(Mandi)_20260922_145747",
        "event_type": "geological",
        "timestamp": "2026-09-22T14:57:47.211279",
        "valid_from": "2026-09-22T14:57:47.211279",
        "valid_until": "2026-09-22T20:57:47.211279",
        "location_name": "Himachal Pradesh (Mandi)",
        "risk_zone": "medium",
        "event_type_detail": null,
        "severity": null,
        "description": "Normal geological conditions"
      },
      "geometry": {
        "type": "Point",
        "coordinates": [
          76.9366,
          31.7084
        ]
      }
    },
    {
      "type": "Feature",
      "properties": {
        "source": "GSI",
        "source_record_id": "GSI_Sikkim_(Gangtok)_20260922_145747",
        "event_type": "geological",
        "timestamp": "2026-09-22T14:57:47.211279",
        "valid_from": "2026-09-22T14:57:47.211279",
        "valid_until": "2026-09-22T20:57:47.211279",
        "location_name": "Sikkim (Gangtok)",
        "risk_zone": "high",
        "event_type_detail": null,
        "severity": null,
        "description": "Normal geological conditions"
      },
      "geometry": {
        "type": "Point",
        "coordinates": [
          88.6065,
          27.3389
        ]
      }
    },
    {
      "type": "Feature",
      "properties": {
        "source": "GSI",
        "source_record_id": "GSI_Assam_(Guwahati)_20260922_145747",
        "event_type": "geological",
        "timestamp": "2026-09-22T14:57:47.211279",
        "valid_from": "2026-09-22T14:57:47.211279",
        "valid_until": "2026-09-22T20:57:47.211279",
        "location_name": "Assam (Guwahati)",
        "risk_zone": "medium",
        "event_type_detail": null,
        "severity": null,
        "description": "Normal geological conditions"
      },
      "geometry": {
        "type": "Point",
        "coordinates": [
          91.7362,
          26.1445
        ]
      }
    },
    {
      "type": "Feature",
      "properties": {
        "source": "GSI",
        "source_record_id": "GSI_Darjeeling_West_Bengal_20260922_155747",
        "event_type": "geological",
        "timestamp": "2026-09-22T15:57:47.211279",
        "valid_from": "2026-09-22T15:57:47.211279",
        "valid_until": "2026-09-22T21:57:47.211279",
        "location_name": "Darjeeling, West Bengal",
        "risk_zone": "high",
        "event_type_detail": null,
        "severity": null,
        "description": "Normal geological conditions"
      },
      "geometry": {
        "type": "Point",
        "coordinates": [
          88.2627,
          27.036
        ]
      }
    },
    {
      "type": "Feature",
      "properties": {
        "source": "GSI",
        "source_record_id": "GSI_Uttarakhand_(Rudraprayag)_20260922_155747",
        "event_type": "geological",
        "timestamp": "2026-09-22T15:57:47.211279",
        "valid_from": "2026-09-22T15:57:47.211279",
        "valid_until": "2026-09-22T21:57:47.211279",
        "location_name": "Uttarakhand (Rudraprayag)",
        "risk_zone": "high",
        "event_type_detail": null,
        "severity": null,
        "description": "Normal geological conditions"
      },
      "geometry": {
        "type": "Point",
        "coordinates": [
          88.9776,
          30.2865
        ]
      }
    },
    {
      "type": "Feature",
      "properties": {
        "source": "GSI",
        "source_record_id": "GSI_Himachal_Pradesh_(Mandi)_20260922_155747",
        "event_type": "geological",
        "timestamp": "2026-09-22T15:57:47.211279",
        "valid_from": "2026-09-22T15:57:47.211279",
        "valid_until": "2026-09-22T21:57:47.211279",
        "location_name": "Himachal Pradesh (Mandi)",
        "risk_zone": "medium",
        "event_type_detail": null,
        "severity": null,
        "description": "Normal geological conditions"
      },
      "geometry": {
        "type": "Point",
        "coordinates": [
          76.9366,
          31.7084
        ]
      }
    },
    {
      "type": "Feature",
      "properties": {
        "source": "GSI",
        "source_record_id": "GSI_Sikkim_(Gangtok)_20260922_155747",
        "event_type": "geological",
        "timestamp": "2026-09-22T15:57:47.211279",
        "valid_from": "2026-09-22T15:57:47.211279",
        "valid_until": "2026-09-22T21:57:47.211279",
        "location_name": "Sikkim (Gangtok)",
        "risk_zone": "high",
        "event_type_detail": null,
        "severity": null,
        "description": "Normal geological conditions"
      },
      "geometry": {
        "type": "Point",
        "coordinates": [
          88.6065,
          27.3389
        ]
      }
    },
    {
      "type": "Feature",
      "properties": {
        "source": "GSI",
        "source_record_id": "GSI_Assam_(Guwahati)_20260922_155747",
        "event_type": "geological",
        "timestamp": "2026-09-22T15:57:47.211279",
        "valid_from": "2026-09-22T15:57:47.211279",
        "valid_until": "2026-09-22T21:57:47.211279",
        "location_name": "Assam (Guwahati)",
        "risk_zone": "medium",
        "event_type_detail": null,
        "severity": null,
        "description": "Normal geological conditions"
      },
      "geometry": {
        "type": "Point",
        "coordinates": [
          91.7362,
          26.1445
        ]
      }
    },
    {
      "type": "Feature",
      "properties": {
        "source": "GSI",
        "source_record_id": "GSI_Darjeeling_West_Bengal_20260922_165747",
        "event_type": "geological",
        "timestamp": "2026-09-22T16:57:47.211279",
        "valid_from": "2026-09-22T16:57:47.211279",
        "valid_until": "2026-09-22T22:57:47.211279",
        "location_name": "Darjeeling, West Bengal",
        "risk_zone": "high",
        "event_type_detail": null,
        "severity": null,
        "description": "Normal geological conditions"
      },
      "geometry": {
        "type": "Point",
        "coordinates": [
          88.2627,
          27.036
        ]
      }
    },
    {
      "type": "Feature",
      "properties": {
        "source": "GSI",
        "source_record_id": "GSI_Uttarakhand_(Rudraprayag)_20260922_165747",
        "event_type": "geological",
        "timestamp": "2026-09-22T16:57:47.211279",
        "valid_from": "2026-09-22T16:57:47.211279",
        "valid_until": "2026-09-22T22:57:47.211279",
        "location_name": "Uttarakhand (Rudraprayag)",
        "risk_zone": "high",
        "event_type_detail": null,
        "severity": null,
        "description": "Normal geological conditions"
      },
      "geometry": {
        "type": "Point",
        "coordinates": [
          88.9776,
          30.2865
        ]
      }
    },
    {
      "type": "Feature",
      "properties": {
        "source": "GSI",
        "source_record_id": "GSI_Himachal_Pradesh_(Mandi)_20260922_165747",
        "event_type": "geological",
        "timestamp": "2026-09-22T16:57:47.211279",
        "valid_from": "2026-09-22T16:57:47.211279",
        "valid_until": "2026-09-22T22:57:47.211279",
        "location_name": "Himachal Pradesh (Mandi)",
        "risk_zone": "medium",
        "event_type_detail": null,
        "severity": null,
        "description": "Normal geological conditions"
      },
      "geometry": {
        "type": "Point",
        "coordinates": [
          76.9366,
          31.7084
        ]
      }
    },
    {
      "type": "Feature",
      "properties": {
        "source": "GSI",
        "source_record_id": "GSI_Sikkim_(Gangtok)_20260922_165747",
        "event_type": "geological",
        "timestamp": "2026-09-22T16:57:47.211279",
        "valid_from": "2026-09-22T16:57:47.211279",
        "valid_until": "2026-09-22T22:57:47.211279",
        "location_name": "Sikkim (Gangtok)",
        "risk_zone": "high",
        "event_type_detail": null,
        "severity": null,
        "description": "Normal geological conditions"
      },
      "geometry": {
        "type": "Point",
        "coordinates": [
          88.6065,
          27.3389
        ]
      }
    },
    {
      "type": "Feature",
      "properties": {
        "source": "GSI",
        "source_record_id": "GSI_Assam_(Guwahati)_20260922_165747",
        "event_type": "geological",
        "timestamp": "2026-09-22T16:57:47.211279",
        "valid_from": "2026-09-22T16:57:47.211279",
        "valid_until": "2026-09-22T22:57:47.211279",
        "location_name": "Assam (Guwahati)",
        "risk_zone": "medium",
        "event_type_detail": null,
        "severity": null,
        "description": "Normal geological conditions"
      },
      "geometry": {
        "type": "Point",
        "coordinates": [
          91.7362,
          26.1445
        ]
      }
    },
    {
      "type": "Feature",
      "properties": {
        "source": "GSI",
        "source_record_id": "GSI_Darjeeling_West_Bengal_20260922_175747",
        "event_type": "geological",
        "timestamp": "2026-09-22T17:57:47.211279",
        "valid_from": "2026-09-22T17:57:47.211279",
        "valid_until": "2026-09-22T23:57:47.211279",
        "location_name": "Darjeeling, West Bengal",
        "risk_zone": "high",
        "event_type_detail": null,
        "severity": null,
        "description": "Normal geological conditions"
      },
      "geometry": {
        "type": "Point",
        "coordinates": [
          88.2627,
          27.036
        ]
      }
    },
    {
      "type": "Feature",
      "properties": {
        "source": "GSI",
        "source_record_id": "GSI_Uttarakhand_(Rudraprayag)_20260922_175747",
        "event_type": "geological",
        "timestamp": "2026-09-22T17:57:47.211279",
        "valid_from": "2026-09-22T17:57:47.211279",
        "valid_until": "2026-09-22T23:57:47.211279",
        "location_name": "Uttarakhand (Rudraprayag)",
        "risk_zone": "high",
        "event_type_detail": null,
        "severity": null,
        "description": "Normal geological conditions"
      },
      "geometry": {
        "type": "Point",
        "coordinates": [
          88.9776,
          30.2865
        ]
      }
    },
    {
      "type": "Feature",
      "properties": {
        "source": "GSI",
        "source_record_id": "GSI_Himachal_Pradesh_(Mandi)_20260922_175747",
        "event_type": "geological",
        "timestamp": "2026-09-22T17:57:47.211279",
        "valid_from": "2026-09-22T17:57:47.211279",
        "valid_until": "2026-09-22T23:57:47.211279",
        "location_name": "Himachal Pradesh (Mandi)",
        "risk_zone": "medium",
        "event_type_detail": null,
        "severity": null,
        "description": "Normal geological conditions"
      },
      "geometry": {
        "type": "Point",
        "coordinates": [
          76.9366,
          31.7084
        ]
      }
    },
    {
      "type": "Feature",
      "properties": {
        "source": "GSI",
        "source_record_id": "GSI_Sikkim_(Gangtok)_20260922_175747",
        "event_type": "geological",
        "timestamp": "2026-09-22T17:57:47.211279",
        "valid_from": "2026-09-22T17:57:47.211279",
        "valid_until": "2026-09-22T23:57:47.211279",
        "location_name": "Sikkim (Gangtok)",
        "risk_zone": "high",
        "event_type_detail": "soil_erosion",
        "severity": "medium",
        "description": "Soil_Erosion in Sikkim (Gangtok)"
      },
      "geometry": {
        "type": "Point",
        "coordinates": [
          88.6065,
          27.3389
        ]
      }
    },
    {
      "type": "Feature",
      "properties": {
        "source": "GSI",
        "source_record_id": "GSI_Assam_(Guwahati)_20260922_175747",
        "event_type": "geological",
        "timestamp": "2026-09-22T17:57:47.211279",
        "valid_from": "2026-09-22T17:57:47.211279",
        "valid_until": "2026-09-22T23:57:47.211279",
        "location_name": "Assam (Guwahati)",
        "risk_zone": "medium",
        "event_type_detail": null,
        "severity": null,
        "description": "Normal geological conditions"
      },
      "geometry": {
        "type": "Point",
        "coordinates": [
          91.7362,
          26.1445
        ]
      }
    },
    {
      "type": "Feature",
      "properties": {
        "source": "GSI",
        "source_record_id": "GSI_Darjeeling_West_Bengal_20260922_185747",
        "event_type": "geological",
        "timestamp": "2026-09-22T18:57:47.211279",
        "valid_from": "2026-09-22T18:57:47.211279",
        "valid_until": "2026-09-23T00:57:47.211279",
        "location_name": "Darjeeling, West Bengal",
        "risk_zone": "high",
        "event_type_detail": null,
        "severity": null,
        "description": "Normal geological conditions"
      },
      "geometry": {
        "type": "Point",
        "coordinates": [
          88.2627,
          27.036
        ]
      }
    },
    {
      "type": "Feature",
      "properties": {
        "source": "GSI",
        "source_record_id": "GSI_Uttarakhand_(Rudraprayag)_20260922_185747",
        "event_type": "geological",
        "timestamp": "2026-09-22T18:57:47.211279",
        "valid_from": "2026-09-22T18:57:47.211279",
        "valid_until": "2026-09-23T00:57:47.211279",
        "location_name": "Uttarakhand (Rudraprayag)",
        "risk_zone": "high",
        "event_type_detail": null,
        "severity": null,
        "description": "Normal geological conditions"
      },
      "geometry": {
        "type": "Point",
        "coordinates": [
          88.9776,
          30.2865
        ]
      }
    },
    {
      "type": "Feature",
      "properties": {
        "source": "GSI",
        "source_record_id": "GSI_Himachal_Pradesh_(Mandi)_20260922_185747",
        "event_type": "geological",
        "timestamp": "2026-09-22T18:57:47.211279",
        "valid_from": "2026-09-22T18:57:47.211279",
        "valid_until": "2026-09-23T00:57:47.211279",
        "location_name": "Himachal Pradesh (Mandi)",
        "risk_zone": "medium",
        "event_type_detail": null,
        "severity": null,
        "description": "Normal geological conditions"
      },
      "geometry": {
        "type": "Point",
        "coordinates": [
          76.9366,
          31.7084
        ]
      }
    },
    {
      "type": "Feature",
      "properties": {
        "source": "GSI",
        "source_record_id": "GSI_Sikkim_(Gangtok)_20260922_185747",
        "event_type": "geological",
        "timestamp": "2026-09-22T18:57:47.211279",
        "valid_from": "2026-09-22T18:57:47.211279",
        "valid_until": "2026-09-23T00:57:47.211279",
        "location_name": "Sikkim (Gangtok)",
        "risk_zone": "high",
        "event_type_detail": null,
        "severity": null,
        "description": "Normal geological conditions"
      },
      "geometry": {
        "type": "Point",
        "coordinates": [
          88.6065,
          27.3389
        ]
      }
    },
    {
      "type": "Feature",
      "properties": {
        "source": "GSI",
        "source_record_id": "GSI_Assam_(Guwahati)_20260922_185747",
        "event_type": "geological",
        "timestamp": "2026-09-22T18:57:47.211279",
        "valid_from": "2026-09-22T18:57:47.211279",
        "valid_until": "2026-09-23T00:57:47.211279",
        "location_name": "Assam (Guwahati)",
        "risk_zone": "medium",
        "event_type_detail": null,
        "severity": null,
        "description": "Normal geological conditions"
      },
      "geometry": {
        "type": "Point",
        "coordinates": [
          91.7362,
          26.1445
        ]
      }
    },
    {
      "type": "Feature",
      "properties": {
        "source": "GSI",
        "source_record_id": "GSI_Darjeeling_West_Bengal_20260922_195747",
        "event_type": "geological",
        "timestamp": "2026-09-22T19:57:47.211279",
        "valid_from": "2026-09-22T19:57:47.211279",
        "valid_until": "2026-09-23T01:57:47.211279",
        "location_name": "Darjeeling, West Bengal",
        "risk_zone": "high",
        "event_type_detail": null,
        "severity": null,
        "description": "Normal geological conditions"
      },
      "geometry": {
        "type": "Point",
        "coordinates": [
          88.2627,
          27.036
        ]
      }
    },
    {
      "type": "Feature",
      "properties": {
        "source": "GSI",
        "source_record_id": "GSI_Uttarakhand_(Rudraprayag)_20260922_195747",
        "event_type": "geological",
        "timestamp": "2026-09-22T19:57:47.211279",
        "valid_from": "2026-09-22T19:57:47.211279",
        "valid_until": "2026-09-23T01:57:47.211279",
        "location_name": "Uttarakhand (Rudraprayag)",
        "risk_zone": "high",
        "event_type_detail": "landslide",
        "severity": "low",
        "description": "Landslide in Uttarakhand (Rudraprayag)"
      },
      "geometry": {
        "type": "Point",
        "coordinates": [
          88.9776,
          30.2865
        ]
      }
    },
    {
      "type": "Feature",
      "properties": {
        "source": "GSI",
        "source_record_id": "GSI_Himachal_Pradesh_(Mandi)_20260922_195747",
        "event_type": "geological",
        "timestamp": "2026-09-22T19:57:47.211279",
        "valid_from": "2026-09-22T19:57:47.211279",
        "valid_until": "2026-09-23T01:57:47.211279",
        "location_name": "Himachal Pradesh (Mandi)",
        "risk_zone": "medium",
        "event_type_detail": null,
        "severity": null,
        "description": "Normal geological conditions"
      },
      "geometry": {
        "type": "Point",
        "coordinates": [
          76.9366,
          31.7084
        ]
      }
    },
    {
      "type": "Feature",
      "properties": {
        "source": "GSI",
        "source_record_id": "GSI_Sikkim_(Gangtok)_20260922_195747",
        "event_type": "geological",
        "timestamp": "2026-09-22T19:57:47.211279",
        "valid_from": "2026-09-22T19:57:47.211279",
        "valid_until": "2026-09-23T01:57:47.211279",
        "location_name": "Sikkim (Gangtok)",
        "risk_zone": "high",
        "event_type_detail": "landslide",
        "severity": "medium",
        "description": "Landslide in Sikkim (Gangtok)"
      },
      "geometry": {
        "type": "Point",
        "coordinates": [
          88.6065,
          27.3389
        ]
      }
    },
    {
      "type": "Feature",
      "properties": {
        "source": "GSI",
        "source_record_id": "GSI_Assam_(Guwahati)_20260922_195747",
        "event_type": "geological",
        "timestamp": "2026-09-22T19:57:47.211279",
        "valid_from": "2026-09-22T19:57:47.211279",
        "valid_until": "2026-09-23T01:57:47.211279",
        "location_name": "Assam (Guwahati)",
        "risk_zone": "medium",
        "event_type_detail": null,
        "severity": null,
        "description": "Normal geological conditions"
      },
      "geometry": {
        "type": "Point",
        "coordinates": [
          91.7362,
          26.1445
        ]
      }
    },
    {
      "type": "Feature",
      "properties": {
        "source": "GSI",
        "source_record_id": "GSI_Darjeeling_West_Bengal_20260922_205747",
        "event_type": "geological",
        "timestamp": "2026-09-22T20:57:47.211279",
        "valid_from": "2026-09-22T20:57:47.211279",
        "valid_until": "2026-09-23T02:57:47.211279",
        "location_name": "Darjeeling, West Bengal",
        "risk_zone": "high",
        "event_type_detail": null,
        "severity": null,
        "description": "Normal geological conditions"
      },
      "geometry": {
        "type": "Point",
        "coordinates": [
          88.2627,
          27.036
        ]
      }
    },
    {
      "type": "Feature",
      "properties": {
        "source": "GSI",
        "source_record_id": "GSI_Uttarakhand_(Rudraprayag)_20260922_205747",
        "event_type": "geological",
        "timestamp": "2026-09-22T20:57:47.211279",
        "valid_from": "2026-09-22T20:57:47.211279",
        "valid_until": "2026-09-23T02:57:47.211279",
        "location_name": "Uttarakhand (Rudraprayag)",
        "risk_zone": "high",
        "event_type_detail": null,
        "severity": null,
        "description": "Normal geological conditions"
      },
      "geometry": {
        "type": "Point",
        "coordinates": [
          88.9776,
          30.2865
        ]
      }
    },
    {
      "type": "Feature",
      "properties": {
        "source": "GSI",
        "source_record_id": "GSI_Himachal_Pradesh_(Mandi)_20260922_205747",
        "event_type": "geological",
        "timestamp": "2026-09-22T20:57:47.211279",
        "valid_from": "2026-09-22T20:57:47.211279",
        "valid_until": "2026-09-23T02:57:47.211279",
        "location_name": "Himachal Pradesh (Mandi)",
        "risk_zone": "medium",
        "event_type_detail": null,
        "severity": null,
        "description": "Normal geological conditions"
      },
      "geometry": {
        "type": "Point",
        "coordinates": [
          76.9366,
          31.7084
        ]
      }
    },
    {
      "type": "Feature",
      "properties": {
        "source": "GSI",
        "source_record_id": "GSI_Sikkim_(Gangtok)_20260922_205747",
        "event_type": "geological",
        "timestamp": "2026-09-22T20:57:47.211279",
        "valid_from": "2026-09-22T20:57:47.211279",
        "valid_until": "2026-09-23T02:57:47.211279",
        "location_name": "Sikkim (Gangtok)",
        "risk_zone": "high",
        "event_type_detail": null,
        "severity": null,
        "description": "Normal geological conditions"
      },
      "geometry": {
        "type": "Point",
        "coordinates": [
          88.6065,
          27.3389
        ]
      }
    },
    {
      "type": "Feature",
      "properties": {
        "source": "GSI",
        "source_record_id": "GSI_Assam_(Guwahati)_20260922_205747",
        "event_type": "geological",
        "timestamp": "2026-09-22T20:57:47.211279",
        "valid_from": "2026-09-22T20:57:47.211279",
        "valid_until": "2026-09-23T02:57:47.211279",
        "location_name": "Assam (Guwahati)",
        "risk_zone": "medium",
        "event_type_detail": null,
        "severity": null,
        "description": "Normal geological conditions"
      },
      "geometry": {
        "type": "Point",
        "coordinates": [
          91.7362,
          26.1445
        ]
      }
    },
    {
      "type": "Feature",
      "properties": {
        "source": "GSI",
        "source_record_id": "GSI_Darjeeling_West_Bengal_20260922_215747",
        "event_type": "geological",
        "timestamp": "2026-09-22T21:57:47.211279",
        "valid_from": "2026-09-22T21:57:47.211279",
        "valid_until": "2026-09-23T03:57:47.211279",
        "location_name": "Darjeeling, West Bengal",
        "risk_zone": "high",
        "event_type_detail": null,
        "severity": null,
        "description": "Normal geological conditions"
      },
      "geometry": {
        "type": "Point",
        "coordinates": [
          88.2627,
          27.036
        ]
      }
    },
    {
      "type": "Feature",
      "properties": {
        "source": "GSI",
        "source_record_id": "GSI_Uttarakhand_(Rudraprayag)_20260922_215747",
        "event_type": "geological",
        "timestamp": "2026-09-22T21:57:47.211279",
        "valid_from": "2026-09-22T21:57:47.211279",
        "valid_until": "2026-09-23T03:57:47.211279",
        "location_name": "Uttarakhand (Rudraprayag)",
        "risk_zone": "high",
        "event_type_detail": null,
        "severity": null,
        "description": "Normal geological conditions"
      },
      "geometry": {
        "type": "Point",
        "coordinates": [
          88.9776,
          30.2865
        ]
      }
    },
    {
      "type": "Feature",
      "properties": {
        "source": "GSI",
        "source_record_id": "GSI_Himachal_Pradesh_(Mandi)_20260922_215747",
        "event_type": "geological",
        "timestamp": "2026-09-22T21:57:47.211279",
        "valid_from": "2026-09-22T21:57:47.211279",
        "valid_until": "2026-09-23T03:57:47.211279",
        "location_name": "Himachal Pradesh (Mandi)",
        "risk_zone": "medium",
        "event_type_detail": null,
        "severity": null,
        "description": "Normal geological conditions"
      },
      "geometry": {
        "type": "Point",
        "coordinates": [
          76.9366,
          31.7084
        ]
      }
    },
    {
      "type": "Feature",
      "properties": {
        "source": "GSI",
        "source_record_id": "GSI_Sikkim_(Gangtok)_20260922_215747",
        "event_type": "geological",
        "timestamp": "2026-09-22T21:57:47.211279",
        "valid_from": "2026-09-22T21:57:47.211279",
        "valid_until": "2026-09-23T03:57:47.211279",
        "location_name": "Sikkim (Gangtok)",
        "risk_zone": "high",
        "event_type_detail": null,
        "severity": null,
        "description": "Normal geological conditions"
      },
      "geometry": {
        "type": "Point",
        "coordinates": [
          88.6065,
          27.3389
        ]
      }
    },
    {
      "type": "Feature",
      "properties": {
        "source": "GSI",
        "source_record_id": "GSI_Assam_(Guwahati)_20260922_215747",
        "event_type": "geological",
        "timestamp": "2026-09-22T21:57:47.211279",
        "valid_from": "2026-09-22T21:57:47.211279",
        "valid_until": "2026-09-23T03:57:47.211279",
        "location_name": "Assam (Guwahati)",
        "risk_zone": "medium",
        "event_type_detail": null,
        "severity": null,
        "description": "Normal geological conditions"
      },
      "geometry": {
        "type": "Point",
        "coordinates": [
          91.7362,
          26.1445
        ]
      }
    },
    {
      "type": "Feature",
      "properties": {
        "source": "GSI",
        "source_record_id": "GSI_Darjeeling_West_Bengal_20260922_225747",
        "event_type": "geological",
        "timestamp": "2026-09-22T22:57:47.211279",
        "valid_from": "2026-09-22T22:57:47.211279",
        "valid_until": "2026-09-23T04:57:47.211279",
        "location_name": "Darjeeling, West Bengal",
        "risk_zone": "high",
        "event_type_detail": null,
        "severity": null,
        "description": "Normal geological conditions"
      },
      "geometry": {
        "type": "Point",
        "coordinates": [
          88.2627,
          27.036
        ]
      }
    },
    {
      "type": "Feature",
      "properties": {
        "source": "GSI",
        "source_record_id": "GSI_Uttarakhand_(Rudraprayag)_20260922_225747",
        "event_type": "geological",
        "timestamp": "2026-09-22T22:57:47.211279",
        "valid_from": "2026-09-22T22:57:47.211279",
        "valid_until": "2026-09-23T04:57:47.211279",
        "location_name": "Uttarakhand (Rudraprayag)",
        "risk_zone": "high",
        "event_type_detail": null,
        "severity": null,
        "description": "Normal geological conditions"
      },
      "geometry": {
        "type": "Point",
        "coordinates": [
          88.9776,
          30.2865
        ]
      }
    },
    {
      "type": "Feature",
      "properties": {
        "source": "GSI",
        "source_record_id": "GSI_Himachal_Pradesh_(Mandi)_20260922_225747",
        "event_type": "geological",
        "timestamp": "2026-09-22T22:57:47.211279",
        "valid_from": "2026-09-22T22:57:47.211279",
        "valid_until": "2026-09-23T04:57:47.211279",
        "location_name": "Himachal Pradesh (Mandi)",
        "risk_zone": "medium",
        "event_type_detail": null,
        "severity": null,
        "description": "Normal geological conditions"
      },
      "geometry": {
        "type": "Point",
        "coordinates": [
          76.9366,
          31.7084
        ]
      }
    },
    {
      "type": "Feature",
      "properties": {
        "source": "GSI",
        "source_record_id": "GSI_Sikkim_(Gangtok)_20260922_225747",
        "event_type": "geological",
        "timestamp": "2026-09-22T22:57:47.211279",
        "valid_from": "2026-09-22T22:57:47.211279",
        "valid_until": "2026-09-23T04:57:47.211279",
        "location_name": "Sikkim (Gangtok)",
        "risk_zone": "high",
        "event_type_detail": null,
        "severity": null,
        "description": "Normal geological conditions"
      },
      "geometry": {
        "type": "Point",
        "coordinates": [
          88.6065,
          27.3389
        ]
      }
    },
    {
      "type": "Feature",
      "properties": {
        "source": "GSI",
        "source_record_id": "GSI_Assam_(Guwahati)_20260922_225747",
        "event_type": "geological",
        "timestamp": "2026-09-22T22:57:47.211279",
        "valid_from": "2026-09-22T22:57:47.211279",
        "valid_until": "2026-09-23T04:57:47.211279",
        "location_name": "Assam (Guwahati)",
        "risk_zone": "medium",
        "event_type_detail": null,
        "severity": null,
        "description": "Normal geological conditions"
      },
      "geometry": {
        "type": "Point",
        "coordinates": [
          91.7362,
          26.1445
        ]
      }
    },
    {
      "type": "Feature",
      "properties": {
        "source": "GSI",
        "source_record_id": "GSI_Darjeeling_West_Bengal_20260922_235747",
        "event_type": "geological",
        "timestamp": "2026-09-22T23:57:47.211279",
        "valid_from": "2026-09-22T23:57:47.211279",
        "valid_until": "2026-09-23T05:57:47.211279",
        "location_name": "Darjeeling, West Bengal",
        "risk_zone": "high",
        "event_type_detail": null,
        "severity": null,
        "description": "Normal geological conditions"
      },
      "geometry": {
        "type": "Point",
        "coordinates": [
          88.2627,
          27.036
        ]
      }
    },
    {
      "type": "Feature",
      "properties": {
        "source": "GSI",
        "source_record_id": "GSI_Uttarakhand_(Rudraprayag)_20260922_235747",
        "event_type": "geological",
        "timestamp": "2026-09-22T23:57:47.211279",
        "valid_from": "2026-09-22T23:57:47.211279",
        "valid_until": "2026-09-23T05:57:47.211279",
        "location_name": "Uttarakhand (Rudraprayag)",
        "risk_zone": "high",
        "event_type_detail": null,
        "severity": null,
        "description": "Normal geological conditions"
      },
      "geometry": {
        "type": "Point",
        "coordinates": [
          88.9776,
          30.2865
        ]
      }
    },
    {
      "type": "Feature",
      "properties": {
        "source": "GSI",
        "source_record_id": "GSI_Himachal_Pradesh_(Mandi)_20260922_235747",
        "event_type": "geological",
        "timestamp": "2026-09-22T23:57:47.211279",
        "valid_from": "2026-09-22T23:57:47.211279",
        "valid_until": "2026-09-23T05:57:47.211279",
        "location_name": "Himachal Pradesh (Mandi)",
        "risk_zone": "medium",
        "event_type_detail": null,
        "severity": null,
        "description": "Normal geological conditions"
      },
      "geometry": {
        "type": "Point",
        "coordinates": [
          76.9366,
          31.7084
        ]
      }
    },
    {
      "type": "Feature",
      "properties": {
        "source": "GSI",
        "source_record_id": "GSI_Sikkim_(Gangtok)_20260922_235747",
        "event_type": "geological",
        "timestamp": "2026-09-22T23:57:47.211279",
        "valid_from": "2026-09-22T23:57:47.211279",
        "valid_until": "2026-09-23T05:57:47.211279",
        "location_name": "Sikkim (Gangtok)",
        "risk_zone": "high",
        "event_type_detail": null,
        "severity": null,
        "description": "Normal geological conditions"
      },
      "geometry": {
        "type": "Point",
        "coordinates": [
          88.6065,
          27.3389
        ]
      }
    },
    {
      "type": "Feature",
      "properties": {
        "source": "GSI",
        "source_record_id": "GSI_Assam_(Guwahati)_20260922_235747",
        "event_type": "geological",
        "timestamp": "2026-09-22T23:57:47.211279",
        "valid_from": "2026-09-22T23:57:47.211279",
        "valid_until": "2026-09-23T05:57:47.211279",
        "location_name": "Assam (Guwahati)",
        "risk_zone": "medium",
        "event_type_detail": null,
        "severity": null,
        "description": "Normal geological conditions"
      },
      "geometry": {
        "type": "Point",
        "coordinates": [
          91.7362,
          26.1445
        ]
      }
    },
    {
      "type": "Feature",
      "properties": {
        "source": "GSI",
        "source_record_id": "GSI_Darjeeling_West_Bengal_20260923_005747",
        "event_type": "geological",
        "timestamp": "2026-09-23T00:57:47.211279",
        "valid_from": "2026-09-23T00:57:47.211279",
        "valid_until": "2026-09-23T06:57:47.211279",
        "location_name": "Darjeeling, West Bengal",
        "risk_zone": "high",
        "event_type_detail": null,
        "severity": null,
        "description": "Normal geological conditions"
      },
      "geometry": {
        "type": "Point",
        "coordinates": [
          88.2627,
          27.036
        ]
      }
    },
    {
      "type": "Feature",
      "properties": {
        "source": "GSI",
        "source_record_id": "GSI_Uttarakhand_(Rudraprayag)_20260923_005747",
        "event_type": "geological",
        "timestamp": "2026-09-23T00:57:47.211279",
        "valid_from": "2026-09-23T00:57:47.211279",
        "valid_until": "2026-09-23T06:57:47.211279",
        "location_name": "Uttarakhand (Rudraprayag)",
        "risk_zone": "high",
        "event_type_detail": null,
        "severity": null,
        "description": "Normal geological conditions"
      },
      "geometry": {
        "type": "Point",
        "coordinates": [
          88.9776,
          30.2865
        ]
      }
    },
    {
      "type": "Feature",
      "properties": {
        "source": "GSI",
        "source_record_id": "GSI_Himachal_Pradesh_(Mandi)_20260923_005747",
        "event_type": "geological",
        "timestamp": "2026-09-23T00:57:47.211279",
        "valid_from": "2026-09-23T00:57:47.211279",
        "valid_until": "2026-09-23T06:57:47.211279",
        "location_name": "Himachal Pradesh (Mandi)",
        "risk_zone": "medium",
        "event_type_detail": null,
        "severity": null,
        "description": "Normal geological conditions"
      },
      "geometry": {
        "type": "Point",
        "coordinates": [
          76.9366,
          31.7084
        ]
      }
    },
    {
      "type": "Feature",
      "properties": {
        "source": "GSI",
        "source_record_id": "GSI_Sikkim_(Gangtok)_20260923_005747",
        "event_type": "geological",
        "timestamp": "2026-09-23T00:57:47.211279",
        "valid_from": "2026-09-23T00:57:47.211279",
        "valid_until": "2026-09-23T06:57:47.211279",
        "location_name": "Sikkim (Gangtok)",
        "risk_zone": "high",
        "event_type_detail": null,
        "severity": null,
        "description": "Normal geological conditions"
      },
      "geometry": {
        "type": "Point",
        "coordinates": [
          88.6065,
          27.3389
        ]
      }
    },
    {
      "type": "Feature",
      "properties": {
        "source": "GSI",
        "source_record_id": "GSI_Assam_(Guwahati)_20260923_005747",
        "event_type": "geological",
        "timestamp": "2026-09-23T00:57:47.211279",
        "valid_from": "2026-09-23T00:57:47.211279",
        "valid_until": "2026-09-23T06:57:47.211279",
        "location_name": "Assam (Guwahati)",
        "risk_zone": "medium",
        "event_type_detail": null,
        "severity": null,
        "description": "Normal geological conditions"
      },
      "geometry": {
        "type": "Point",
        "coordinates": [
          91.7362,
          26.1445
        ]
      }
    },
    {
      "type": "Feature",
      "properties": {
        "source": "GSI",
        "source_record_id": "GSI_Darjeeling_West_Bengal_20260923_015747",
        "event_type": "geological",
        "timestamp": "2026-09-23T01:57:47.211279",
        "valid_from": "2026-09-23T01:57:47.211279",
        "valid_until": "2026-09-23T07:57:47.211279",
        "location_name": "Darjeeling, West Bengal",
        "risk_zone": "high",
        "event_type_detail": null,
        "severity": null,
        "description": "Normal geological conditions"
      },
      "geometry": {
        "type": "Point",
        "coordinates": [
          88.2627,
          27.036
        ]
      }
    },
    {
      "type": "Feature",
      "properties": {
        "source": "GSI",
        "source_record_id": "GSI_Uttarakhand_(Rudraprayag)_20260923_015747",
        "event_type": "geological",
        "timestamp": "2026-09-23T01:57:47.211279",
        "valid_from": "2026-09-23T01:57:47.211279",
        "valid_until": "2026-09-23T07:57:47.211279",
        "location_name": "Uttarakhand (Rudraprayag)",
        "risk_zone": "high",
        "event_type_detail": null,
        "severity": null,
        "description": "Normal geological conditions"
      },
      "geometry": {
        "type": "Point",
        "coordinates": [
          88.9776,
          30.2865
        ]
      }
    },
    {
      "type": "Feature",
      "properties": {
        "source": "GSI",
        "source_record_id": "GSI_Himachal_Pradesh_(Mandi)_20260923_015747",
        "event_type": "geological",
        "timestamp": "2026-09-23T01:57:47.211279",
        "valid_from": "2026-09-23T01:57:47.211279",
        "valid_until": "2026-09-23T07:57:47.211279",
        "location_name": "Himachal Pradesh (Mandi)",
        "risk_zone": "medium",
        "event_type_detail": null,
        "severity": null,
        "description": "Normal geological conditions"
      },
      "geometry": {
        "type": "Point",
        "coordinates": [
          76.9366,
          31.7084
        ]
      }
    },
    {
      "type": "Feature",
      "properties": {
        "source": "GSI",
        "source_record_id": "GSI_Sikkim_(Gangtok)_20260923_015747",
        "event_type": "geological",
        "timestamp": "2026-09-23T01:57:47.211279",
        "valid_from": "2026-09-23T01:57:47.211279",
        "valid_until": "2026-09-23T07:57:47.211279",
        "location_name": "Sikkim (Gangtok)",
        "risk_zone": "high",
        "event_type_detail": null,
        "severity": null,
        "description": "Normal geological conditions"
      },
      "geometry": {
        "type": "Point",
        "coordinates": [
          88.6065,
          27.3389
        ]
      }
    },
    {
      "type": "Feature",
      "properties": {
        "source": "GSI",
        "source_record_id": "GSI_Assam_(Guwahati)_20260923_015747",
        "event_type": "geological",
        "timestamp": "2026-09-23T01:57:47.211279",
        "valid_from": "2026-09-23T01:57:47.211279",
        "valid_until": "2026-09-23T07:57:47.211279",
        "location_name": "Assam (Guwahati)",
        "risk_zone": "medium",
        "event_type_detail": null,
        "severity": null,
        "description": "Normal geological conditions"
      },
      "geometry": {
        "type": "Point",
        "coordinates": [
          91.7362,
          26.1445
        ]
      }
    },
    {
      "type": "Feature",
      "properties": {
        "source": "GSI",
        "source_record_id": "GSI_Darjeeling_West_Bengal_20260923_025747",
        "event_type": "geological",
        "timestamp": "2026-09-23T02:57:47.211279",
        "valid_from": "2026-09-23T02:57:47.211279",
        "valid_until": "2026-09-23T08:57:47.211279",
        "location_name": "Darjeeling, West Bengal",
        "risk_zone": "high",
        "event_type_detail": null,
        "severity": null,
        "description": "Normal geological conditions"
      },
      "geometry": {
        "type": "Point",
        "coordinates": [
          88.2627,
          27.036
        ]
      }
    },
    {
      "type": "Feature",
      "properties": {
        "source": "GSI",
        "source_record_id": "GSI_Uttarakhand_(Rudraprayag)_20260923_025747",
        "event_type": "geological",
        "timestamp": "2026-09-23T02:57:47.211279",
        "valid_from": "2026-09-23T02:57:47.211279",
        "valid_until": "2026-09-23T08:57:47.211279",
        "location_name": "Uttarakhand (Rudraprayag)",
        "risk_zone": "high",
        "event_type_detail": null,
        "severity": null,
        "description": "Normal geological conditions"
      },
      "geometry": {
        "type": "Point",
        "coordinates": [
          88.9776,
          30.2865
        ]
      }
    },
    {
      "type": "Feature",
      "properties": {
        "source": "GSI",
        "source_record_id": "GSI_Himachal_Pradesh_(Mandi)_20260923_025747",
        "event_type": "geological",
        "timestamp": "2026-09-23T02:57:47.211279",
        "valid_from": "2026-09-23T02:57:47.211279",
        "valid_until": "2026-09-23T08:57:47.211279",
        "location_name": "Himachal Pradesh (Mandi)",
        "risk_zone": "medium",
        "event_type_detail": null,
        "severity": null,
        "description": "Normal geological conditions"
      },
      "geometry": {
        "type": "Point",
        "coordinates": [
          76.9366,
          31.7084
        ]
      }
    },
    {
      "type": "Feature",
      "properties": {
        "source": "GSI",
        "source_record_id": "GSI_Sikkim_(Gangtok)_20260923_025747",
        "event_type": "geological",
        "timestamp": "2026-09-23T02:57:47.211279",
        "valid_from": "2026-09-23T02:57:47.211279",
        "valid_until": "2026-09-23T08:57:47.211279",
        "location_name": "Sikkim (Gangtok)",
        "risk_zone": "high",
        "event_type_detail": null,
        "severity": null,
        "description": "Normal geological conditions"
      },
      "geometry": {
        "type": "Point",
        "coordinates": [
          88.6065,
          27.3389
        ]
      }
    },
    {
      "type": "Feature",
      "properties": {
        "source": "GSI",
        "source_record_id": "GSI_Assam_(Guwahati)_20260923_025747",
        "event_type": "geological",
        "timestamp": "2026-09-23T02:57:47.211279",
        "valid_from": "2026-09-23T02:57:47.211279",
        "valid_until": "2026-09-23T08:57:47.211279",
        "location_name": "Assam (Guwahati)",
        "risk_zone": "medium",
        "event_type_detail": "soil_erosion",
        "severity": "low",
        "description": "Soil_Erosion in Assam (Guwahati)"
      },
      "geometry": {
        "type": "Point",
        "coordinates": [
          91.7362,
          26.1445
        ]
      }
    },
    {
      "type": "Feature",
      "properties": {
        "source": "GSI",
        "source_record_id": "GSI_Darjeeling_West_Bengal_20260923_035747",
        "event_type": "geological",
        "timestamp": "2026-09-23T03:57:47.211279",
        "valid_from": "2026-09-23T03:57:47.211279",
        "valid_until": "2026-09-23T09:57:47.211279",
        "location_name": "Darjeeling, West Bengal",
        "risk_zone": "high",
        "event_type_detail": null,
        "severity": null,
        "description": "Normal geological conditions"
      },
      "geometry": {
        "type": "Point",
        "coordinates": [
          88.2627,
          27.036
        ]
      }
    },
    {
      "type": "Feature",
      "properties": {
        "source": "GSI",
        "source_record_id": "GSI_Uttarakhand_(Rudraprayag)_20260923_035747",
        "event_type": "geological",
        "timestamp": "2026-09-23T03:57:47.211279",
        "valid_from": "2026-09-23T03:57:47.211279",
        "valid_until": "2026-09-23T09:57:47.211279",
        "location_name": "Uttarakhand (Rudraprayag)",
        "risk_zone": "high",
        "event_type_detail": null,
        "severity": null,
        "description": "Normal geological conditions"
      },
      "geometry": {
        "type": "Point",
        "coordinates": [
          88.9776,
          30.2865
        ]
      }
    },
    {
      "type": "Feature",
      "properties": {
        "source": "GSI",
        "source_record_id": "GSI_Himachal_Pradesh_(Mandi)_20260923_035747",
        "event_type": "geological",
        "timestamp": "2026-09-23T03:57:47.211279",
        "valid_from": "2026-09-23T03:57:47.211279",
        "valid_until": "2026-09-23T09:57:47.211279",
        "location_name": "Himachal Pradesh (Mandi)",
        "risk_zone": "medium",
        "event_type_detail": null,
        "severity": null,
        "description": "Normal geological conditions"
      },
      "geometry": {
        "type": "Point",
        "coordinates": [
          76.9366,
          31.7084
        ]
      }
    },
    {
      "type": "Feature",
      "properties": {
        "source": "GSI",
        "source_record_id": "GSI_Sikkim_(Gangtok)_20260923_035747",
        "event_type": "geological",
        "timestamp": "2026-09-23T03:57:47.211279",
        "valid_from": "2026-09-23T03:57:47.211279",
        "valid_until": "2026-09-23T09:57:47.211279",
        "location_name": "Sikkim (Gangtok)",
        "risk_zone": "high",
        "event_type_detail": null,
        "severity": null,
        "description": "Normal geological conditions"
      },
      "geometry": {
        "type": "Point",
        "coordinates": [
          88.6065,
          27.3389
        ]
      }
    },
    {
      "type": "Feature",
      "properties": {
        "source": "GSI",
        "source_record_id": "GSI_Assam_(Guwahati)_20260923_035747",
        "event_type": "geological",
        "timestamp": "2026-09-23T03:57:47.211279",
        "valid_from": "2026-09-23T03:57:47.211279",
        "valid_until": "2026-09-23T09:57:47.211279",
        "location_name": "Assam (Guwahati)",
        "risk_zone": "medium",
        "event_type_detail": null,
        "severity": null,
        "description": "Normal geological conditions"
      },
      "geometry": {
        "type": "Point",
        "coordinates": [
          91.7362,
          26.1445
        ]
      }
    },
    {
      "type": "Feature",
      "properties": {
        "source": "GSI",
        "source_record_id": "GSI_Darjeeling_West_Bengal_20260923_045747",
        "event_type": "geological",
        "timestamp": "2026-09-23T04:57:47.211279",
        "valid_from": "2026-09-23T04:57:47.211279",
        "valid_until": "2026-09-23T10:57:47.211279",
        "location_name": "Darjeeling, West Bengal",
        "risk_zone": "high",
        "event_type_detail": null,
        "severity": null,
        "description": "Normal geological conditions"
      },
      "geometry": {
        "type": "Point",
        "coordinates": [
          88.2627,
          27.036
        ]
      }
    },
    {
      "type": "Feature",
      "properties": {
        "source": "GSI",
        "source_record_id": "GSI_Uttarakhand_(Rudraprayag)_20260923_045747",
        "event_type": "geological",
        "timestamp": "2026-09-23T04:57:47.211279",
        "valid_from": "2026-09-23T04:57:47.211279",
        "valid_until": "2026-09-23T10:57:47.211279",
        "location_name": "Uttarakhand (Rudraprayag)",
        "risk_zone": "high",
        "event_type_detail": null,
        "severity": null,
        "description": "Normal geological conditions"
      },
      "geometry": {
        "type": "Point",
        "coordinates": [
          88.9776,
          30.2865
        ]
      }
    },
    {
      "type": "Feature",
      "properties": {
        "source": "GSI",
        "source_record_id": "GSI_Himachal_Pradesh_(Mandi)_20260923_045747",
        "event_type": "geological",
        "timestamp": "2026-09-23T04:57:47.211279",
        "valid_from": "2026-09-23T04:57:47.211279",
        "valid_until": "2026-09-23T10:57:47.211279",
        "location_name": "Himachal Pradesh (Mandi)",
        "risk_zone": "medium",
        "event_type_detail": null,
        "severity": null,
        "description": "Normal geological conditions"
      },
      "geometry": {
        "type": "Point",
        "coordinates": [
          76.9366,
          31.7084
        ]
      }
    },
    {
      "type": "Feature",
      "properties": {
        "source": "GSI",
        "source_record_id": "GSI_Sikkim_(Gangtok)_20260923_045747",
        "event_type": "geological",
        "timestamp": "2026-09-23T04:57:47.211279",
        "valid_from": "2026-09-23T04:57:47.211279",
        "valid_until": "2026-09-23T10:57:47.211279",
        "location_name": "Sikkim (Gangtok)",
        "risk_zone": "high",
        "event_type_detail": null,
        "severity": null,
        "description": "Normal geological conditions"
      },
      "geometry": {
        "type": "Point",
        "coordinates": [
          88.6065,
          27.3389
        ]
      }
    },
    {
      "type": "Feature",
      "properties": {
        "source": "GSI",
        "source_record_id": "GSI_Assam_(Guwahati)_20260923_045747",
        "event_type": "geological",
        "timestamp": "2026-09-23T04:57:47.211279",
        "valid_from": "2026-09-23T04:57:47.211279",
        "valid_until": "2026-09-23T10:57:47.211279",
        "location_name": "Assam (Guwahati)",
        "risk_zone": "medium",
        "event_type_detail": null,
        "severity": null,
        "description": "Normal geological conditions"
      },
      "geometry": {
        "type": "Point",
        "coordinates": [
          91.7362,
          26.1445
        ]
      }
    },
    {
      "type": "Feature",
      "properties": {
        "source": "GSI",
        "source_record_id": "GSI_Darjeeling_West_Bengal_20260923_055747",
        "event_type": "geological",
        "timestamp": "2026-09-23T05:57:47.211279",
        "valid_from": "2026-09-23T05:57:47.211279",
        "valid_until": "2026-09-23T11:57:47.211279",
        "location_name": "Darjeeling, West Bengal",
        "risk_zone": "high",
        "event_type_detail": null,
        "severity": null,
        "description": "Normal geological conditions"
      },
      "geometry": {
        "type": "Point",
        "coordinates": [
          88.2627,
          27.036
        ]
      }
    },
    {
      "type": "Feature",
      "properties": {
        "source": "GSI",
        "source_record_id": "GSI_Uttarakhand_(Rudraprayag)_20260923_055747",
        "event_type": "geological",
        "timestamp": "2026-09-23T05:57:47.211279",
        "valid_from": "2026-09-23T05:57:47.211279",
        "valid_until": "2026-09-23T11:57:47.211279",
        "location_name": "Uttarakhand (Rudraprayag)",
        "risk_zone": "high",
        "event_type_detail": null,
        "severity": null,
        "description": "Normal geological conditions"
      },
      "geometry": {
        "type": "Point",
        "coordinates": [
          88.9776,
          30.2865
        ]
      }
    },
    {
      "type": "Feature",
      "properties": {
        "source": "GSI",
        "source_record_id": "GSI_Himachal_Pradesh_(Mandi)_20260923_055747",
        "event_type": "geological",
        "timestamp": "2026-09-23T05:57:47.211279",
        "valid_from": "2026-09-23T05:57:47.211279",
        "valid_until": "2026-09-23T11:57:47.211279",
        "location_name": "Himachal Pradesh (Mandi)",
        "risk_zone": "medium",
        "event_type_detail": null,
        "severity": null,
        "description": "Normal geological conditions"
      },
      "geometry": {
        "type": "Point",
        "coordinates": [
          76.9366,
          31.7084
        ]
      }
    },
    {
      "type": "Feature",
      "properties": {
        "source": "GSI",
        "source_record_id": "GSI_Sikkim_(Gangtok)_20260923_055747",
        "event_type": "geological",
        "timestamp": "2026-09-23T05:57:47.211279",
        "valid_from": "2026-09-23T05:57:47.211279",
        "valid_until": "2026-09-23T11:57:47.211279",
        "location_name": "Sikkim (Gangtok)",
        "risk_zone": "high",
        "event_type_detail": null,
        "severity": null,
        "description": "Normal geological conditions"
      },
      "geometry": {
        "type": "Point",
        "coordinates": [
          88.6065,
          27.3389
        ]
      }
    },
    {
      "type": "Feature",
      "properties": {
        "source": "GSI",
        "source_record_id": "GSI_Assam_(Guwahati)_20260923_055747",
        "event_type": "geological",
        "timestamp": "2026-09-23T05:57:47.211279",
        "valid_from": "2026-09-23T05:57:47.211279",
        "valid_until": "2026-09-23T11:57:47.211279",
        "location_name": "Assam (Guwahati)",
        "risk_zone": "medium",
        "event_type_detail": null,
        "severity": null,
        "description": "Normal geological conditions"
      },
      "geometry": {
        "type": "Point",
        "coordinates": [
          91.7362,
          26.1445
        ]
      }
    },
    {
      "type": "Feature",
      "properties": {
        "source": "GSI",
        "source_record_id": "GSI_Darjeeling_West_Bengal_20260923_065747",
        "event_type": "geological",
        "timestamp": "2026-09-23T06:57:47.211279",
        "valid_from": "2026-09-23T06:57:47.211279",
        "valid_until": "2026-09-23T12:57:47.211279",
        "location_name": "Darjeeling, West Bengal",
        "risk_zone": "high",
        "event_type_detail": null,
        "severity": null,
        "description": "Normal geological conditions"
      },
      "geometry": {
        "type": "Point",
        "coordinates": [
          88.2627,
          27.036
        ]
      }
    },
    {
      "type": "Feature",
      "properties": {
        "source": "GSI",
        "source_record_id": "GSI_Uttarakhand_(Rudraprayag)_20260923_065747",
        "event_type": "geological",
        "timestamp": "2026-09-23T06:57:47.211279",
        "valid_from": "2026-09-23T06:57:47.211279",
        "valid_until": "2026-09-23T12:57:47.211279",
        "location_name": "Uttarakhand (Rudraprayag)",
        "risk_zone": "high",
        "event_type_detail": null,
        "severity": null,
        "description": "Normal geological conditions"
      },
      "geometry": {
        "type": "Point",
        "coordinates": [
          88.9776,
          30.2865
        ]
      }
    },
    {
      "type": "Feature",
      "properties": {
        "source": "GSI",
        "source_record_id": "GSI_Himachal_Pradesh_(Mandi)_20260923_065747",
        "event_type": "geological",
        "timestamp": "2026-09-23T06:57:47.211279",
        "valid_from": "2026-09-23T06:57:47.211279",
        "valid_until": "2026-09-23T12:57:47.211279",
        "location_name": "Himachal Pradesh (Mandi)",
        "risk_zone": "medium",
        "event_type_detail": null,
        "severity": null,
        "description": "Normal geological conditions"
      },
      "geometry": {
        "type": "Point",
        "coordinates": [
          76.9366,
          31.7084
        ]
      }
    },
    {
      "type": "Feature",
      "properties": {
        "source": "GSI",
        "source_record_id": "GSI_Sikkim_(Gangtok)_20260923_065747",
        "event_type": "geological",
        "timestamp": "2026-09-23T06:57:47.211279",
        "valid_from": "2026-09-23T06:57:47.211279",
        "valid_until": "2026-09-23T12:57:47.211279",
        "location_name": "Sikkim (Gangtok)",
        "risk_zone": "high",
        "event_type_detail": "landslide",
        "severity": "high",
        "description": "Landslide in Sikkim (Gangtok)"
      },
      "geometry": {
        "type": "Point",
        "coordinates": [
          88.6065,
          27.3389
        ]
      }
    },
    {
      "type": "Feature",
      "properties": {
        "source": "GSI",
        "source_record_id": "GSI_Assam_(Guwahati)_20260923_065747",
        "event_type": "geological",
        "timestamp": "2026-09-23T06:57:47.211279",
        "valid_from": "2026-09-23T06:57:47.211279",
        "valid_until": "2026-09-23T12:57:47.211279",
        "location_name": "Assam (Guwahati)",
        "risk_zone": "medium",
        "event_type_detail": null,
        "severity": null,
        "description": "Normal geological conditions"
      },
      "geometry": {
        "type": "Point",
        "coordinates": [
          91.7362,
          26.1445
        ]
      }
    },
    {
      "type": "Feature",
      "properties": {
        "source": "GSI",
        "source_record_id": "GSI_Darjeeling_West_Bengal_20260923_075747",
        "event_type": "geological",
        "timestamp": "2026-09-23T07:57:47.211279",
        "valid_from": "2026-09-23T07:57:47.211279",
        "valid_until": "2026-09-23T13:57:47.211279",
        "location_name": "Darjeeling, West Bengal",
        "risk_zone": "high",
        "event_type_detail": "rockfall",
        "severity": "high",
        "description": "Rockfall in Darjeeling, West Bengal"
      },
      "geometry": {
        "type": "Point",
        "coordinates": [
          88.2627,
          27.036
        ]
      }
    },
    {
      "type": "Feature",
      "properties": {
        "source": "GSI",
        "source_record_id": "GSI_Uttarakhand_(Rudraprayag)_20260923_075747",
        "event_type": "geological",
        "timestamp": "2026-09-23T07:57:47.211279",
        "valid_from": "2026-09-23T07:57:47.211279",
        "valid_until": "2026-09-23T13:57:47.211279",
        "location_name": "Uttarakhand (Rudraprayag)",
        "risk_zone": "high",
        "event_type_detail": null,
        "severity": null,
        "description": "Normal geological conditions"
      },
      "geometry": {
        "type": "Point",
        "coordinates": [
          88.9776,
          30.2865
        ]
      }
    },
    {
      "type": "Feature",
      "properties": {
        "source": "GSI",
        "source_record_id": "GSI_Himachal_Pradesh_(Mandi)_20260923_075747",
        "event_type": "geological",
        "timestamp": "2026-09-23T07:57:47.211279",
        "valid_from": "2026-09-23T07:57:47.211279",
        "valid_until": "2026-09-23T13:57:47.211279",
        "location_name": "Himachal Pradesh (Mandi)",
        "risk_zone": "medium",
        "event_type_detail": null,
        "severity": null,
        "description": "Normal geological conditions"
      },
      "geometry": {
        "type": "Point",
        "coordinates": [
          76.9366,
          31.7084
        ]
      }
    },
    {
      "type": "Feature",
      "properties": {
        "source": "GSI",
        "source_record_id": "GSI_Sikkim_(Gangtok)_20260923_075747",
        "event_type": "geological",
        "timestamp": "2026-09-23T07:57:47.211279",
        "valid_from": "2026-09-23T07:57:47.211279",
        "valid_until": "2026-09-23T13:57:47.211279",
        "location_name": "Sikkim (Gangtok)",
        "risk_zone": "high",
        "event_type_detail": null,
        "severity": null,
        "description": "Normal geological conditions"
      },
      "geometry": {
        "type": "Point",
        "coordinates": [
          88.6065,
          27.3389
        ]
      }
    },
    {
      "type": "Feature",
      "properties": {
        "source": "GSI",
        "source_record_id": "GSI_Assam_(Guwahati)_20260923_075747",
        "event_type": "geological",
        "timestamp": "2026-09-23T07:57:47.211279",
        "valid_from": "2026-09-23T07:57:47.211279",
        "valid_until": "2026-09-23T13:57:47.211279",
        "location_name": "Assam (Guwahati)",
        "risk_zone": "medium",
        "event_type_detail": null,
        "severity": null,
        "description": "Normal geological conditions"
      },
      "geometry": {
        "type": "Point",
        "coordinates": [
          91.7362,
          26.1445
        ]
      }
    },
    {
      "type": "Feature",
      "properties": {
        "source": "GSI",
        "source_record_id": "GSI_Darjeeling_West_Bengal_20260923_085747",
        "event_type": "geological",
        "timestamp": "2026-09-23T08:57:47.211279",
        "valid_from": "2026-09-23T08:57:47.211279",
        "valid_until": "2026-09-23T14:57:47.211279",
        "location_name": "Darjeeling, West Bengal",
        "risk_zone": "high",
        "event_type_detail": null,
        "severity": null,
        "description": "Normal geological conditions"
      },
      "geometry": {
        "type": "Point",
        "coordinates": [
          88.2627,
          27.036
        ]
      }
    },
    {
      "type": "Feature",
      "properties": {
        "source": "GSI",
        "source_record_id": "GSI_Uttarakhand_(Rudraprayag)_20260923_085747",
        "event_type": "geological",
        "timestamp": "2026-09-23T08:57:47.211279",
        "valid_from": "2026-09-23T08:57:47.211279",
        "valid_until": "2026-09-23T14:57:47.211279",
        "location_name": "Uttarakhand (Rudraprayag)",
        "risk_zone": "high",
        "event_type_detail": null,
        "severity": null,
        "description": "Normal geological conditions"
      },
      "geometry": {
        "type": "Point",
        "coordinates": [
          88.9776,
          30.2865
        ]
      }
    },
    {
      "type": "Feature",
      "properties": {
        "source": "GSI",
        "source_record_id": "GSI_Himachal_Pradesh_(Mandi)_20260923_085747",
        "event_type": "geological",
        "timestamp": "2026-09-23T08:57:47.211279",
        "valid_from": "2026-09-23T08:57:47.211279",
        "valid_until": "2026-09-23T14:57:47.211279",
        "location_name": "Himachal Pradesh (Mandi)",
        "risk_zone": "medium",
        "event_type_detail": null,
        "severity": null,
        "description": "Normal geological conditions"
      },
      "geometry": {
        "type": "Point",
        "coordinates": [
          76.9366,
          31.7084
        ]
      }
    },
    {
      "type": "Feature",
      "properties": {
        "source": "GSI",
        "source_record_id": "GSI_Sikkim_(Gangtok)_20260923_085747",
        "event_type": "geological",
        "timestamp": "2026-09-23T08:57:47.211279",
        "valid_from": "2026-09-23T08:57:47.211279",
        "valid_until": "2026-09-23T14:57:47.211279",
        "location_name": "Sikkim (Gangtok)",
        "risk_zone": "high",
        "event_type_detail": null,
        "severity": null,
        "description": "Normal geological conditions"
      },
      "geometry": {
        "type": "Point",
        "coordinates": [
          88.6065,
          27.3389
        ]
      }
    },
    {
      "type": "Feature",
      "properties": {
        "source": "GSI",
        "source_record_id": "GSI_Assam_(Guwahati)_20260923_085747",
        "event_type": "geological",
        "timestamp": "2026-09-23T08:57:47.211279",
        "valid_from": "2026-09-23T08:57:47.211279",
        "valid_until": "2026-09-23T14:57:47.211279",
        "location_name": "Assam (Guwahati)",
        "risk_zone": "medium",
        "event_type_detail": null,
        "severity": null,
        "description": "Normal geological conditions"
      },
      "geometry": {
        "type": "Point",
        "coordinates": [
          91.7362,
          26.1445
        ]
      }
    },
    {
      "type": "Feature",
      "properties": {
        "source": "GSI",
        "source_record_id": "GSI_Darjeeling_West_Bengal_20260923_095747",
        "event_type": "geological",
        "timestamp": "2026-09-23T09:57:47.211279",
        "valid_from": "2026-09-23T09:57:47.211279",
        "valid_until": "2026-09-23T15:57:47.211279",
        "location_name": "Darjeeling, West Bengal",
        "risk_zone": "high",
        "event_type_detail": null,
        "severity": null,
        "description": "Normal geological conditions"
      },
      "geometry": {
        "type": "Point",
        "coordinates": [
          88.2627,
          27.036
        ]
      }
    },
    {
      "type": "Feature",
      "properties": {
        "source": "GSI",
        "source_record_id": "GSI_Uttarakhand_(Rudraprayag)_20260923_095747",
        "event_type": "geological",
        "timestamp": "2026-09-23T09:57:47.211279",
        "valid_from": "2026-09-23T09:57:47.211279",
        "valid_until": "2026-09-23T15:57:47.211279",
        "location_name": "Uttarakhand (Rudraprayag)",
        "risk_zone": "high",
        "event_type_detail": null,
        "severity": null,
        "description": "Normal geological conditions"
      },
      "geometry": {
        "type": "Point",
        "coordinates": [
          88.9776,
          30.2865
        ]
      }
    },
    {
      "type": "Feature",
      "properties": {
        "source": "GSI",
        "source_record_id": "GSI_Himachal_Pradesh_(Mandi)_20260923_095747",
        "event_type": "geological",
        "timestamp": "2026-09-23T09:57:47.211279",
        "valid_from": "2026-09-23T09:57:47.211279",
        "valid_until": "2026-09-23T15:57:47.211279",
        "location_name": "Himachal Pradesh (Mandi)",
        "risk_zone": "medium",
        "event_type_detail": null,
        "severity": null,
        "description": "Normal geological conditions"
      },
      "geometry": {
        "type": "Point",
        "coordinates": [
          76.9366,
          31.7084
        ]
      }
    },
    {
      "type": "Feature",
      "properties": {
        "source": "GSI",
        "source_record_id": "GSI_Sikkim_(Gangtok)_20260923_095747",
        "event_type": "geological",
        "timestamp": "2026-09-23T09:57:47.211279",
        "valid_from": "2026-09-23T09:57:47.211279",
        "valid_until": "2026-09-23T15:57:47.211279",
        "location_name": "Sikkim (Gangtok)",
        "risk_zone": "high",
        "event_type_detail": null,
        "severity": null,
        "description": "Normal geological conditions"
      },
      "geometry": {
        "type": "Point",
        "coordinates": [
          88.6065,
          27.3389
        ]
      }
    },
    {
      "type": "Feature",
      "properties": {
        "source": "GSI",
        "source_record_id": "GSI_Assam_(Guwahati)_20260923_095747",
        "event_type": "geological",
        "timestamp": "2026-09-23T09:57:47.211279",
        "valid_from": "2026-09-23T09:57:47.211279",
        "valid_until": "2026-09-23T15:57:47.211279",
        "location_name": "Assam (Guwahati)",
        "risk_zone": "medium",
        "event_type_detail": null,
        "severity": null,
        "description": "Normal geological conditions"
      },
      "geometry": {
        "type": "Point",
        "coordinates": [
          91.7362,
          26.1445
        ]
      }
    },
    {
      "type": "Feature",
      "properties": {
        "source": "GSI",
        "source_record_id": "GSI_Darjeeling_West_Bengal_20260923_105747",
        "event_type": "geological",
        "timestamp": "2026-09-23T10:57:47.211279",
        "valid_from": "2026-09-23T10:57:47.211279",
        "valid_until": "2026-09-23T16:57:47.211279",
        "location_name": "Darjeeling, West Bengal",
        "risk_zone": "high",
        "event_type_detail": null,
        "severity": null,
        "description": "Normal geological conditions"
      },
      "geometry": {
        "type": "Point",
        "coordinates": [
          88.2627,
          27.036
        ]
      }
    },
    {
      "type": "Feature",
      "properties": {
        "source": "GSI",
        "source_record_id": "GSI_Uttarakhand_(Rudraprayag)_20260923_105747",
        "event_type": "geological",
        "timestamp": "2026-09-23T10:57:47.211279",
        "valid_from": "2026-09-23T10:57:47.211279",
        "valid_until": "2026-09-23T16:57:47.211279",
        "location_name": "Uttarakhand (Rudraprayag)",
        "risk_zone": "high",
        "event_type_detail": null,
        "severity": null,
        "description": "Normal geological conditions"
      },
      "geometry": {
        "type": "Point",
        "coordinates": [
          88.9776,
          30.2865
        ]
      }
    },
    {
      "type": "Feature",
      "properties": {
        "source": "GSI",
        "source_record_id": "GSI_Himachal_Pradesh_(Mandi)_20260923_105747",
        "event_type": "geological",
        "timestamp": "2026-09-23T10:57:47.211279",
        "valid_from": "2026-09-23T10:57:47.211279",
        "valid_until": "2026-09-23T16:57:47.211279",
        "location_name": "Himachal Pradesh (Mandi)",
        "risk_zone": "medium",
        "event_type_detail": null,
        "severity": null,
        "description": "Normal geological conditions"
      },
      "geometry": {
        "type": "Point",
        "coordinates": [
          76.9366,
          31.7084
        ]
      }
    },
    {
      "type": "Feature",
      "properties": {
        "source": "GSI",
        "source_record_id": "GSI_Sikkim_(Gangtok)_20260923_105747",
        "event_type": "geological",
        "timestamp": "2026-09-23T10:57:47.211279",
        "valid_from": "2026-09-23T10:57:47.211279",
        "valid_until": "2026-09-23T16:57:47.211279",
        "location_name": "Sikkim (Gangtok)",
        "risk_zone": "high",
        "event_type_detail": null,
        "severity": null,
        "description": "Normal geological conditions"
      },
      "geometry": {
        "type": "Point",
        "coordinates": [
          88.6065,
          27.3389
        ]
      }
    },
    {
      "type": "Feature",
      "properties": {
        "source": "GSI",
        "source_record_id": "GSI_Assam_(Guwahati)_20260923_105747",
        "event_type": "geological",
        "timestamp": "2026-09-23T10:57:47.211279",
        "valid_from": "2026-09-23T10:57:47.211279",
        "valid_until": "2026-09-23T16:57:47.211279",
        "location_name": "Assam (Guwahati)",
        "risk_zone": "medium",
        "event_type_detail": null,
        "severity": null,
        "description": "Normal geological conditions"
      },
      "geometry": {
        "type": "Point",
        "coordinates": [
          91.7362,
          26.1445
        ]
      }
    },
    {
      "type": "Feature",
      "properties": {
        "source": "GSI",
        "source_record_id": "GSI_Darjeeling_West_Bengal_20260923_115747",
        "event_type": "geological",
        "timestamp": "2026-09-23T11:57:47.211279",
        "valid_from": "2026-09-23T11:57:47.211279",
        "valid_until": "2026-09-23T17:57:47.211279",
        "location_name": "Darjeeling, West Bengal",
        "risk_zone": "high",
        "event_type_detail": null,
        "severity": null,
        "description": "Normal geological conditions"
      },
      "geometry": {
        "type": "Point",
        "coordinates": [
          88.2627,
          27.036
        ]
      }
    },
    {
      "type": "Feature",
      "properties": {
        "source": "GSI",
        "source_record_id": "GSI_Uttarakhand_(Rudraprayag)_20260923_115747",
        "event_type": "geological",
        "timestamp": "2026-09-23T11:57:47.211279",
        "valid_from": "2026-09-23T11:57:47.211279",
        "valid_until": "2026-09-23T17:57:47.211279",
        "location_name": "Uttarakhand (Rudraprayag)",
        "risk_zone": "high",
        "event_type_detail": null,
        "severity": null,
        "description": "Normal geological conditions"
      },
      "geometry": {
        "type": "Point",
        "coordinates": [
          88.9776,
          30.2865
        ]
      }
    },
    {
      "type": "Feature",
      "properties": {
        "source": "GSI",
        "source_record_id": "GSI_Himachal_Pradesh_(Mandi)_20260923_115747",
        "event_type": "geological",
        "timestamp": "2026-09-23T11:57:47.211279",
        "valid_from": "2026-09-23T11:57:47.211279",
        "valid_until": "2026-09-23T17:57:47.211279",
        "location_name": "Himachal Pradesh (Mandi)",
        "risk_zone": "medium",
        "event_type_detail": null,
        "severity": null,
        "description": "Normal geological conditions"
      },
      "geometry": {
        "type": "Point",
        "coordinates": [
          76.9366,
          31.7084
        ]
      }
    },
    {
      "type": "Feature",
      "properties": {
        "source": "GSI",
        "source_record_id": "GSI_Sikkim_(Gangtok)_20260923_115747",
        "event_type": "geological",
        "timestamp": "2026-09-23T11:57:47.211279",
        "valid_from": "2026-09-23T11:57:47.211279",
        "valid_until": "2026-09-23T17:57:47.211279",
        "location_name": "Sikkim (Gangtok)",
        "risk_zone": "high",
        "event_type_detail": null,
        "severity": null,
        "description": "Normal geological conditions"
      },
      "geometry": {
        "type": "Point",
        "coordinates": [
          88.6065,
          27.3389
        ]
      }
    },
    {
      "type": "Feature",
      "properties": {
        "source": "GSI",
        "source_record_id": "GSI_Assam_(Guwahati)_20260923_115747",
        "event_type": "geological",
        "timestamp": "2026-09-23T11:57:47.211279",
        "valid_from": "2026-09-23T11:57:47.211279",
        "valid_until": "2026-09-23T17:57:47.211279",
        "location_name": "Assam (Guwahati)",
        "risk_zone": "medium",
        "event_type_detail": null,
        "severity": null,
        "description": "Normal geological conditions"
      },
      "geometry": {
        "type": "Point",
        "coordinates": [
          91.7362,
          26.1445
        ]
      }
    },
    {
      "type": "Feature",
      "properties": {
        "source": "GSI",
        "source_record_id": "GSI_Darjeeling_West_Bengal_20260923_125747",
        "event_type": "geological",
        "timestamp": "2026-09-23T12:57:47.211279",
        "valid_from": "2026-09-23T12:57:47.211279",
        "valid_until": "2026-09-23T18:57:47.211279",
        "location_name": "Darjeeling, West Bengal",
        "risk_zone": "high",
        "event_type_detail": null,
        "severity": null,
        "description": "Normal geological conditions"
      },
      "geometry": {
        "type": "Point",
        "coordinates": [
          88.2627,
          27.036
        ]
      }
    },
    {
      "type": "Feature",
      "properties": {
        "source": "GSI",
        "source_record_id": "GSI_Uttarakhand_(Rudraprayag)_20260923_125747",
        "event_type": "geological",
        "timestamp": "2026-09-23T12:57:47.211279",
        "valid_from": "2026-09-23T12:57:47.211279",
        "valid_until": "2026-09-23T18:57:47.211279",
        "location_name": "Uttarakhand (Rudraprayag)",
        "risk_zone": "high",
        "event_type_detail": null,
        "severity": null,
        "description": "Normal geological conditions"
      },
      "geometry": {
        "type": "Point",
        "coordinates": [
          88.9776,
          30.2865
        ]
      }
    },
    {
      "type": "Feature",
      "properties": {
        "source": "GSI",
        "source_record_id": "GSI_Himachal_Pradesh_(Mandi)_20260923_125747",
        "event_type": "geological",
        "timestamp": "2026-09-23T12:57:47.211279",
        "valid_from": "2026-09-23T12:57:47.211279",
        "valid_until": "2026-09-23T18:57:47.211279",
        "location_name": "Himachal Pradesh (Mandi)",
        "risk_zone": "medium",
        "event_type_detail": null,
        "severity": null,
        "description": "Normal geological conditions"
      },
      "geometry": {
        "type": "Point",
        "coordinates": [
          76.9366,
          31.7084
        ]
      }
    },
    {
      "type": "Feature",
      "properties": {
        "source": "GSI",
        "source_record_id": "GSI_Sikkim_(Gangtok)_20260923_125747",
        "event_type": "geological",
        "timestamp": "2026-09-23T12:57:47.211279",
        "valid_from": "2026-09-23T12:57:47.211279",
        "valid_until": "2026-09-23T18:57:47.211279",
        "location_name": "Sikkim (Gangtok)",
        "risk_zone": "high",
        "event_type_detail": null,
        "severity": null,
        "description": "Normal geological conditions"
      },
      "geometry": {
        "type": "Point",
        "coordinates": [
          88.6065,
          27.3389
        ]
      }
    },
    {
      "type": "Feature",
      "properties": {
        "source": "GSI",
        "source_record_id": "GSI_Assam_(Guwahati)_20260923_125747",
        "event_type": "geological",
        "timestamp": "2026-09-23T12:57:47.211279",
        "valid_from": "2026-09-23T12:57:47.211279",
        "valid_until": "2026-09-23T18:57:47.211279",
        "location_name": "Assam (Guwahati)",
        "risk_zone": "medium",
        "event_type_detail": null,
        "severity": null,
        "description": "Normal geological conditions"
      },
      "geometry": {
        "type": "Point",
        "coordinates": [
          91.7362,
          26.1445
        ]
      }
    },
    {
      "type": "Feature",
      "properties": {
        "source": "GSI",
        "source_record_id": "GSI_Darjeeling_West_Bengal_20260923_135747",
        "event_type": "geological",
        "timestamp": "2026-09-23T13:57:47.211279",
        "valid_from": "2026-09-23T13:57:47.211279",
        "valid_until": "2026-09-23T19:57:47.211279",
        "location_name": "Darjeeling, West Bengal",
        "risk_zone": "high",
        "event_type_detail": null,
        "severity": null,
        "description": "Normal geological conditions"
      },
      "geometry": {
        "type": "Point",
        "coordinates": [
          88.2627,
          27.036
        ]
      }
    },
    {
      "type": "Feature",
      "properties": {
        "source": "GSI",
        "source_record_id": "GSI_Uttarakhand_(Rudraprayag)_20260923_135747",
        "event_type": "geological",
        "timestamp": "2026-09-23T13:57:47.211279",
        "valid_from": "2026-09-23T13:57:47.211279",
        "valid_until": "2026-09-23T19:57:47.211279",
        "location_name": "Uttarakhand (Rudraprayag)",
        "risk_zone": "high",
        "event_type_detail": null,
        "severity": null,
        "description": "Normal geological conditions"
      },
      "geometry": {
        "type": "Point",
        "coordinates": [
          88.9776,
          30.2865
        ]
      }
    },
    {
      "type": "Feature",
      "properties": {
        "source": "GSI",
        "source_record_id": "GSI_Himachal_Pradesh_(Mandi)_20260923_135747",
        "event_type": "geological",
        "timestamp": "2026-09-23T13:57:47.211279",
        "valid_from": "2026-09-23T13:57:47.211279",
        "valid_until": "2026-09-23T19:57:47.211279",
        "location_name": "Himachal Pradesh (Mandi)",
        "risk_zone": "medium",
        "event_type_detail": null,
        "severity": null,
        "description": "Normal geological conditions"
      },
      "geometry": {
        "type": "Point",
        "coordinates": [
          76.9366,
          31.7084
        ]
      }
    },
    {
      "type": "Feature",
      "properties": {
        "source": "GSI",
        "source_record_id": "GSI_Sikkim_(Gangtok)_20260923_135747",
        "event_type": "geological",
        "timestamp": "2026-09-23T13:57:47.211279",
        "valid_from": "2026-09-23T13:57:47.211279",
        "valid_until": "2026-09-23T19:57:47.211279",
        "location_name": "Sikkim (Gangtok)",
        "risk_zone": "high",
        "event_type_detail": null,
        "severity": null,
        "description": "Normal geological conditions"
      },
      "geometry": {
        "type": "Point",
        "coordinates": [
          88.6065,
          27.3389
        ]
      }
    },
    {
      "type": "Feature",
      "properties": {
        "source": "GSI",
        "source_record_id": "GSI_Assam_(Guwahati)_20260923_135747",
        "event_type": "geological",
        "timestamp": "2026-09-23T13:57:47.211279",
        "valid_from": "2026-09-23T13:57:47.211279",
        "valid_until": "2026-09-23T19:57:47.211279",
        "location_name": "Assam (Guwahati)",
        "risk_zone": "medium",
        "event_type_detail": null,
        "severity": null,
        "description": "Normal geological conditions"
      },
      "geometry": {
        "type": "Point",
        "coordinates": [
          91.7362,
          26.1445
        ]
      }
    },
    {
      "type": "Feature",
      "properties": {
        "source": "GSI",
        "source_record_id": "GSI_Darjeeling_West_Bengal_20260923_145747",
        "event_type": "geological",
        "timestamp": "2026-09-23T14:57:47.211279",
        "valid_from": "2026-09-23T14:57:47.211279",
        "valid_until": "2026-09-23T20:57:47.211279",
        "location_name": "Darjeeling, West Bengal",
        "risk_zone": "high",
        "event_type_detail": "landslide",
        "severity": "medium",
        "description": "Landslide in Darjeeling, West Bengal"
      },
      "geometry": {
        "type": "Point",
        "coordinates": [
          88.2627,
          27.036
        ]
      }
    },
    {
      "type": "Feature",
      "properties": {
        "source": "GSI",
        "source_record_id": "GSI_Uttarakhand_(Rudraprayag)_20260923_145747",
        "event_type": "geological",
        "timestamp": "2026-09-23T14:57:47.211279",
        "valid_from": "2026-09-23T14:57:47.211279",
        "valid_until": "2026-09-23T20:57:47.211279",
        "location_name": "Uttarakhand (Rudraprayag)",
        "risk_zone": "high",
        "event_type_detail": null,
        "severity": null,
        "description": "Normal geological conditions"
      },
      "geometry": {
        "type": "Point",
        "coordinates": [
          88.9776,
          30.2865
        ]
      }
    },
    {
      "type": "Feature",
      "properties": {
        "source": "GSI",
        "source_record_id": "GSI_Himachal_Pradesh_(Mandi)_20260923_145747",
        "event_type": "geological",
        "timestamp": "2026-09-23T14:57:47.211279",
        "valid_from": "2026-09-23T14:57:47.211279",
        "valid_until": "2026-09-23T20:57:47.211279",
        "location_name": "Himachal Pradesh (Mandi)",
        "risk_zone": "medium",
        "event_type_detail": null,
        "severity": null,
        "description": "Normal geological conditions"
      },
      "geometry": {
        "type": "Point",
        "coordinates": [
          76.9366,
          31.7084
        ]
      }
    },
    {
      "type": "Feature",
      "properties": {
        "source": "GSI",
        "source_record_id": "GSI_Sikkim_(Gangtok)_20260923_145747",
        "event_type": "geological",
        "timestamp": "2026-09-23T14:57:47.211279",
        "valid_from": "2026-09-23T14:57:47.211279",
        "valid_until": "2026-09-23T20:57:47.211279",
        "location_name": "Sikkim (Gangtok)",
        "risk_zone": "high",
        "event_type_detail": null,
        "severity": null,
        "description": "Normal geological conditions"
      },
      "geometry": {
        "type": "Point",
        "coordinates": [
          88.6065,
          27.3389
        ]
      }
    },
    {
      "type": "Feature",
      "properties": {
        "source": "GSI",
        "source_record_id": "GSI_Assam_(Guwahati)_20260923_145747",
        "event_type": "geological",
        "timestamp": "2026-09-23T14:57:47.211279",
        "valid_from": "2026-09-23T14:57:47.211279",
        "valid_until": "2026-09-23T20:57:47.211279",
        "location_name": "Assam (Guwahati)",
        "risk_zone": "medium",
        "event_type_detail": null,
        "severity": null,
        "description": "Normal geological conditions"
      },
      "geometry": {
        "type": "Point",
        "coordinates": [
          91.7362,
          26.1445
        ]
      }
    },
    {
      "type": "Feature",
      "properties": {
        "source": "GSI",
        "source_record_id": "GSI_Darjeeling_West_Bengal_20260923_155747",
        "event_type": "geological",
        "timestamp": "2026-09-23T15:57:47.211279",
        "valid_from": "2026-09-23T15:57:47.211279",
        "valid_until": "2026-09-23T21:57:47.211279",
        "location_name": "Darjeeling, West Bengal",
        "risk_zone": "high",
        "event_type_detail": null,
        "severity": null,
        "description": "Normal geological conditions"
      },
      "geometry": {
        "type": "Point",
        "coordinates": [
          88.2627,
          27.036
        ]
      }
    },
    {
      "type": "Feature",
      "properties": {
        "source": "GSI",
        "source_record_id": "GSI_Uttarakhand_(Rudraprayag)_20260923_155747",
        "event_type": "geological",
        "timestamp": "2026-09-23T15:57:47.211279",
        "valid_from": "2026-09-23T15:57:47.211279",
        "valid_until": "2026-09-23T21:57:47.211279",
        "location_name": "Uttarakhand (Rudraprayag)",
        "risk_zone": "high",
        "event_type_detail": null,
        "severity": null,
        "description": "Normal geological conditions"
      },
      "geometry": {
        "type": "Point",
        "coordinates": [
          88.9776,
          30.2865
        ]
      }
    },
    {
      "type": "Feature",
      "properties": {
        "source": "GSI",
        "source_record_id": "GSI_Himachal_Pradesh_(Mandi)_20260923_155747",
        "event_type": "geological",
        "timestamp": "2026-09-23T15:57:47.211279",
        "valid_from": "2026-09-23T15:57:47.211279",
        "valid_until": "2026-09-23T21:57:47.211279",
        "location_name": "Himachal Pradesh (Mandi)",
        "risk_zone": "medium",
        "event_type_detail": null,
        "severity": null,
        "description": "Normal geological conditions"
      },
      "geometry": {
        "type": "Point",
        "coordinates": [
          76.9366,
          31.7084
        ]
      }
    },
    {
      "type": "Feature",
      "properties": {
        "source": "GSI",
        "source_record_id": "GSI_Sikkim_(Gangtok)_20260923_155747",
        "event_type": "geological",
        "timestamp": "2026-09-23T15:57:47.211279",
        "valid_from": "2026-09-23T15:57:47.211279",
        "valid_until": "2026-09-23T21:57:47.211279",
        "location_name": "Sikkim (Gangtok)",
        "risk_zone": "high",
        "event_type_detail": null,
        "severity": null,
        "description": "Normal geological conditions"
      },
      "geometry": {
        "type": "Point",
        "coordinates": [
          88.6065,
          27.3389
        ]
      }
    },
    {
      "type": "Feature",
      "properties": {
        "source": "GSI",
        "source_record_id": "GSI_Assam_(Guwahati)_20260923_155747",
        "event_type": "geological",
        "timestamp": "2026-09-23T15:57:47.211279",
        "valid_from": "2026-09-23T15:57:47.211279",
        "valid_until": "2026-09-23T21:57:47.211279",
        "location_name": "Assam (Guwahati)",
        "risk_zone": "medium",
        "event_type_detail": null,
        "severity": null,
        "description": "Normal geological conditions"
      },
      "geometry": {
        "type": "Point",
        "coordinates": [
          91.7362,
          26.1445
        ]
      }
    },
    {
      "type": "Feature",
      "properties": {
        "source": "GSI",
        "source_record_id": "GSI_Darjeeling_West_Bengal_20260923_165747",
        "event_type": "geological",
        "timestamp": "2026-09-23T16:57:47.211279",
        "valid_from": "2026-09-23T16:57:47.211279",
        "valid_until": "2026-09-23T22:57:47.211279",
        "location_name": "Darjeeling, West Bengal",
        "risk_zone": "high",
        "event_type_detail": null,
        "severity": null,
        "description": "Normal geological conditions"
      },
      "geometry": {
        "type": "Point",
        "coordinates": [
          88.2627,
          27.036
        ]
      }
    },
    {
      "type": "Feature",
      "properties": {
        "source": "GSI",
        "source_record_id": "GSI_Uttarakhand_(Rudraprayag)_20260923_165747",
        "event_type": "geological",
        "timestamp": "2026-09-23T16:57:47.211279",
        "valid_from": "2026-09-23T16:57:47.211279",
        "valid_until": "2026-09-23T22:57:47.211279",
        "location_name": "Uttarakhand (Rudraprayag)",
        "risk_zone": "high",
        "event_type_detail": null,
        "severity": null,
        "description": "Normal geological conditions"
      },
      "geometry": {
        "type": "Point",
        "coordinates": [
          88.9776,
          30.2865
        ]
      }
    },
    {
      "type": "Feature",
      "properties": {
        "source": "GSI",
        "source_record_id": "GSI_Himachal_Pradesh_(Mandi)_20260923_165747",
        "event_type": "geological",
        "timestamp": "2026-09-23T16:57:47.211279",
        "valid_from": "2026-09-23T16:57:47.211279",
        "valid_until": "2026-09-23T22:57:47.211279",
        "location_name": "Himachal Pradesh (Mandi)",
        "risk_zone": "medium",
        "event_type_detail": null,
        "severity": null,
        "description": "Normal geological conditions"
      },
      "geometry": {
        "type": "Point",
        "coordinates": [
          76.9366,
          31.7084
        ]
      }
    },
    {
      "type": "Feature",
      "properties": {
        "source": "GSI",
        "source_record_id": "GSI_Sikkim_(Gangtok)_20260923_165747",
        "event_type": "geological",
        "timestamp": "2026-09-23T16:57:47.211279",
        "valid_from": "2026-09-23T16:57:47.211279",
        "valid_until": "2026-09-23T22:57:47.211279",
        "location_name": "Sikkim (Gangtok)",
        "risk_zone": "high",
        "event_type_detail": null,
        "severity": null,
        "description": "Normal geological conditions"
      },
      "geometry": {
        "type": "Point",
        "coordinates": [
          88.6065,
          27.3389
        ]
      }
    },
    {
      "type": "Feature",
      "properties": {
        "source": "GSI",
        "source_record_id": "GSI_Assam_(Guwahati)_20260923_165747",
        "event_type": "geological",
        "timestamp": "2026-09-23T16:57:47.211279",
        "valid_from": "2026-09-23T16:57:47.211279",
        "valid_until": "2026-09-23T22:57:47.211279",
        "location_name": "Assam (Guwahati)",
        "risk_zone": "medium",
        "event_type_detail": null,
        "severity": null,
        "description": "Normal geological conditions"
      },
      "geometry": {
        "type": "Point",
        "coordinates": [
          91.7362,
          26.1445
        ]
      }
    },
    {
      "type": "Feature",
      "properties": {
        "source": "GSI",
        "source_record_id": "GSI_Darjeeling_West_Bengal_20260923_175747",
        "event_type": "geological",
        "timestamp": "2026-09-23T17:57:47.211279",
        "valid_from": "2026-09-23T17:57:47.211279",
        "valid_until": "2026-09-23T23:57:47.211279",
        "location_name": "Darjeeling, West Bengal",
        "risk_zone": "high",
        "event_type_detail": null,
        "severity": null,
        "description": "Normal geological conditions"
      },
      "geometry": {
        "type": "Point",
        "coordinates": [
          88.2627,
          27.036
        ]
      }
    },
    {
      "type": "Feature",
      "properties": {
        "source": "GSI",
        "source_record_id": "GSI_Uttarakhand_(Rudraprayag)_20260923_175747",
        "event_type": "geological",
        "timestamp": "2026-09-23T17:57:47.211279",
        "valid_from": "2026-09-23T17:57:47.211279",
        "valid_until": "2026-09-23T23:57:47.211279",
        "location_name": "Uttarakhand (Rudraprayag)",
        "risk_zone": "high",
        "event_type_detail": null,
        "severity": null,
        "description": "Normal geological conditions"
      },
      "geometry": {
        "type": "Point",
        "coordinates": [
          88.9776,
          30.2865
        ]
      }
    },
    {
      "type": "Feature",
      "properties": {
        "source": "GSI",
        "source_record_id": "GSI_Himachal_Pradesh_(Mandi)_20260923_175747",
        "event_type": "geological",
        "timestamp": "2026-09-23T17:57:47.211279",
        "valid_from": "2026-09-23T17:57:47.211279",
        "valid_until": "2026-09-23T23:57:47.211279",
        "location_name": "Himachal Pradesh (Mandi)",
        "risk_zone": "medium",
        "event_type_detail": null,
        "severity": null,
        "description": "Normal geological conditions"
      },
      "geometry": {
        "type": "Point",
        "coordinates": [
          76.9366,
          31.7084
        ]
      }
    },
    {
      "type": "Feature",
      "properties": {
        "source": "GSI",
        "source_record_id": "GSI_Sikkim_(Gangtok)_20260923_175747",
        "event_type": "geological",
        "timestamp": "2026-09-23T17:57:47.211279",
        "valid_from": "2026-09-23T17:57:47.211279",
        "valid_until": "2026-09-23T23:57:47.211279",
        "location_name": "Sikkim (Gangtok)",
        "risk_zone": "high",
        "event_type_detail": null,
        "severity": null,
        "description": "Normal geological conditions"
      },
      "geometry": {
        "type": "Point",
        "coordinates": [
          88.6065,
          27.3389
        ]
      }
    },
    {
      "type": "Feature",
      "properties": {
        "source": "GSI",
        "source_record_id": "GSI_Assam_(Guwahati)_20260923_175747",
        "event_type": "geological",
        "timestamp": "2026-09-23T17:57:47.211279",
        "valid_from": "2026-09-23T17:57:47.211279",
        "valid_until": "2026-09-23T23:57:47.211279",
        "location_name": "Assam (Guwahati)",
        "risk_zone": "medium",
        "event_type_detail": null,
        "severity": null,
        "description": "Normal geological conditions"
      },
      "geometry": {
        "type": "Point",
        "coordinates": [
          91.7362,
          26.1445
        ]
      }
    },
    {
      "type": "Feature",
      "properties": {
        "source": "GSI",
        "source_record_id": "GSI_Darjeeling_West_Bengal_20260923_185747",
        "event_type": "geological",
        "timestamp": "2026-09-23T18:57:47.211279",
        "valid_from": "2026-09-23T18:57:47.211279",
        "valid_until": "2026-09-24T00:57:47.211279",
        "location_name": "Darjeeling, West Bengal",
        "risk_zone": "high",
        "event_type_detail": null,
        "severity": null,
        "description": "Normal geological conditions"
      },
      "geometry": {
        "type": "Point",
        "coordinates": [
          88.2627,
          27.036
        ]
      }
    },
    {
      "type": "Feature",
      "properties": {
        "source": "GSI",
        "source_record_id": "GSI_Uttarakhand_(Rudraprayag)_20260923_185747",
        "event_type": "geological",
        "timestamp": "2026-09-23T18:57:47.211279",
        "valid_from": "2026-09-23T18:57:47.211279",
        "valid_until": "2026-09-24T00:57:47.211279",
        "location_name": "Uttarakhand (Rudraprayag)",
        "risk_zone": "high",
        "event_type_detail": null,
        "severity": null,
        "description": "Normal geological conditions"
      },
      "geometry": {
        "type": "Point",
        "coordinates": [
          88.9776,
          30.2865
        ]
      }
    },
    {
      "type": "Feature",
      "properties": {
        "source": "GSI",
        "source_record_id": "GSI_Himachal_Pradesh_(Mandi)_20260923_185747",
        "event_type": "geological",
        "timestamp": "2026-09-23T18:57:47.211279",
        "valid_from": "2026-09-23T18:57:47.211279",
        "valid_until": "2026-09-24T00:57:47.211279",
        "location_name": "Himachal Pradesh (Mandi)",
        "risk_zone": "medium",
        "event_type_detail": null,
        "severity": null,
        "description": "Normal geological conditions"
      },
      "geometry": {
        "type": "Point",
        "coordinates": [
          76.9366,
          31.7084
        ]
      }
    },
    {
      "type": "Feature",
      "properties": {
        "source": "GSI",
        "source_record_id": "GSI_Sikkim_(Gangtok)_20260923_185747",
        "event_type": "geological",
        "timestamp": "2026-09-23T18:57:47.211279",
        "valid_from": "2026-09-23T18:57:47.211279",
        "valid_until": "2026-09-24T00:57:47.211279",
        "location_name": "Sikkim (Gangtok)",
        "risk_zone": "high",
        "event_type_detail": null,
        "severity": null,
        "description": "Normal geological conditions"
      },
      "geometry": {
        "type": "Point",
        "coordinates": [
          88.6065,
          27.3389
        ]
      }
    },
    {
      "type": "Feature",
      "properties": {
        "source": "GSI",
        "source_record_id": "GSI_Assam_(Guwahati)_20260923_185747",
        "event_type": "geological",
        "timestamp": "2026-09-23T18:57:47.211279",
        "valid_from": "2026-09-23T18:57:47.211279",
        "valid_until": "2026-09-24T00:57:47.211279",
        "location_name": "Assam (Guwahati)",
        "risk_zone": "medium",
        "event_type_detail": null,
        "severity": null,
        "description": "Normal geological conditions"
      },
      "geometry": {
        "type": "Point",
        "coordinates": [
          91.7362,
          26.1445
        ]
      }
    },
    {
      "type": "Feature",
      "properties": {
        "source": "GSI",
        "source_record_id": "GSI_Darjeeling_West_Bengal_20260923_195747",
        "event_type": "geological",
        "timestamp": "2026-09-23T19:57:47.211279",
        "valid_from": "2026-09-23T19:57:47.211279",
        "valid_until": "2026-09-24T01:57:47.211279",
        "location_name": "Darjeeling, West Bengal",
        "risk_zone": "high",
        "event_type_detail": null,
        "severity": null,
        "description": "Normal geological conditions"
      },
      "geometry": {
        "type": "Point",
        "coordinates": [
          88.2627,
          27.036
        ]
      }
    },
    {
      "type": "Feature",
      "properties": {
        "source": "GSI",
        "source_record_id": "GSI_Uttarakhand_(Rudraprayag)_20260923_195747",
        "event_type": "geological",
        "timestamp": "2026-09-23T19:57:47.211279",
        "valid_from": "2026-09-23T19:57:47.211279",
        "valid_until": "2026-09-24T01:57:47.211279",
        "location_name": "Uttarakhand (Rudraprayag)",
        "risk_zone": "high",
        "event_type_detail": null,
        "severity": null,
        "description": "Normal geological conditions"
      },
      "geometry": {
        "type": "Point",
        "coordinates": [
          88.9776,
          30.2865
        ]
      }
    },
    {
      "type": "Feature",
      "properties": {
        "source": "GSI",
        "source_record_id": "GSI_Himachal_Pradesh_(Mandi)_20260923_195747",
        "event_type": "geological",
        "timestamp": "2026-09-23T19:57:47.211279",
        "valid_from": "2026-09-23T19:57:47.211279",
        "valid_until": "2026-09-24T01:57:47.211279",
        "location_name": "Himachal Pradesh (Mandi)",
        "risk_zone": "medium",
        "event_type_detail": null,
        "severity": null,
        "description": "Normal geological conditions"
      },
      "geometry": {
        "type": "Point",
        "coordinates": [
          76.9366,
          31.7084
        ]
      }
    },
    {
      "type": "Feature",
      "properties": {
        "source": "GSI",
        "source_record_id": "GSI_Sikkim_(Gangtok)_20260923_195747",
        "event_type": "geological",
        "timestamp": "2026-09-23T19:57:47.211279",
        "valid_from": "2026-09-23T19:57:47.211279",
        "valid_until": "2026-09-24T01:57:47.211279",
        "location_name": "Sikkim (Gangtok)",
        "risk_zone": "high",
        "event_type_detail": null,
        "severity": null,
        "description": "Normal geological conditions"
      },
      "geometry": {
        "type": "Point",
        "coordinates": [
          88.6065,
          27.3389
        ]
      }
    },
    {
      "type": "Feature",
      "properties": {
        "source": "GSI",
        "source_record_id": "GSI_Assam_(Guwahati)_20260923_195747",
        "event_type": "geological",
        "timestamp": "2026-09-23T19:57:47.211279",
        "valid_from": "2026-09-23T19:57:47.211279",
        "valid_until": "2026-09-24T01:57:47.211279",
        "location_name": "Assam (Guwahati)",
        "risk_zone": "medium",
        "event_type_detail": null,
        "severity": null,
        "description": "Normal geological conditions"
      },
      "geometry": {
        "type": "Point",
        "coordinates": [
          91.7362,
          26.1445
        ]
      }
    },
    {
      "type": "Feature",
      "properties": {
        "source": "GSI",
        "source_record_id": "GSI_Darjeeling_West_Bengal_20260923_205747",
        "event_type": "geological",
        "timestamp": "2026-09-23T20:57:47.211279",
        "valid_from": "2026-09-23T20:57:47.211279",
        "valid_until": "2026-09-24T02:57:47.211279",
        "location_name": "Darjeeling, West Bengal",
        "risk_zone": "high",
        "event_type_detail": null,
        "severity": null,
        "description": "Normal geological conditions"
      },
      "geometry": {
        "type": "Point",
        "coordinates": [
          88.2627,
          27.036
        ]
      }
    },
    {
      "type": "Feature",
      "properties": {
        "source": "GSI",
        "source_record_id": "GSI_Uttarakhand_(Rudraprayag)_20260923_205747",
        "event_type": "geological",
        "timestamp": "2026-09-23T20:57:47.211279",
        "valid_from": "2026-09-23T20:57:47.211279",
        "valid_until": "2026-09-24T02:57:47.211279",
        "location_name": "Uttarakhand (Rudraprayag)",
        "risk_zone": "high",
        "event_type_detail": null,
        "severity": null,
        "description": "Normal geological conditions"
      },
      "geometry": {
        "type": "Point",
        "coordinates": [
          88.9776,
          30.2865
        ]
      }
    },
    {
      "type": "Feature",
      "properties": {
        "source": "GSI",
        "source_record_id": "GSI_Himachal_Pradesh_(Mandi)_20260923_205747",
        "event_type": "geological",
        "timestamp": "2026-09-23T20:57:47.211279",
        "valid_from": "2026-09-23T20:57:47.211279",
        "valid_until": "2026-09-24T02:57:47.211279",
        "location_name": "Himachal Pradesh (Mandi)",
        "risk_zone": "medium",
        "event_type_detail": null,
        "severity": null,
        "description": "Normal geological conditions"
      },
      "geometry": {
        "type": "Point",
        "coordinates": [
          76.9366,
          31.7084
        ]
      }
    },
    {
      "type": "Feature",
      "properties": {
        "source": "GSI",
        "source_record_id": "GSI_Sikkim_(Gangtok)_20260923_205747",
        "event_type": "geological",
        "timestamp": "2026-09-23T20:57:47.211279",
        "valid_from": "2026-09-23T20:57:47.211279",
        "valid_until": "2026-09-24T02:57:47.211279",
        "location_name": "Sikkim (Gangtok)",
        "risk_zone": "high",
        "event_type_detail": null,
        "severity": null,
        "description": "Normal geological conditions"
      },
      "geometry": {
        "type": "Point",
        "coordinates": [
          88.6065,
          27.3389
        ]
      }
    },
    {
      "type": "Feature",
      "properties": {
        "source": "GSI",
        "source_record_id": "GSI_Assam_(Guwahati)_20260923_205747",
        "event_type": "geological",
        "timestamp": "2026-09-23T20:57:47.211279",
        "valid_from": "2026-09-23T20:57:47.211279",
        "valid_until": "2026-09-24T02:57:47.211279",
        "location_name": "Assam (Guwahati)",
        "risk_zone": "medium",
        "event_type_detail": null,
        "severity": null,
        "description": "Normal geological conditions"
      },
      "geometry": {
        "type": "Point",
        "coordinates": [
          91.7362,
          26.1445
        ]
      }
    },
    {
      "type": "Feature",
      "properties": {
        "source": "GSI",
        "source_record_id": "GSI_Darjeeling_West_Bengal_20260923_215747",
        "event_type": "geological",
        "timestamp": "2026-09-23T21:57:47.211279",
        "valid_from": "2026-09-23T21:57:47.211279",
        "valid_until": "2026-09-24T03:57:47.211279",
        "location_name": "Darjeeling, West Bengal",
        "risk_zone": "high",
        "event_type_detail": null,
        "severity": null,
        "description": "Normal geological conditions"
      },
      "geometry": {
        "type": "Point",
        "coordinates": [
          88.2627,
          27.036
        ]
      }
    },
    {
      "type": "Feature",
      "properties": {
        "source": "GSI",
        "source_record_id": "GSI_Uttarakhand_(Rudraprayag)_20260923_215747",
        "event_type": "geological",
        "timestamp": "2026-09-23T21:57:47.211279",
        "valid_from": "2026-09-23T21:57:47.211279",
        "valid_until": "2026-09-24T03:57:47.211279",
        "location_name": "Uttarakhand (Rudraprayag)",
        "risk_zone": "high",
        "event_type_detail": null,
        "severity": null,
        "description": "Normal geological conditions"
      },
      "geometry": {
        "type": "Point",
        "coordinates": [
          88.9776,
          30.2865
        ]
      }
    },
    {
      "type": "Feature",
      "properties": {
        "source": "GSI",
        "source_record_id": "GSI_Himachal_Pradesh_(Mandi)_20260923_215747",
        "event_type": "geological",
        "timestamp": "2026-09-23T21:57:47.211279",
        "valid_from": "2026-09-23T21:57:47.211279",
        "valid_until": "2026-09-24T03:57:47.211279",
        "location_name": "Himachal Pradesh (Mandi)",
        "risk_zone": "medium",
        "event_type_detail": "rockfall",
        "severity": "low",
        "description": "Rockfall in Himachal Pradesh (Mandi)"
      },
      "geometry": {
        "type": "Point",
        "coordinates": [
          76.9366,
          31.7084
        ]
      }
    },
    {
      "type": "Feature",
      "properties": {
        "source": "GSI",
        "source_record_id": "GSI_Sikkim_(Gangtok)_20260923_215747",
        "event_type": "geological",
        "timestamp": "2026-09-23T21:57:47.211279",
        "valid_from": "2026-09-23T21:57:47.211279",
        "valid_until": "2026-09-24T03:57:47.211279",
        "location_name": "Sikkim (Gangtok)",
        "risk_zone": "high",
        "event_type_detail": null,
        "severity": null,
        "description": "Normal geological conditions"
      },
      "geometry": {
        "type": "Point",
        "coordinates": [
          88.6065,
          27.3389
        ]
      }
    },
    {
      "type": "Feature",
      "properties": {
        "source": "GSI",
        "source_record_id": "GSI_Assam_(Guwahati)_20260923_215747",
        "event_type": "geological",
        "timestamp": "2026-09-23T21:57:47.211279",
        "valid_from": "2026-09-23T21:57:47.211279",
        "valid_until": "2026-09-24T03:57:47.211279",
        "location_name": "Assam (Guwahati)",
        "risk_zone": "medium",
        "event_type_detail": null,
        "severity": null,
        "description": "Normal geological conditions"
      },
      "geometry": {
        "type": "Point",
        "coordinates": [
          91.7362,
          26.1445
        ]
      }
    },
    {
      "type": "Feature",
      "properties": {
        "source": "GSI",
        "source_record_id": "GSI_Darjeeling_West_Bengal_20260923_225747",
        "event_type": "geological",
        "timestamp": "2026-09-23T22:57:47.211279",
        "valid_from": "2026-09-23T22:57:47.211279",
        "valid_until": "2026-09-24T04:57:47.211279",
        "location_name": "Darjeeling, West Bengal",
        "risk_zone": "high",
        "event_type_detail": null,
        "severity": null,
        "description": "Normal geological conditions"
      },
      "geometry": {
        "type": "Point",
        "coordinates": [
          88.2627,
          27.036
        ]
      }
    },
    {
      "type": "Feature",
      "properties": {
        "source": "GSI",
        "source_record_id": "GSI_Uttarakhand_(Rudraprayag)_20260923_225747",
        "event_type": "geological",
        "timestamp": "2026-09-23T22:57:47.211279",
        "valid_from": "2026-09-23T22:57:47.211279",
        "valid_until": "2026-09-24T04:57:47.211279",
        "location_name": "Uttarakhand (Rudraprayag)",
        "risk_zone": "high",
        "event_type_detail": null,
        "severity": null,
        "description": "Normal geological conditions"
      },
      "geometry": {
        "type": "Point",
        "coordinates": [
          88.9776,
          30.2865
        ]
      }
    },
    {
      "type": "Feature",
      "properties": {
        "source": "GSI",
        "source_record_id": "GSI_Himachal_Pradesh_(Mandi)_20260923_225747",
        "event_type": "geological",
        "timestamp": "2026-09-23T22:57:47.211279",
        "valid_from": "2026-09-23T22:57:47.211279",
        "valid_until": "2026-09-24T04:57:47.211279",
        "location_name": "Himachal Pradesh (Mandi)",
        "risk_zone": "medium",
        "event_type_detail": "landslide",
        "severity": "low",
        "description": "Landslide in Himachal Pradesh (Mandi)"
      },
      "geometry": {
        "type": "Point",
        "coordinates": [
          76.9366,
          31.7084
        ]
      }
    },
    {
      "type": "Feature",
      "properties": {
        "source": "GSI",
        "source_record_id": "GSI_Sikkim_(Gangtok)_20260923_225747",
        "event_type": "geological",
        "timestamp": "2026-09-23T22:57:47.211279",
        "valid_from": "2026-09-23T22:57:47.211279",
        "valid_until": "2026-09-24T04:57:47.211279",
        "location_name": "Sikkim (Gangtok)",
        "risk_zone": "high",
        "event_type_detail": null,
        "severity": null,
        "description": "Normal geological conditions"
      },
      "geometry": {
        "type": "Point",
        "coordinates": [
          88.6065,
          27.3389
        ]
      }
    },
    {
      "type": "Feature",
      "properties": {
        "source": "GSI",
        "source_record_id": "GSI_Assam_(Guwahati)_20260923_225747",
        "event_type": "geological",
        "timestamp": "2026-09-23T22:57:47.211279",
        "valid_from": "2026-09-23T22:57:47.211279",
        "valid_until": "2026-09-24T04:57:47.211279",
        "location_name": "Assam (Guwahati)",
        "risk_zone": "medium",
        "event_type_detail": null,
        "severity": null,
        "description": "Normal geological conditions"
      },
      "geometry": {
        "type": "Point",
        "coordinates": [
          91.7362,
          26.1445
        ]
      }
    },
    {
      "type": "Feature",
      "properties": {
        "source": "GSI",
        "source_record_id": "GSI_Darjeeling_West_Bengal_20260923_235747",
        "event_type": "geological",
        "timestamp": "2026-09-23T23:57:47.211279",
        "valid_from": "2026-09-23T23:57:47.211279",
        "valid_until": "2026-09-24T05:57:47.211279",
        "location_name": "Darjeeling, West Bengal",
        "risk_zone": "high",
        "event_type_detail": null,
        "severity": null,
        "description": "Normal geological conditions"
      },
      "geometry": {
        "type": "Point",
        "coordinates": [
          88.2627,
          27.036
        ]
      }
    },
    {
      "type": "Feature",
      "properties": {
        "source": "GSI",
        "source_record_id": "GSI_Uttarakhand_(Rudraprayag)_20260923_235747",
        "event_type": "geological",
        "timestamp": "2026-09-23T23:57:47.211279",
        "valid_from": "2026-09-23T23:57:47.211279",
        "valid_until": "2026-09-24T05:57:47.211279",
        "location_name": "Uttarakhand (Rudraprayag)",
        "risk_zone": "high",
        "event_type_detail": "rockfall",
        "severity": "low",
        "description": "Rockfall in Uttarakhand (Rudraprayag)"
      },
      "geometry": {
        "type": "Point",
        "coordinates": [
          88.9776,
          30.2865
        ]
      }
    },
    {
      "type": "Feature",
      "properties": {
        "source": "GSI",
        "source_record_id": "GSI_Himachal_Pradesh_(Mandi)_20260923_235747",
        "event_type": "geological",
        "timestamp": "2026-09-23T23:57:47.211279",
        "valid_from": "2026-09-23T23:57:47.211279",
        "valid_until": "2026-09-24T05:57:47.211279",
        "location_name": "Himachal Pradesh (Mandi)",
        "risk_zone": "medium",
        "event_type_detail": null,
        "severity": null,
        "description": "Normal geological conditions"
      },
      "geometry": {
        "type": "Point",
        "coordinates": [
          76.9366,
          31.7084
        ]
      }
    },
    {
      "type": "Feature",
      "properties": {
        "source": "GSI",
        "source_record_id": "GSI_Sikkim_(Gangtok)_20260923_235747",
        "event_type": "geological",
        "timestamp": "2026-09-23T23:57:47.211279",
        "valid_from": "2026-09-23T23:57:47.211279",
        "valid_until": "2026-09-24T05:57:47.211279",
        "location_name": "Sikkim (Gangtok)",
        "risk_zone": "high",
        "event_type_detail": null,
        "severity": null,
        "description": "Normal geological conditions"
      },
      "geometry": {
        "type": "Point",
        "coordinates": [
          88.6065,
          27.3389
        ]
      }
    },
    {
      "type": "Feature",
      "properties": {
        "source": "GSI",
        "source_record_id": "GSI_Assam_(Guwahati)_20260923_235747",
        "event_type": "geological",
        "timestamp": "2026-09-23T23:57:47.211279",
        "valid_from": "2026-09-23T23:57:47.211279",
        "valid_until": "2026-09-24T05:57:47.211279",
        "location_name": "Assam (Guwahati)",
        "risk_zone": "medium",
        "event_type_detail": null,
        "severity": null,
        "description": "Normal geological conditions"
      },
      "geometry": {
        "type": "Point",
        "coordinates": [
          91.7362,
          26.1445
        ]
      }
    },
    {
      "type": "Feature",
      "properties": {
        "source": "GSI",
        "source_record_id": "GSI_Darjeeling_West_Bengal_20260924_005747",
        "event_type": "geological",
        "timestamp": "2026-09-24T00:57:47.211279",
        "valid_from": "2026-09-24T00:57:47.211279",
        "valid_until": "2026-09-24T06:57:47.211279",
        "location_name": "Darjeeling, West Bengal",
        "risk_zone": "high",
        "event_type_detail": "landslide",
        "severity": "low",
        "description": "Landslide in Darjeeling, West Bengal"
      },
      "geometry": {
        "type": "Point",
        "coordinates": [
          88.2627,
          27.036
        ]
      }
    },
    {
      "type": "Feature",
      "properties": {
        "source": "GSI",
        "source_record_id": "GSI_Uttarakhand_(Rudraprayag)_20260924_005747",
        "event_type": "geological",
        "timestamp": "2026-09-24T00:57:47.211279",
        "valid_from": "2026-09-24T00:57:47.211279",
        "valid_until": "2026-09-24T06:57:47.211279",
        "location_name": "Uttarakhand (Rudraprayag)",
        "risk_zone": "high",
        "event_type_detail": null,
        "severity": null,
        "description": "Normal geological conditions"
      },
      "geometry": {
        "type": "Point",
        "coordinates": [
          88.9776,
          30.2865
        ]
      }
    },
    {
      "type": "Feature",
      "properties": {
        "source": "GSI",
        "source_record_id": "GSI_Himachal_Pradesh_(Mandi)_20260924_005747",
        "event_type": "geological",
        "timestamp": "2026-09-24T00:57:47.211279",
        "valid_from": "2026-09-24T00:57:47.211279",
        "valid_until": "2026-09-24T06:57:47.211279",
        "location_name": "Himachal Pradesh (Mandi)",
        "risk_zone": "medium",
        "event_type_detail": null,
        "severity": null,
        "description": "Normal geological conditions"
      },
      "geometry": {
        "type": "Point",
        "coordinates": [
          76.9366,
          31.7084
        ]
      }
    },
    {
      "type": "Feature",
      "properties": {
        "source": "GSI",
        "source_record_id": "GSI_Sikkim_(Gangtok)_20260924_005747",
        "event_type": "geological",
        "timestamp": "2026-09-24T00:57:47.211279",
        "valid_from": "2026-09-24T00:57:47.211279",
        "valid_until": "2026-09-24T06:57:47.211279",
        "location_name": "Sikkim (Gangtok)",
        "risk_zone": "high",
        "event_type_detail": null,
        "severity": null,
        "description": "Normal geological conditions"
      },
      "geometry": {
        "type": "Point",
        "coordinates": [
          88.6065,
          27.3389
        ]
      }
    },
    {
      "type": "Feature",
      "properties": {
        "source": "GSI",
        "source_record_id": "GSI_Assam_(Guwahati)_20260924_005747",
        "event_type": "geological",
        "timestamp": "2026-09-24T00:57:47.211279",
        "valid_from": "2026-09-24T00:57:47.211279",
        "valid_until": "2026-09-24T06:57:47.211279",
        "location_name": "Assam (Guwahati)",
        "risk_zone": "medium",
        "event_type_detail": null,
        "severity": null,
        "description": "Normal geological conditions"
      },
      "geometry": {
        "type": "Point",
        "coordinates": [
          91.7362,
          26.1445
        ]
      }
    },
    {
      "type": "Feature",
      "properties": {
        "source": "GSI",
        "source_record_id": "GSI_Darjeeling_West_Bengal_20260924_015747",
        "event_type": "geological",
        "timestamp": "2026-09-24T01:57:47.211279",
        "valid_from": "2026-09-24T01:57:47.211279",
        "valid_until": "2026-09-24T07:57:47.211279",
        "location_name": "Darjeeling, West Bengal",
        "risk_zone": "high",
        "event_type_detail": null,
        "severity": null,
        "description": "Normal geological conditions"
      },
      "geometry": {
        "type": "Point",
        "coordinates": [
          88.2627,
          27.036
        ]
      }
    },
    {
      "type": "Feature",
      "properties": {
        "source": "GSI",
        "source_record_id": "GSI_Uttarakhand_(Rudraprayag)_20260924_015747",
        "event_type": "geological",
        "timestamp": "2026-09-24T01:57:47.211279",
        "valid_from": "2026-09-24T01:57:47.211279",
        "valid_until": "2026-09-24T07:57:47.211279",
        "location_name": "Uttarakhand (Rudraprayag)",
        "risk_zone": "high",
        "event_type_detail": null,
        "severity": null,
        "description": "Normal geological conditions"
      },
      "geometry": {
        "type": "Point",
        "coordinates": [
          88.9776,
          30.2865
        ]
      }
    },
    {
      "type": "Feature",
      "properties": {
        "source": "GSI",
        "source_record_id": "GSI_Himachal_Pradesh_(Mandi)_20260924_015747",
        "event_type": "geological",
        "timestamp": "2026-09-24T01:57:47.211279",
        "valid_from": "2026-09-24T01:57:47.211279",
        "valid_until": "2026-09-24T07:57:47.211279",
        "location_name": "Himachal Pradesh (Mandi)",
        "risk_zone": "medium",
        "event_type_detail": null,
        "severity": null,
        "description": "Normal geological conditions"
      },
      "geometry": {
        "type": "Point",
        "coordinates": [
          76.9366,
          31.7084
        ]
      }
    },
    {
      "type": "Feature",
      "properties": {
        "source": "GSI",
        "source_record_id": "GSI_Sikkim_(Gangtok)_20260924_015747",
        "event_type": "geological",
        "timestamp": "2026-09-24T01:57:47.211279",
        "valid_from": "2026-09-24T01:57:47.211279",
        "valid_until": "2026-09-24T07:57:47.211279",
        "location_name": "Sikkim (Gangtok)",
        "risk_zone": "high",
        "event_type_detail": null,
        "severity": null,
        "description": "Normal geological conditions"
      },
      "geometry": {
        "type": "Point",
        "coordinates": [
          88.6065,
          27.3389
        ]
      }
    },
    {
      "type": "Feature",
      "properties": {
        "source": "GSI",
        "source_record_id": "GSI_Assam_(Guwahati)_20260924_015747",
        "event_type": "geological",
        "timestamp": "2026-09-24T01:57:47.211279",
        "valid_from": "2026-09-24T01:57:47.211279",
        "valid_until": "2026-09-24T07:57:47.211279",
        "location_name": "Assam (Guwahati)",
        "risk_zone": "medium",
        "event_type_detail": null,
        "severity": null,
        "description": "Normal geological conditions"
      },
      "geometry": {
        "type": "Point",
        "coordinates": [
          91.7362,
          26.1445
        ]
      }
    },
    {
      "type": "Feature",
      "properties": {
        "source": "GSI",
        "source_record_id": "GSI_Darjeeling_West_Bengal_20260924_025747",
        "event_type": "geological",
        "timestamp": "2026-09-24T02:57:47.211279",
        "valid_from": "2026-09-24T02:57:47.211279",
        "valid_until": "2026-09-24T08:57:47.211279",
        "location_name": "Darjeeling, West Bengal",
        "risk_zone": "high",
        "event_type_detail": null,
        "severity": null,
        "description": "Normal geological conditions"
      },
      "geometry": {
        "type": "Point",
        "coordinates": [
          88.2627,
          27.036
        ]
      }
    },
    {
      "type": "Feature",
      "properties": {
        "source": "GSI",
        "source_record_id": "GSI_Uttarakhand_(Rudraprayag)_20260924_025747",
        "event_type": "geological",
        "timestamp": "2026-09-24T02:57:47.211279",
        "valid_from": "2026-09-24T02:57:47.211279",
        "valid_until": "2026-09-24T08:57:47.211279",
        "location_name": "Uttarakhand (Rudraprayag)",
        "risk_zone": "high",
        "event_type_detail": null,
        "severity": null,
        "description": "Normal geological conditions"
      },
      "geometry": {
        "type": "Point",
        "coordinates": [
          88.9776,
          30.2865
        ]
      }
    },
    {
      "type": "Feature",
      "properties": {
        "source": "GSI",
        "source_record_id": "GSI_Himachal_Pradesh_(Mandi)_20260924_025747",
        "event_type": "geological",
        "timestamp": "2026-09-24T02:57:47.211279",
        "valid_from": "2026-09-24T02:57:47.211279",
        "valid_until": "2026-09-24T08:57:47.211279",
        "location_name": "Himachal Pradesh (Mandi)",
        "risk_zone": "medium",
        "event_type_detail": null,
        "severity": null,
        "description": "Normal geological conditions"
      },
      "geometry": {
        "type": "Point",
        "coordinates": [
          76.9366,
          31.7084
        ]
      }
    },
    {
      "type": "Feature",
      "properties": {
        "source": "GSI",
        "source_record_id": "GSI_Sikkim_(Gangtok)_20260924_025747",
        "event_type": "geological",
        "timestamp": "2026-09-24T02:57:47.211279",
        "valid_from": "2026-09-24T02:57:47.211279",
        "valid_until": "2026-09-24T08:57:47.211279",
        "location_name": "Sikkim (Gangtok)",
        "risk_zone": "high",
        "event_type_detail": "soil_erosion",
        "severity": "medium",
        "description": "Soil_Erosion in Sikkim (Gangtok)"
      },
      "geometry": {
        "type": "Point",
        "coordinates": [
          88.6065,
          27.3389
        ]
      }
    },
    {
      "type": "Feature",
      "properties": {
        "source": "GSI",
        "source_record_id": "GSI_Assam_(Guwahati)_20260924_025747",
        "event_type": "geological",
        "timestamp": "2026-09-24T02:57:47.211279",
        "valid_from": "2026-09-24T02:57:47.211279",
        "valid_until": "2026-09-24T08:57:47.211279",
        "location_name": "Assam (Guwahati)",
        "risk_zone": "medium",
        "event_type_detail": null,
        "severity": null,
        "description": "Normal geological conditions"
      },
      "geometry": {
        "type": "Point",
        "coordinates": [
          91.7362,
          26.1445
        ]
      }
    },
    {
      "type": "Feature",
      "properties": {
        "source": "GSI",
        "source_record_id": "GSI_Darjeeling_West_Bengal_20260924_035747",
        "event_type": "geological",
        "timestamp": "2026-09-24T03:57:47.211279",
        "valid_from": "2026-09-24T03:57:47.211279",
        "valid_until": "2026-09-24T09:57:47.211279",
        "location_name": "Darjeeling, West Bengal",
        "risk_zone": "high",
        "event_type_detail": null,
        "severity": null,
        "description": "Normal geological conditions"
      },
      "geometry": {
        "type": "Point",
        "coordinates": [
          88.2627,
          27.036
        ]
      }
    },
    {
      "type": "Feature",
      "properties": {
        "source": "GSI",
        "source_record_id": "GSI_Uttarakhand_(Rudraprayag)_20260924_035747",
        "event_type": "geological",
        "timestamp": "2026-09-24T03:57:47.211279",
        "valid_from": "2026-09-24T03:57:47.211279",
        "valid_until": "2026-09-24T09:57:47.211279",
        "location_name": "Uttarakhand (Rudraprayag)",
        "risk_zone": "high",
        "event_type_detail": null,
        "severity": null,
        "description": "Normal geological conditions"
      },
      "geometry": {
        "type": "Point",
        "coordinates": [
          88.9776,
          30.2865
        ]
      }
    },
    {
      "type": "Feature",
      "properties": {
        "source": "GSI",
        "source_record_id": "GSI_Himachal_Pradesh_(Mandi)_20260924_035747",
        "event_type": "geological",
        "timestamp": "2026-09-24T03:57:47.211279",
        "valid_from": "2026-09-24T03:57:47.211279",
        "valid_until": "2026-09-24T09:57:47.211279",
        "location_name": "Himachal Pradesh (Mandi)",
        "risk_zone": "medium",
        "event_type_detail": null,
        "severity": null,
        "description": "Normal geological conditions"
      },
      "geometry": {
        "type": "Point",
        "coordinates": [
          76.9366,
          31.7084
        ]
      }
    },
    {
      "type": "Feature",
      "properties": {
        "source": "GSI",
        "source_record_id": "GSI_Sikkim_(Gangtok)_20260924_035747",
        "event_type": "geological",
        "timestamp": "2026-09-24T03:57:47.211279",
        "valid_from": "2026-09-24T03:57:47.211279",
        "valid_until": "2026-09-24T09:57:47.211279",
        "location_name": "Sikkim (Gangtok)",
        "risk_zone": "high",
        "event_type_detail": null,
        "severity": null,
        "description": "Normal geological conditions"
      },
      "geometry": {
        "type": "Point",
        "coordinates": [
          88.6065,
          27.3389
        ]
      }
    },
    {
      "type": "Feature",
      "properties": {
        "source": "GSI",
        "source_record_id": "GSI_Assam_(Guwahati)_20260924_035747",
        "event_type": "geological",
        "timestamp": "2026-09-24T03:57:47.211279",
        "valid_from": "2026-09-24T03:57:47.211279",
        "valid_until": "2026-09-24T09:57:47.211279",
        "location_name": "Assam (Guwahati)",
        "risk_zone": "medium",
        "event_type_detail": "landslide",
        "severity": "medium",
        "description": "Landslide in Assam (Guwahati)"
      },
      "geometry": {
        "type": "Point",
        "coordinates": [
          91.7362,
          26.1445
        ]
      }
    },
    {
      "type": "Feature",
      "properties": {
        "source": "GSI",
        "source_record_id": "GSI_Darjeeling_West_Bengal_20260924_045747",
        "event_type": "geological",
        "timestamp": "2026-09-24T04:57:47.211279",
        "valid_from": "2026-09-24T04:57:47.211279",
        "valid_until": "2026-09-24T10:57:47.211279",
        "location_name": "Darjeeling, West Bengal",
        "risk_zone": "high",
        "event_type_detail": null,
        "severity": null,
        "description": "Normal geological conditions"
      },
      "geometry": {
        "type": "Point",
        "coordinates": [
          88.2627,
          27.036
        ]
      }
    },
    {
      "type": "Feature",
      "properties": {
        "source": "GSI",
        "source_record_id": "GSI_Uttarakhand_(Rudraprayag)_20260924_045747",
        "event_type": "geological",
        "timestamp": "2026-09-24T04:57:47.211279",
        "valid_from": "2026-09-24T04:57:47.211279",
        "valid_until": "2026-09-24T10:57:47.211279",
        "location_name": "Uttarakhand (Rudraprayag)",
        "risk_zone": "high",
        "event_type_detail": null,
        "severity": null,
        "description": "Normal geological conditions"
      },
      "geometry": {
        "type": "Point",
        "coordinates": [
          88.9776,
          30.2865
        ]
      }
    },
    {
      "type": "Feature",
      "properties": {
        "source": "GSI",
        "source_record_id": "GSI_Himachal_Pradesh_(Mandi)_20260924_045747",
        "event_type": "geological",
        "timestamp": "2026-09-24T04:57:47.211279",
        "valid_from": "2026-09-24T04:57:47.211279",
        "valid_until": "2026-09-24T10:57:47.211279",
        "location_name": "Himachal Pradesh (Mandi)",
        "risk_zone": "medium",
        "event_type_detail": null,
        "severity": null,
        "description": "Normal geological conditions"
      },
      "geometry": {
        "type": "Point",
        "coordinates": [
          76.9366,
          31.7084
        ]
      }
    },
    {
      "type": "Feature",
      "properties": {
        "source": "GSI",
        "source_record_id": "GSI_Sikkim_(Gangtok)_20260924_045747",
        "event_type": "geological",
        "timestamp": "2026-09-24T04:57:47.211279",
        "valid_from": "2026-09-24T04:57:47.211279",
        "valid_until": "2026-09-24T10:57:47.211279",
        "location_name": "Sikkim (Gangtok)",
        "risk_zone": "high",
        "event_type_detail": null,
        "severity": null,
        "description": "Normal geological conditions"
      },
      "geometry": {
        "type": "Point",
        "coordinates": [
          88.6065,
          27.3389
        ]
      }
    },
    {
      "type": "Feature",
      "properties": {
        "source": "GSI",
        "source_record_id": "GSI_Assam_(Guwahati)_20260924_045747",
        "event_type": "geological",
        "timestamp": "2026-09-24T04:57:47.211279",
        "valid_from": "2026-09-24T04:57:47.211279",
        "valid_until": "2026-09-24T10:57:47.211279",
        "location_name": "Assam (Guwahati)",
        "risk_zone": "medium",
        "event_type_detail": null,
        "severity": null,
        "description": "Normal geological conditions"
      },
      "geometry": {
        "type": "Point",
        "coordinates": [
          91.7362,
          26.1445
        ]
      }
    },
    {
      "type": "Feature",
      "properties": {
        "source": "GSI",
        "source_record_id": "GSI_Darjeeling_West_Bengal_20260924_055747",
        "event_type": "geological",
        "timestamp": "2026-09-24T05:57:47.211279",
        "valid_from": "2026-09-24T05:57:47.211279",
        "valid_until": "2026-09-24T11:57:47.211279",
        "location_name": "Darjeeling, West Bengal",
        "risk_zone": "high",
        "event_type_detail": null,
        "severity": null,
        "description": "Normal geological conditions"
      },
      "geometry": {
        "type": "Point",
        "coordinates": [
          88.2627,
          27.036
        ]
      }
    },
    {
      "type": "Feature",
      "properties": {
        "source": "GSI",
        "source_record_id": "GSI_Uttarakhand_(Rudraprayag)_20260924_055747",
        "event_type": "geological",
        "timestamp": "2026-09-24T05:57:47.211279",
        "valid_from": "2026-09-24T05:57:47.211279",
        "valid_until": "2026-09-24T11:57:47.211279",
        "location_name": "Uttarakhand (Rudraprayag)",
        "risk_zone": "high",
        "event_type_detail": null,
        "severity": null,
        "description": "Normal geological conditions"
      },
      "geometry": {
        "type": "Point",
        "coordinates": [
          88.9776,
          30.2865
        ]
      }
    },
    {
      "type": "Feature",
      "properties": {
        "source": "GSI",
        "source_record_id": "GSI_Himachal_Pradesh_(Mandi)_20260924_055747",
        "event_type": "geological",
        "timestamp": "2026-09-24T05:57:47.211279",
        "valid_from": "2026-09-24T05:57:47.211279",
        "valid_until": "2026-09-24T11:57:47.211279",
        "location_name": "Himachal Pradesh (Mandi)",
        "risk_zone": "medium",
        "event_type_detail": "landslide",
        "severity": "medium",
        "description": "Landslide in Himachal Pradesh (Mandi)"
      },
      "geometry": {
        "type": "Point",
        "coordinates": [
          76.9366,
          31.7084
        ]
      }
    },
    {
      "type": "Feature",
      "properties": {
        "source": "GSI",
        "source_record_id": "GSI_Sikkim_(Gangtok)_20260924_055747",
        "event_type": "geological",
        "timestamp": "2026-09-24T05:57:47.211279",
        "valid_from": "2026-09-24T05:57:47.211279",
        "valid_until": "2026-09-24T11:57:47.211279",
        "location_name": "Sikkim (Gangtok)",
        "risk_zone": "high",
        "event_type_detail": null,
        "severity": null,
        "description": "Normal geological conditions"
      },
      "geometry": {
        "type": "Point",
        "coordinates": [
          88.6065,
          27.3389
        ]
      }
    },
    {
      "type": "Feature",
      "properties": {
        "source": "GSI",
        "source_record_id": "GSI_Assam_(Guwahati)_20260924_055747",
        "event_type": "geological",
        "timestamp": "2026-09-24T05:57:47.211279",
        "valid_from": "2026-09-24T05:57:47.211279",
        "valid_until": "2026-09-24T11:57:47.211279",
        "location_name": "Assam (Guwahati)",
        "risk_zone": "medium",
        "event_type_detail": null,
        "severity": null,
        "description": "Normal geological conditions"
      },
      "geometry": {
        "type": "Point",
        "coordinates": [
          91.7362,
          26.1445
        ]
      }
    },
    {
      "type": "Feature",
      "properties": {
        "source": "GSI",
        "source_record_id": "GSI_Darjeeling_West_Bengal_20260924_065747",
        "event_type": "geological",
        "timestamp": "2026-09-24T06:57:47.211279",
        "valid_from": "2026-09-24T06:57:47.211279",
        "valid_until": "2026-09-24T12:57:47.211279",
        "location_name": "Darjeeling, West Bengal",
        "risk_zone": "high",
        "event_type_detail": null,
        "severity": null,
        "description": "Normal geological conditions"
      },
      "geometry": {
        "type": "Point",
        "coordinates": [
          88.2627,
          27.036
        ]
      }
    },
    {
      "type": "Feature",
      "properties": {
        "source": "GSI",
        "source_record_id": "GSI_Uttarakhand_(Rudraprayag)_20260924_065747",
        "event_type": "geological",
        "timestamp": "2026-09-24T06:57:47.211279",
        "valid_from": "2026-09-24T06:57:47.211279",
        "valid_until": "2026-09-24T12:57:47.211279",
        "location_name": "Uttarakhand (Rudraprayag)",
        "risk_zone": "high",
        "event_type_detail": null,
        "severity": null,
        "description": "Normal geological conditions"
      },
      "geometry": {
        "type": "Point",
        "coordinates": [
          88.9776,
          30.2865
        ]
      }
    },
    {
      "type": "Feature",
      "properties": {
        "source": "GSI",
        "source_record_id": "GSI_Himachal_Pradesh_(Mandi)_20260924_065747",
        "event_type": "geological",
        "timestamp": "2026-09-24T06:57:47.211279",
        "valid_from": "2026-09-24T06:57:47.211279",
        "valid_until": "2026-09-24T12:57:47.211279",
        "location_name": "Himachal Pradesh (Mandi)",
        "risk_zone": "medium",
        "event_type_detail": null,
        "severity": null,
        "description": "Normal geological conditions"
      },
      "geometry": {
        "type": "Point",
        "coordinates": [
          76.9366,
          31.7084
        ]
      }
    },
    {
      "type": "Feature",
      "properties": {
        "source": "GSI",
        "source_record_id": "GSI_Sikkim_(Gangtok)_20260924_065747",
        "event_type": "geological",
        "timestamp": "2026-09-24T06:57:47.211279",
        "valid_from": "2026-09-24T06:57:47.211279",
        "valid_until": "2026-09-24T12:57:47.211279",
        "location_name": "Sikkim (Gangtok)",
        "risk_zone": "high",
        "event_type_detail": "soil_erosion",
        "severity": "high",
        "description": "Soil_Erosion in Sikkim (Gangtok)"
      },
      "geometry": {
        "type": "Point",
        "coordinates": [
          88.6065,
          27.3389
        ]
      }
    },
    {
      "type": "Feature",
      "properties": {
        "source": "GSI",
        "source_record_id": "GSI_Assam_(Guwahati)_20260924_065747",
        "event_type": "geological",
        "timestamp": "2026-09-24T06:57:47.211279",
        "valid_from": "2026-09-24T06:57:47.211279",
        "valid_until": "2026-09-24T12:57:47.211279",
        "location_name": "Assam (Guwahati)",
        "risk_zone": "medium",
        "event_type_detail": null,
        "severity": null,
        "description": "Normal geological conditions"
      },
      "geometry": {
        "type": "Point",
        "coordinates": [
          91.7362,
          26.1445
        ]
      }
    },
    {
      "type": "Feature",
      "properties": {
        "source": "GSI",
        "source_record_id": "GSI_Darjeeling_West_Bengal_20260924_075747",
        "event_type": "geological",
        "timestamp": "2026-09-24T07:57:47.211279",
        "valid_from": "2026-09-24T07:57:47.211279",
        "valid_until": "2026-09-24T13:57:47.211279",
        "location_name": "Darjeeling, West Bengal",
        "risk_zone": "high",
        "event_type_detail": null,
        "severity": null,
        "description": "Normal geological conditions"
      },
      "geometry": {
        "type": "Point",
        "coordinates": [
          88.2627,
          27.036
        ]
      }
    },
    {
      "type": "Feature",
      "properties": {
        "source": "GSI",
        "source_record_id": "GSI_Uttarakhand_(Rudraprayag)_20260924_075747",
        "event_type": "geological",
        "timestamp": "2026-09-24T07:57:47.211279",
        "valid_from": "2026-09-24T07:57:47.211279",
        "valid_until": "2026-09-24T13:57:47.211279",
        "location_name": "Uttarakhand (Rudraprayag)",
        "risk_zone": "high",
        "event_type_detail": null,
        "severity": null,
        "description": "Normal geological conditions"
      },
      "geometry": {
        "type": "Point",
        "coordinates": [
          88.9776,
          30.2865
        ]
      }
    },
    {
      "type": "Feature",
      "properties": {
        "source": "GSI",
        "source_record_id": "GSI_Himachal_Pradesh_(Mandi)_20260924_075747",
        "event_type": "geological",
        "timestamp": "2026-09-24T07:57:47.211279",
        "valid_from": "2026-09-24T07:57:47.211279",
        "valid_until": "2026-09-24T13:57:47.211279",
        "location_name": "Himachal Pradesh (Mandi)",
        "risk_zone": "medium",
        "event_type_detail": null,
        "severity": null,
        "description": "Normal geological conditions"
      },
      "geometry": {
        "type": "Point",
        "coordinates": [
          76.9366,
          31.7084
        ]
      }
    },
    {
      "type": "Feature",
      "properties": {
        "source": "GSI",
        "source_record_id": "GSI_Sikkim_(Gangtok)_20260924_075747",
        "event_type": "geological",
        "timestamp": "2026-09-24T07:57:47.211279",
        "valid_from": "2026-09-24T07:57:47.211279",
        "valid_until": "2026-09-24T13:57:47.211279",
        "location_name": "Sikkim (Gangtok)",
        "risk_zone": "high",
        "event_type_detail": null,
        "severity": null,
        "description": "Normal geological conditions"
      },
      "geometry": {
        "type": "Point",
        "coordinates": [
          88.6065,
          27.3389
        ]
      }
    },
    {
      "type": "Feature",
      "properties": {
        "source": "GSI",
        "source_record_id": "GSI_Assam_(Guwahati)_20260924_075747",
        "event_type": "geological",
        "timestamp": "2026-09-24T07:57:47.211279",
        "valid_from": "2026-09-24T07:57:47.211279",
        "valid_until": "2026-09-24T13:57:47.211279",
        "location_name": "Assam (Guwahati)",
        "risk_zone": "medium",
        "event_type_detail": null,
        "severity": null,
        "description": "Normal geological conditions"
      },
      "geometry": {
        "type": "Point",
        "coordinates": [
          91.7362,
          26.1445
        ]
      }
    },
    {
      "type": "Feature",
      "properties": {
        "source": "GSI",
        "source_record_id": "GSI_Darjeeling_West_Bengal_20260924_085747",
        "event_type": "geological",
        "timestamp": "2026-09-24T08:57:47.211279",
        "valid_from": "2026-09-24T08:57:47.211279",
        "valid_until": "2026-09-24T14:57:47.211279",
        "location_name": "Darjeeling, West Bengal",
        "risk_zone": "high",
        "event_type_detail": null,
        "severity": null,
        "description": "Normal geological conditions"
      },
      "geometry": {
        "type": "Point",
        "coordinates": [
          88.2627,
          27.036
        ]
      }
    },
    {
      "type": "Feature",
      "properties": {
        "source": "GSI",
        "source_record_id": "GSI_Uttarakhand_(Rudraprayag)_20260924_085747",
        "event_type": "geological",
        "timestamp": "2026-09-24T08:57:47.211279",
        "valid_from": "2026-09-24T08:57:47.211279",
        "valid_until": "2026-09-24T14:57:47.211279",
        "location_name": "Uttarakhand (Rudraprayag)",
        "risk_zone": "high",
        "event_type_detail": null,
        "severity": null,
        "description": "Normal geological conditions"
      },
      "geometry": {
        "type": "Point",
        "coordinates": [
          88.9776,
          30.2865
        ]
      }
    },
    {
      "type": "Feature",
      "properties": {
        "source": "GSI",
        "source_record_id": "GSI_Himachal_Pradesh_(Mandi)_20260924_085747",
        "event_type": "geological",
        "timestamp": "2026-09-24T08:57:47.211279",
        "valid_from": "2026-09-24T08:57:47.211279",
        "valid_until": "2026-09-24T14:57:47.211279",
        "location_name": "Himachal Pradesh (Mandi)",
        "risk_zone": "medium",
        "event_type_detail": null,
        "severity": null,
        "description": "Normal geological conditions"
      },
      "geometry": {
        "type": "Point",
        "coordinates": [
          76.9366,
          31.7084
        ]
      }
    },
    {
      "type": "Feature",
      "properties": {
        "source": "GSI",
        "source_record_id": "GSI_Sikkim_(Gangtok)_20260924_085747",
        "event_type": "geological",
        "timestamp": "2026-09-24T08:57:47.211279",
        "valid_from": "2026-09-24T08:57:47.211279",
        "valid_until": "2026-09-24T14:57:47.211279",
        "location_name": "Sikkim (Gangtok)",
        "risk_zone": "high",
        "event_type_detail": null,
        "severity": null,
        "description": "Normal geological conditions"
      },
      "geometry": {
        "type": "Point",
        "coordinates": [
          88.6065,
          27.3389
        ]
      }
    },
    {
      "type": "Feature",
      "properties": {
        "source": "GSI",
        "source_record_id": "GSI_Assam_(Guwahati)_20260924_085747",
        "event_type": "geological",
        "timestamp": "2026-09-24T08:57:47.211279",
        "valid_from": "2026-09-24T08:57:47.211279",
        "valid_until": "2026-09-24T14:57:47.211279",
        "location_name": "Assam (Guwahati)",
        "risk_zone": "medium",
        "event_type_detail": null,
        "severity": null,
        "description": "Normal geological conditions"
      },
      "geometry": {
        "type": "Point",
        "coordinates": [
          91.7362,
          26.1445
        ]
      }
    },
    {
      "type": "Feature",
      "properties": {
        "source": "GSI",
        "source_record_id": "GSI_Darjeeling_West_Bengal_20260924_095747",
        "event_type": "geological",
        "timestamp": "2026-09-24T09:57:47.211279",
        "valid_from": "2026-09-24T09:57:47.211279",
        "valid_until": "2026-09-24T15:57:47.211279",
        "location_name": "Darjeeling, West Bengal",
        "risk_zone": "high",
        "event_type_detail": null,
        "severity": null,
        "description": "Normal geological conditions"
      },
      "geometry": {
        "type": "Point",
        "coordinates": [
          88.2627,
          27.036
        ]
      }
    },
    {
      "type": "Feature",
      "properties": {
        "source": "GSI",
        "source_record_id": "GSI_Uttarakhand_(Rudraprayag)_20260924_095747",
        "event_type": "geological",
        "timestamp": "2026-09-24T09:57:47.211279",
        "valid_from": "2026-09-24T09:57:47.211279",
        "valid_until": "2026-09-24T15:57:47.211279",
        "location_name": "Uttarakhand (Rudraprayag)",
        "risk_zone": "high",
        "event_type_detail": null,
        "severity": null,
        "description": "Normal geological conditions"
      },
      "geometry": {
        "type": "Point",
        "coordinates": [
          88.9776,
          30.2865
        ]
      }
    },
    {
      "type": "Feature",
      "properties": {
        "source": "GSI",
        "source_record_id": "GSI_Himachal_Pradesh_(Mandi)_20260924_095747",
        "event_type": "geological",
        "timestamp": "2026-09-24T09:57:47.211279",
        "valid_from": "2026-09-24T09:57:47.211279",
        "valid_until": "2026-09-24T15:57:47.211279",
        "location_name": "Himachal Pradesh (Mandi)",
        "risk_zone": "medium",
        "event_type_detail": null,
        "severity": null,
        "description": "Normal geological conditions"
      },
      "geometry": {
        "type": "Point",
        "coordinates": [
          76.9366,
          31.7084
        ]
      }
    },
    {
      "type": "Feature",
      "properties": {
        "source": "GSI",
        "source_record_id": "GSI_Sikkim_(Gangtok)_20260924_095747",
        "event_type": "geological",
        "timestamp": "2026-09-24T09:57:47.211279",
        "valid_from": "2026-09-24T09:57:47.211279",
        "valid_until": "2026-09-24T15:57:47.211279",
        "location_name": "Sikkim (Gangtok)",
        "risk_zone": "high",
        "event_type_detail": null,
        "severity": null,
        "description": "Normal geological conditions"
      },
      "geometry": {
        "type": "Point",
        "coordinates": [
          88.6065,
          27.3389
        ]
      }
    },
    {
      "type": "Feature",
      "properties": {
        "source": "GSI",
        "source_record_id": "GSI_Assam_(Guwahati)_20260924_095747",
        "event_type": "geological",
        "timestamp": "2026-09-24T09:57:47.211279",
        "valid_from": "2026-09-24T09:57:47.211279",
        "valid_until": "2026-09-24T15:57:47.211279",
        "location_name": "Assam (Guwahati)",
        "risk_zone": "medium",
        "event_type_detail": null,
        "severity": null,
        "description": "Normal geological conditions"
      },
      "geometry": {
        "type": "Point",
        "coordinates": [
          91.7362,
          26.1445
        ]
      }
    },
    {
      "type": "Feature",
      "properties": {
        "source": "GSI",
        "source_record_id": "GSI_Darjeeling_West_Bengal_20260924_105747",
        "event_type": "geological",
        "timestamp": "2026-09-24T10:57:47.211279",
        "valid_from": "2026-09-24T10:57:47.211279",
        "valid_until": "2026-09-24T16:57:47.211279",
        "location_name": "Darjeeling, West Bengal",
        "risk_zone": "high",
        "event_type_detail": null,
        "severity": null,
        "description": "Normal geological conditions"
      },
      "geometry": {
        "type": "Point",
        "coordinates": [
          88.2627,
          27.036
        ]
      }
    },
    {
      "type": "Feature",
      "properties": {
        "source": "GSI",
        "source_record_id": "GSI_Uttarakhand_(Rudraprayag)_20260924_105747",
        "event_type": "geological",
        "timestamp": "2026-09-24T10:57:47.211279",
        "valid_from": "2026-09-24T10:57:47.211279",
        "valid_until": "2026-09-24T16:57:47.211279",
        "location_name": "Uttarakhand (Rudraprayag)",
        "risk_zone": "high",
        "event_type_detail": null,
        "severity": null,
        "description": "Normal geological conditions"
      },
      "geometry": {
        "type": "Point",
        "coordinates": [
          88.9776,
          30.2865
        ]
      }
    },
    {
      "type": "Feature",
      "properties": {
        "source": "GSI",
        "source_record_id": "GSI_Himachal_Pradesh_(Mandi)_20260924_105747",
        "event_type": "geological",
        "timestamp": "2026-09-24T10:57:47.211279",
        "valid_from": "2026-09-24T10:57:47.211279",
        "valid_until": "2026-09-24T16:57:47.211279",
        "location_name": "Himachal Pradesh (Mandi)",
        "risk_zone": "medium",
        "event_type_detail": "landslide",
        "severity": "low",
        "description": "Landslide in Himachal Pradesh (Mandi)"
      },
      "geometry": {
        "type": "Point",
        "coordinates": [
          76.9366,
          31.7084
        ]
      }
    },
    {
      "type": "Feature",
      "properties": {
        "source": "GSI",
        "source_record_id": "GSI_Sikkim_(Gangtok)_20260924_105747",
        "event_type": "geological",
        "timestamp": "2026-09-24T10:57:47.211279",
        "valid_from": "2026-09-24T10:57:47.211279",
        "valid_until": "2026-09-24T16:57:47.211279",
        "location_name": "Sikkim (Gangtok)",
        "risk_zone": "high",
        "event_type_detail": null,
        "severity": null,
        "description": "Normal geological conditions"
      },
      "geometry": {
        "type": "Point",
        "coordinates": [
          88.6065,
          27.3389
        ]
      }
    },
    {
      "type": "Feature",
      "properties": {
        "source": "GSI",
        "source_record_id": "GSI_Assam_(Guwahati)_20260924_105747",
        "event_type": "geological",
        "timestamp": "2026-09-24T10:57:47.211279",
        "valid_from": "2026-09-24T10:57:47.211279",
        "valid_until": "2026-09-24T16:57:47.211279",
        "location_name": "Assam (Guwahati)",
        "risk_zone": "medium",
        "event_type_detail": null,
        "severity": null,
        "description": "Normal geological conditions"
      },
      "geometry": {
        "type": "Point",
        "coordinates": [
          91.7362,
          26.1445
        ]
      }
    },
    {
      "type": "Feature",
      "properties": {
        "source": "GSI",
        "source_record_id": "GSI_Darjeeling_West_Bengal_20260924_115747",
        "event_type": "geological",
        "timestamp": "2026-09-24T11:57:47.211279",
        "valid_from": "2026-09-24T11:57:47.211279",
        "valid_until": "2026-09-24T17:57:47.211279",
        "location_name": "Darjeeling, West Bengal",
        "risk_zone": "high",
        "event_type_detail": null,
        "severity": null,
        "description": "Normal geological conditions"
      },
      "geometry": {
        "type": "Point",
        "coordinates": [
          88.2627,
          27.036
        ]
      }
    },
    {
      "type": "Feature",
      "properties": {
        "source": "GSI",
        "source_record_id": "GSI_Uttarakhand_(Rudraprayag)_20260924_115747",
        "event_type": "geological",
        "timestamp": "2026-09-24T11:57:47.211279",
        "valid_from": "2026-09-24T11:57:47.211279",
        "valid_until": "2026-09-24T17:57:47.211279",
        "location_name": "Uttarakhand (Rudraprayag)",
        "risk_zone": "high",
        "event_type_detail": null,
        "severity": null,
        "description": "Normal geological conditions"
      },
      "geometry": {
        "type": "Point",
        "coordinates": [
          88.9776,
          30.2865
        ]
      }
    },
    {
      "type": "Feature",
      "properties": {
        "source": "GSI",
        "source_record_id": "GSI_Himachal_Pradesh_(Mandi)_20260924_115747",
        "event_type": "geological",
        "timestamp": "2026-09-24T11:57:47.211279",
        "valid_from": "2026-09-24T11:57:47.211279",
        "valid_until": "2026-09-24T17:57:47.211279",
        "location_name": "Himachal Pradesh (Mandi)",
        "risk_zone": "medium",
        "event_type_detail": null,
        "severity": null,
        "description": "Normal geological conditions"
      },
      "geometry": {
        "type": "Point",
        "coordinates": [
          76.9366,
          31.7084
        ]
      }
    },
    {
      "type": "Feature",
      "properties": {
        "source": "GSI",
        "source_record_id": "GSI_Sikkim_(Gangtok)_20260924_115747",
        "event_type": "geological",
        "timestamp": "2026-09-24T11:57:47.211279",
        "valid_from": "2026-09-24T11:57:47.211279",
        "valid_until": "2026-09-24T17:57:47.211279",
        "location_name": "Sikkim (Gangtok)",
        "risk_zone": "high",
        "event_type_detail": null,
        "severity": null,
        "description": "Normal geological conditions"
      },
      "geometry": {
        "type": "Point",
        "coordinates": [
          88.6065,
          27.3389
        ]
      }
    },
    {
      "type": "Feature",
      "properties": {
        "source": "GSI",
        "source_record_id": "GSI_Assam_(Guwahati)_20260924_115747",
        "event_type": "geological",
        "timestamp": "2026-09-24T11:57:47.211279",
        "valid_from": "2026-09-24T11:57:47.211279",
        "valid_until": "2026-09-24T17:57:47.211279",
        "location_name": "Assam (Guwahati)",
        "risk_zone": "medium",
        "event_type_detail": null,
        "severity": null,
        "description": "Normal geological conditions"
      },
      "geometry": {
        "type": "Point",
        "coordinates": [
          91.7362,
          26.1445
        ]
      }
    },
    {
      "type": "Feature",
      "properties": {
        "source": "GSI",
        "source_record_id": "GSI_Darjeeling_West_Bengal_20260924_125747",
        "event_type": "geological",
        "timestamp": "2026-09-24T12:57:47.211279",
        "valid_from": "2026-09-24T12:57:47.211279",
        "valid_until": "2026-09-24T18:57:47.211279",
        "location_name": "Darjeeling, West Bengal",
        "risk_zone": "high",
        "event_type_detail": null,
        "severity": null,
        "description": "Normal geological conditions"
      },
      "geometry": {
        "type": "Point",
        "coordinates": [
          88.2627,
          27.036
        ]
      }
    },
    {
      "type": "Feature",
      "properties": {
        "source": "GSI",
        "source_record_id": "GSI_Uttarakhand_(Rudraprayag)_20260924_125747",
        "event_type": "geological",
        "timestamp": "2026-09-24T12:57:47.211279",
        "valid_from": "2026-09-24T12:57:47.211279",
        "valid_until": "2026-09-24T18:57:47.211279",
        "location_name": "Uttarakhand (Rudraprayag)",
        "risk_zone": "high",
        "event_type_detail": null,
        "severity": null,
        "description": "Normal geological conditions"
      },
      "geometry": {
        "type": "Point",
        "coordinates": [
          88.9776,
          30.2865
        ]
      }
    },
    {
      "type": "Feature",
      "properties": {
        "source": "GSI",
        "source_record_id": "GSI_Himachal_Pradesh_(Mandi)_20260924_125747",
        "event_type": "geological",
        "timestamp": "2026-09-24T12:57:47.211279",
        "valid_from": "2026-09-24T12:57:47.211279",
        "valid_until": "2026-09-24T18:57:47.211279",
        "location_name": "Himachal Pradesh (Mandi)",
        "risk_zone": "medium",
        "event_type_detail": null,
        "severity": null,
        "description": "Normal geological conditions"
      },
      "geometry": {
        "type": "Point",
        "coordinates": [
          76.9366,
          31.7084
        ]
      }
    },
    {
      "type": "Feature",
      "properties": {
        "source": "GSI",
        "source_record_id": "GSI_Sikkim_(Gangtok)_20260924_125747",
        "event_type": "geological",
        "timestamp": "2026-09-24T12:57:47.211279",
        "valid_from": "2026-09-24T12:57:47.211279",
        "valid_until": "2026-09-24T18:57:47.211279",
        "location_name": "Sikkim (Gangtok)",
        "risk_zone": "high",
        "event_type_detail": null,
        "severity": null,
        "description": "Normal geological conditions"
      },
      "geometry": {
        "type": "Point",
        "coordinates": [
          88.6065,
          27.3389
        ]
      }
    },
    {
      "type": "Feature",
      "properties": {
        "source": "GSI",
        "source_record_id": "GSI_Assam_(Guwahati)_20260924_125747",
        "event_type": "geological",
        "timestamp": "2026-09-24T12:57:47.211279",
        "valid_from": "2026-09-24T12:57:47.211279",
        "valid_until": "2026-09-24T18:57:47.211279",
        "location_name": "Assam (Guwahati)",
        "risk_zone": "medium",
        "event_type_detail": "landslide",
        "severity": "low",
        "description": "Landslide in Assam (Guwahati)"
      },
      "geometry": {
        "type": "Point",
        "coordinates": [
          91.7362,
          26.1445
        ]
      }
    },
    {
      "type": "Feature",
      "properties": {
        "source": "GSI",
        "source_record_id": "GSI_Darjeeling_West_Bengal_20260924_135747",
        "event_type": "geological",
        "timestamp": "2026-09-24T13:57:47.211279",
        "valid_from": "2026-09-24T13:57:47.211279",
        "valid_until": "2026-09-24T19:57:47.211279",
        "location_name": "Darjeeling, West Bengal",
        "risk_zone": "high",
        "event_type_detail": null,
        "severity": null,
        "description": "Normal geological conditions"
      },
      "geometry": {
        "type": "Point",
        "coordinates": [
          88.2627,
          27.036
        ]
      }
    },
    {
      "type": "Feature",
      "properties": {
        "source": "GSI",
        "source_record_id": "GSI_Uttarakhand_(Rudraprayag)_20260924_135747",
        "event_type": "geological",
        "timestamp": "2026-09-24T13:57:47.211279",
        "valid_from": "2026-09-24T13:57:47.211279",
        "valid_until": "2026-09-24T19:57:47.211279",
        "location_name": "Uttarakhand (Rudraprayag)",
        "risk_zone": "high",
        "event_type_detail": null,
        "severity": null,
        "description": "Normal geological conditions"
      },
      "geometry": {
        "type": "Point",
        "coordinates": [
          88.9776,
          30.2865
        ]
      }
    },
    {
      "type": "Feature",
      "properties": {
        "source": "GSI",
        "source_record_id": "GSI_Himachal_Pradesh_(Mandi)_20260924_135747",
        "event_type": "geological",
        "timestamp": "2026-09-24T13:57:47.211279",
        "valid_from": "2026-09-24T13:57:47.211279",
        "valid_until": "2026-09-24T19:57:47.211279",
        "location_name": "Himachal Pradesh (Mandi)",
        "risk_zone": "medium",
        "event_type_detail": null,
        "severity": null,
        "description": "Normal geological conditions"
      },
      "geometry": {
        "type": "Point",
        "coordinates": [
          76.9366,
          31.7084
        ]
      }
    },
    {
      "type": "Feature",
      "properties": {
        "source": "GSI",
        "source_record_id": "GSI_Sikkim_(Gangtok)_20260924_135747",
        "event_type": "geological",
        "timestamp": "2026-09-24T13:57:47.211279",
        "valid_from": "2026-09-24T13:57:47.211279",
        "valid_until": "2026-09-24T19:57:47.211279",
        "location_name": "Sikkim (Gangtok)",
        "risk_zone": "high",
        "event_type_detail": null,
        "severity": null,
        "description": "Normal geological conditions"
      },
      "geometry": {
        "type": "Point",
        "coordinates": [
          88.6065,
          27.3389
        ]
      }
    },
    {
      "type": "Feature",
      "properties": {
        "source": "GSI",
        "source_record_id": "GSI_Assam_(Guwahati)_20260924_135747",
        "event_type": "geological",
        "timestamp": "2026-09-24T13:57:47.211279",
        "valid_from": "2026-09-24T13:57:47.211279",
        "valid_until": "2026-09-24T19:57:47.211279",
        "location_name": "Assam (Guwahati)",
        "risk_zone": "medium",
        "event_type_detail": null,
        "severity": null,
        "description": "Normal geological conditions"
      },
      "geometry": {
        "type": "Point",
        "coordinates": [
          91.7362,
          26.1445
        ]
      }
    },
    {
      "type": "Feature",
      "properties": {
        "source": "GSI",
        "source_record_id": "GSI_Darjeeling_West_Bengal_20260924_145747",
        "event_type": "geological",
        "timestamp": "2026-09-24T14:57:47.211279",
        "valid_from": "2026-09-24T14:57:47.211279",
        "valid_until": "2026-09-24T20:57:47.211279",
        "location_name": "Darjeeling, West Bengal",
        "risk_zone": "high",
        "event_type_detail": null,
        "severity": null,
        "description": "Normal geological conditions"
      },
      "geometry": {
        "type": "Point",
        "coordinates": [
          88.2627,
          27.036
        ]
      }
    },
    {
      "type": "Feature",
      "properties": {
        "source": "GSI",
        "source_record_id": "GSI_Uttarakhand_(Rudraprayag)_20260924_145747",
        "event_type": "geological",
        "timestamp": "2026-09-24T14:57:47.211279",
        "valid_from": "2026-09-24T14:57:47.211279",
        "valid_until": "2026-09-24T20:57:47.211279",
        "location_name": "Uttarakhand (Rudraprayag)",
        "risk_zone": "high",
        "event_type_detail": null,
        "severity": null,
        "description": "Normal geological conditions"
      },
      "geometry": {
        "type": "Point",
        "coordinates": [
          88.9776,
          30.2865
        ]
      }
    },
    {
      "type": "Feature",
      "properties": {
        "source": "GSI",
        "source_record_id": "GSI_Himachal_Pradesh_(Mandi)_20260924_145747",
        "event_type": "geological",
        "timestamp": "2026-09-24T14:57:47.211279",
        "valid_from": "2026-09-24T14:57:47.211279",
        "valid_until": "2026-09-24T20:57:47.211279",
        "location_name": "Himachal Pradesh (Mandi)",
        "risk_zone": "medium",
        "event_type_detail": null,
        "severity": null,
        "description": "Normal geological conditions"
      },
      "geometry": {
        "type": "Point",
        "coordinates": [
          76.9366,
          31.7084
        ]
      }
    },
    {
      "type": "Feature",
      "properties": {
        "source": "GSI",
        "source_record_id": "GSI_Sikkim_(Gangtok)_20260924_145747",
        "event_type": "geological",
        "timestamp": "2026-09-24T14:57:47.211279",
        "valid_from": "2026-09-24T14:57:47.211279",
        "valid_until": "2026-09-24T20:57:47.211279",
        "location_name": "Sikkim (Gangtok)",
        "risk_zone": "high",
        "event_type_detail": null,
        "severity": null,
        "description": "Normal geological conditions"
      },
      "geometry": {
        "type": "Point",
        "coordinates": [
          88.6065,
          27.3389
        ]
      }
    },
    {
      "type": "Feature",
      "properties": {
        "source": "GSI",
        "source_record_id": "GSI_Assam_(Guwahati)_20260924_145747",
        "event_type": "geological",
        "timestamp": "2026-09-24T14:57:47.211279",
        "valid_from": "2026-09-24T14:57:47.211279",
        "valid_until": "2026-09-24T20:57:47.211279",
        "location_name": "Assam (Guwahati)",
        "risk_zone": "medium",
        "event_type_detail": null,
        "severity": null,
        "description": "Normal geological conditions"
      },
      "geometry": {
        "type": "Point",
        "coordinates": [
          91.7362,
          26.1445
        ]
      }
    },
    {
      "type": "Feature",
      "properties": {
        "source": "GSI",
        "source_record_id": "GSI_Darjeeling_West_Bengal_20260924_155747",
        "event_type": "geological",
        "timestamp": "2026-09-24T15:57:47.211279",
        "valid_from": "2026-09-24T15:57:47.211279",
        "valid_until": "2026-09-24T21:57:47.211279",
        "location_name": "Darjeeling, West Bengal",
        "risk_zone": "high",
        "event_type_detail": null,
        "severity": null,
        "description": "Normal geological conditions"
      },
      "geometry": {
        "type": "Point",
        "coordinates": [
          88.2627,
          27.036
        ]
      }
    },
    {
      "type": "Feature",
      "properties": {
        "source": "GSI",
        "source_record_id": "GSI_Uttarakhand_(Rudraprayag)_20260924_155747",
        "event_type": "geological",
        "timestamp": "2026-09-24T15:57:47.211279",
        "valid_from": "2026-09-24T15:57:47.211279",
        "valid_until": "2026-09-24T21:57:47.211279",
        "location_name": "Uttarakhand (Rudraprayag)",
        "risk_zone": "high",
        "event_type_detail": null,
        "severity": null,
        "description": "Normal geological conditions"
      },
      "geometry": {
        "type": "Point",
        "coordinates": [
          88.9776,
          30.2865
        ]
      }
    },
    {
      "type": "Feature",
      "properties": {
        "source": "GSI",
        "source_record_id": "GSI_Himachal_Pradesh_(Mandi)_20260924_155747",
        "event_type": "geological",
        "timestamp": "2026-09-24T15:57:47.211279",
        "valid_from": "2026-09-24T15:57:47.211279",
        "valid_until": "2026-09-24T21:57:47.211279",
        "location_name": "Himachal Pradesh (Mandi)",
        "risk_zone": "medium",
        "event_type_detail": null,
        "severity": null,
        "description": "Normal geological conditions"
      },
      "geometry": {
        "type": "Point",
        "coordinates": [
          76.9366,
          31.7084
        ]
      }
    },
    {
      "type": "Feature",
      "properties": {
        "source": "GSI",
        "source_record_id": "GSI_Sikkim_(Gangtok)_20260924_155747",
        "event_type": "geological",
        "timestamp": "2026-09-24T15:57:47.211279",
        "valid_from": "2026-09-24T15:57:47.211279",
        "valid_until": "2026-09-24T21:57:47.211279",
        "location_name": "Sikkim (Gangtok)",
        "risk_zone": "high",
        "event_type_detail": null,
        "severity": null,
        "description": "Normal geological conditions"
      },
      "geometry": {
        "type": "Point",
        "coordinates": [
          88.6065,
          27.3389
        ]
      }
    },
    {
      "type": "Feature",
      "properties": {
        "source": "GSI",
        "source_record_id": "GSI_Assam_(Guwahati)_20260924_155747",
        "event_type": "geological",
        "timestamp": "2026-09-24T15:57:47.211279",
        "valid_from": "2026-09-24T15:57:47.211279",
        "valid_until": "2026-09-24T21:57:47.211279",
        "location_name": "Assam (Guwahati)",
        "risk_zone": "medium",
        "event_type_detail": null,
        "severity": null,
        "description": "Normal geological conditions"
      },
      "geometry": {
        "type": "Point",
        "coordinates": [
          91.7362,
          26.1445
        ]
      }
    },
    {
      "type": "Feature",
      "properties": {
        "source": "GSI",
        "source_record_id": "GSI_Darjeeling_West_Bengal_20260924_165747",
        "event_type": "geological",
        "timestamp": "2026-09-24T16:57:47.211279",
        "valid_from": "2026-09-24T16:57:47.211279",
        "valid_until": "2026-09-24T22:57:47.211279",
        "location_name": "Darjeeling, West Bengal",
        "risk_zone": "high",
        "event_type_detail": null,
        "severity": null,
        "description": "Normal geological conditions"
      },
      "geometry": {
        "type": "Point",
        "coordinates": [
          88.2627,
          27.036
        ]
      }
    },
    {
      "type": "Feature",
      "properties": {
        "source": "GSI",
        "source_record_id": "GSI_Uttarakhand_(Rudraprayag)_20260924_165747",
        "event_type": "geological",
        "timestamp": "2026-09-24T16:57:47.211279",
        "valid_from": "2026-09-24T16:57:47.211279",
        "valid_until": "2026-09-24T22:57:47.211279",
        "location_name": "Uttarakhand (Rudraprayag)",
        "risk_zone": "high",
        "event_type_detail": null,
        "severity": null,
        "description": "Normal geological conditions"
      },
      "geometry": {
        "type": "Point",
        "coordinates": [
          88.9776,
          30.2865
        ]
      }
    },
    {
      "type": "Feature",
      "properties": {
        "source": "GSI",
        "source_record_id": "GSI_Himachal_Pradesh_(Mandi)_20260924_165747",
        "event_type": "geological",
        "timestamp": "2026-09-24T16:57:47.211279",
        "valid_from": "2026-09-24T16:57:47.211279",
        "valid_until": "2026-09-24T22:57:47.211279",
        "location_name": "Himachal Pradesh (Mandi)",
        "risk_zone": "medium",
        "event_type_detail": null,
        "severity": null,
        "description": "Normal geological conditions"
      },
      "geometry": {
        "type": "Point",
        "coordinates": [
          76.9366,
          31.7084
        ]
      }
    },
    {
      "type": "Feature",
      "properties": {
        "source": "GSI",
        "source_record_id": "GSI_Sikkim_(Gangtok)_20260924_165747",
        "event_type": "geological",
        "timestamp": "2026-09-24T16:57:47.211279",
        "valid_from": "2026-09-24T16:57:47.211279",
        "valid_until": "2026-09-24T22:57:47.211279",
        "location_name": "Sikkim (Gangtok)",
        "risk_zone": "high",
        "event_type_detail": null,
        "severity": null,
        "description": "Normal geological conditions"
      },
      "geometry": {
        "type": "Point",
        "coordinates": [
          88.6065,
          27.3389
        ]
      }
    },
    {
      "type": "Feature",
      "properties": {
        "source": "GSI",
        "source_record_id": "GSI_Assam_(Guwahati)_20260924_165747",
        "event_type": "geological",
        "timestamp": "2026-09-24T16:57:47.211279",
        "valid_from": "2026-09-24T16:57:47.211279",
        "valid_until": "2026-09-24T22:57:47.211279",
        "location_name": "Assam (Guwahati)",
        "risk_zone": "medium",
        "event_type_detail": null,
        "severity": null,
        "description": "Normal geological conditions"
      },
      "geometry": {
        "type": "Point",
        "coordinates": [
          91.7362,
          26.1445
        ]
      }
    },
    {
      "type": "Feature",
      "properties": {
        "source": "GSI",
        "source_record_id": "GSI_Darjeeling_West_Bengal_20260924_175747",
        "event_type": "geological",
        "timestamp": "2026-09-24T17:57:47.211279",
        "valid_from": "2026-09-24T17:57:47.211279",
        "valid_until": "2026-09-24T23:57:47.211279",
        "location_name": "Darjeeling, West Bengal",
        "risk_zone": "high",
        "event_type_detail": "landslide",
        "severity": "low",
        "description": "Landslide in Darjeeling, West Bengal"
      },
      "geometry": {
        "type": "Point",
        "coordinates": [
          88.2627,
          27.036
        ]
      }
    },
    {
      "type": "Feature",
      "properties": {
        "source": "GSI",
        "source_record_id": "GSI_Uttarakhand_(Rudraprayag)_20260924_175747",
        "event_type": "geological",
        "timestamp": "2026-09-24T17:57:47.211279",
        "valid_from": "2026-09-24T17:57:47.211279",
        "valid_until": "2026-09-24T23:57:47.211279",
        "location_name": "Uttarakhand (Rudraprayag)",
        "risk_zone": "high",
        "event_type_detail": null,
        "severity": null,
        "description": "Normal geological conditions"
      },
      "geometry": {
        "type": "Point",
        "coordinates": [
          88.9776,
          30.2865
        ]
      }
    },
    {
      "type": "Feature",
      "properties": {
        "source": "GSI",
        "source_record_id": "GSI_Himachal_Pradesh_(Mandi)_20260924_175747",
        "event_type": "geological",
        "timestamp": "2026-09-24T17:57:47.211279",
        "valid_from": "2026-09-24T17:57:47.211279",
        "valid_until": "2026-09-24T23:57:47.211279",
        "location_name": "Himachal Pradesh (Mandi)",
        "risk_zone": "medium",
        "event_type_detail": null,
        "severity": null,
        "description": "Normal geological conditions"
      },
      "geometry": {
        "type": "Point",
        "coordinates": [
          76.9366,
          31.7084
        ]
      }
    },
    {
      "type": "Feature",
      "properties": {
        "source": "GSI",
        "source_record_id": "GSI_Sikkim_(Gangtok)_20260924_175747",
        "event_type": "geological",
        "timestamp": "2026-09-24T17:57:47.211279",
        "valid_from": "2026-09-24T17:57:47.211279",
        "valid_until": "2026-09-24T23:57:47.211279",
        "location_name": "Sikkim (Gangtok)",
        "risk_zone": "high",
        "event_type_detail": null,
        "severity": null,
        "description": "Normal geological conditions"
      },
      "geometry": {
        "type": "Point",
        "coordinates": [
          88.6065,
          27.3389
        ]
      }
    },
    {
      "type": "Feature",
      "properties": {
        "source": "GSI",
        "source_record_id": "GSI_Assam_(Guwahati)_20260924_175747",
        "event_type": "geological",
        "timestamp": "2026-09-24T17:57:47.211279",
        "valid_from": "2026-09-24T17:57:47.211279",
        "valid_until": "2026-09-24T23:57:47.211279",
        "location_name": "Assam (Guwahati)",
        "risk_zone": "medium",
        "event_type_detail": null,
        "severity": null,
        "description": "Normal geological conditions"
      },
      "geometry": {
        "type": "Point",
        "coordinates": [
          91.7362,
          26.1445
        ]
      }
    },
    {
      "type": "Feature",
      "properties": {
        "source": "GSI",
        "source_record_id": "GSI_Darjeeling_West_Bengal_20260924_185747",
        "event_type": "geological",
        "timestamp": "2026-09-24T18:57:47.211279",
        "valid_from": "2026-09-24T18:57:47.211279",
        "valid_until": "2026-09-25T00:57:47.211279",
        "location_name": "Darjeeling, West Bengal",
        "risk_zone": "high",
        "event_type_detail": null,
        "severity": null,
        "description": "Normal geological conditions"
      },
      "geometry": {
        "type": "Point",
        "coordinates": [
          88.2627,
          27.036
        ]
      }
    },
    {
      "type": "Feature",
      "properties": {
        "source": "GSI",
        "source_record_id": "GSI_Uttarakhand_(Rudraprayag)_20260924_185747",
        "event_type": "geological",
        "timestamp": "2026-09-24T18:57:47.211279",
        "valid_from": "2026-09-24T18:57:47.211279",
        "valid_until": "2026-09-25T00:57:47.211279",
        "location_name": "Uttarakhand (Rudraprayag)",
        "risk_zone": "high",
        "event_type_detail": null,
        "severity": null,
        "description": "Normal geological conditions"
      },
      "geometry": {
        "type": "Point",
        "coordinates": [
          88.9776,
          30.2865
        ]
      }
    },
    {
      "type": "Feature",
      "properties": {
        "source": "GSI",
        "source_record_id": "GSI_Himachal_Pradesh_(Mandi)_20260924_185747",
        "event_type": "geological",
        "timestamp": "2026-09-24T18:57:47.211279",
        "valid_from": "2026-09-24T18:57:47.211279",
        "valid_until": "2026-09-25T00:57:47.211279",
        "location_name": "Himachal Pradesh (Mandi)",
        "risk_zone": "medium",
        "event_type_detail": null,
        "severity": null,
        "description": "Normal geological conditions"
      },
      "geometry": {
        "type": "Point",
        "coordinates": [
          76.9366,
          31.7084
        ]
      }
    },
    {
      "type": "Feature",
      "properties": {
        "source": "GSI",
        "source_record_id": "GSI_Sikkim_(Gangtok)_20260924_185747",
        "event_type": "geological",
        "timestamp": "2026-09-24T18:57:47.211279",
        "valid_from": "2026-09-24T18:57:47.211279",
        "valid_until": "2026-09-25T00:57:47.211279",
        "location_name": "Sikkim (Gangtok)",
        "risk_zone": "high",
        "event_type_detail": "landslide",
        "severity": "medium",
        "description": "Landslide in Sikkim (Gangtok)"
      },
      "geometry": {
        "type": "Point",
        "coordinates": [
          88.6065,
          27.3389
        ]
      }
    },
    {
      "type": "Feature",
      "properties": {
        "source": "GSI",
        "source_record_id": "GSI_Assam_(Guwahati)_20260924_185747",
        "event_type": "geological",
        "timestamp": "2026-09-24T18:57:47.211279",
        "valid_from": "2026-09-24T18:57:47.211279",
        "valid_until": "2026-09-25T00:57:47.211279",
        "location_name": "Assam (Guwahati)",
        "risk_zone": "medium",
        "event_type_detail": null,
        "severity": null,
        "description": "Normal geological conditions"
      },
      "geometry": {
        "type": "Point",
        "coordinates": [
          91.7362,
          26.1445
        ]
      }
    },
    {
      "type": "Feature",
      "properties": {
        "source": "GSI",
        "source_record_id": "GSI_Darjeeling_West_Bengal_20260924_195747",
        "event_type": "geological",
        "timestamp": "2026-09-24T19:57:47.211279",
        "valid_from": "2026-09-24T19:57:47.211279",
        "valid_until": "2026-09-25T01:57:47.211279",
        "location_name": "Darjeeling, West Bengal",
        "risk_zone": "high",
        "event_type_detail": null,
        "severity": null,
        "description": "Normal geological conditions"
      },
      "geometry": {
        "type": "Point",
        "coordinates": [
          88.2627,
          27.036
        ]
      }
    },
    {
      "type": "Feature",
      "properties": {
        "source": "GSI",
        "source_record_id": "GSI_Uttarakhand_(Rudraprayag)_20260924_195747",
        "event_type": "geological",
        "timestamp": "2026-09-24T19:57:47.211279",
        "valid_from": "2026-09-24T19:57:47.211279",
        "valid_until": "2026-09-25T01:57:47.211279",
        "location_name": "Uttarakhand (Rudraprayag)",
        "risk_zone": "high",
        "event_type_detail": null,
        "severity": null,
        "description": "Normal geological conditions"
      },
      "geometry": {
        "type": "Point",
        "coordinates": [
          88.9776,
          30.2865
        ]
      }
    },
    {
      "type": "Feature",
      "properties": {
        "source": "GSI",
        "source_record_id": "GSI_Himachal_Pradesh_(Mandi)_20260924_195747",
        "event_type": "geological",
        "timestamp": "2026-09-24T19:57:47.211279",
        "valid_from": "2026-09-24T19:57:47.211279",
        "valid_until": "2026-09-25T01:57:47.211279",
        "location_name": "Himachal Pradesh (Mandi)",
        "risk_zone": "medium",
        "event_type_detail": null,
        "severity": null,
        "description": "Normal geological conditions"
      },
      "geometry": {
        "type": "Point",
        "coordinates": [
          76.9366,
          31.7084
        ]
      }
    },
    {
      "type": "Feature",
      "properties": {
        "source": "GSI",
        "source_record_id": "GSI_Sikkim_(Gangtok)_20260924_195747",
        "event_type": "geological",
        "timestamp": "2026-09-24T19:57:47.211279",
        "valid_from": "2026-09-24T19:57:47.211279",
        "valid_until": "2026-09-25T01:57:47.211279",
        "location_name": "Sikkim (Gangtok)",
        "risk_zone": "high",
        "event_type_detail": null,
        "severity": null,
        "description": "Normal geological conditions"
      },
      "geometry": {
        "type": "Point",
        "coordinates": [
          88.6065,
          27.3389
        ]
      }
    },
    {
      "type": "Feature",
      "properties": {
        "source": "GSI",
        "source_record_id": "GSI_Assam_(Guwahati)_20260924_195747",
        "event_type": "geological",
        "timestamp": "2026-09-24T19:57:47.211279",
        "valid_from": "2026-09-24T19:57:47.211279",
        "valid_until": "2026-09-25T01:57:47.211279",
        "location_name": "Assam (Guwahati)",
        "risk_zone": "medium",
        "event_type_detail": "soil_erosion",
        "severity": "low",
        "description": "Soil_Erosion in Assam (Guwahati)"
      },
      "geometry": {
        "type": "Point",
        "coordinates": [
          91.7362,
          26.1445
        ]
      }
    },
    {
      "type": "Feature",
      "properties": {
        "source": "GSI",
        "source_record_id": "GSI_Darjeeling_West_Bengal_20260924_205747",
        "event_type": "geological",
        "timestamp": "2026-09-24T20:57:47.211279",
        "valid_from": "2026-09-24T20:57:47.211279",
        "valid_until": "2026-09-25T02:57:47.211279",
        "location_name": "Darjeeling, West Bengal",
        "risk_zone": "high",
        "event_type_detail": null,
        "severity": null,
        "description": "Normal geological conditions"
      },
      "geometry": {
        "type": "Point",
        "coordinates": [
          88.2627,
          27.036
        ]
      }
    },
    {
      "type": "Feature",
      "properties": {
        "source": "GSI",
        "source_record_id": "GSI_Uttarakhand_(Rudraprayag)_20260924_205747",
        "event_type": "geological",
        "timestamp": "2026-09-24T20:57:47.211279",
        "valid_from": "2026-09-24T20:57:47.211279",
        "valid_until": "2026-09-25T02:57:47.211279",
        "location_name": "Uttarakhand (Rudraprayag)",
        "risk_zone": "high",
        "event_type_detail": null,
        "severity": null,
        "description": "Normal geological conditions"
      },
      "geometry": {
        "type": "Point",
        "coordinates": [
          88.9776,
          30.2865
        ]
      }
    },
    {
      "type": "Feature",
      "properties": {
        "source": "GSI",
        "source_record_id": "GSI_Himachal_Pradesh_(Mandi)_20260924_205747",
        "event_type": "geological",
        "timestamp": "2026-09-24T20:57:47.211279",
        "valid_from": "2026-09-24T20:57:47.211279",
        "valid_until": "2026-09-25T02:57:47.211279",
        "location_name": "Himachal Pradesh (Mandi)",
        "risk_zone": "medium",
        "event_type_detail": null,
        "severity": null,
        "description": "Normal geological conditions"
      },
      "geometry": {
        "type": "Point",
        "coordinates": [
          76.9366,
          31.7084
        ]
      }
    },
    {
      "type": "Feature",
      "properties": {
        "source": "GSI",
        "source_record_id": "GSI_Sikkim_(Gangtok)_20260924_205747",
        "event_type": "geological",
        "timestamp": "2026-09-24T20:57:47.211279",
        "valid_from": "2026-09-24T20:57:47.211279",
        "valid_until": "2026-09-25T02:57:47.211279",
        "location_name": "Sikkim (Gangtok)",
        "risk_zone": "high",
        "event_type_detail": null,
        "severity": null,
        "description": "Normal geological conditions"
      },
      "geometry": {
        "type": "Point",
        "coordinates": [
          88.6065,
          27.3389
        ]
      }
    },
    {
      "type": "Feature",
      "properties": {
        "source": "GSI",
        "source_record_id": "GSI_Assam_(Guwahati)_20260924_205747",
        "event_type": "geological",
        "timestamp": "2026-09-24T20:57:47.211279",
        "valid_from": "2026-09-24T20:57:47.211279",
        "valid_until": "2026-09-25T02:57:47.211279",
        "location_name": "Assam (Guwahati)",
        "risk_zone": "medium",
        "event_type_detail": null,
        "severity": null,
        "description": "Normal geological conditions"
      },
      "geometry": {
        "type": "Point",
        "coordinates": [
          91.7362,
          26.1445
        ]
      }
    },
    {
      "type": "Feature",
      "properties": {
        "source": "GSI",
        "source_record_id": "GSI_Darjeeling_West_Bengal_20260924_215747",
        "event_type": "geological",
        "timestamp": "2026-09-24T21:57:47.211279",
        "valid_from": "2026-09-24T21:57:47.211279",
        "valid_until": "2026-09-25T03:57:47.211279",
        "location_name": "Darjeeling, West Bengal",
        "risk_zone": "high",
        "event_type_detail": null,
        "severity": null,
        "description": "Normal geological conditions"
      },
      "geometry": {
        "type": "Point",
        "coordinates": [
          88.2627,
          27.036
        ]
      }
    },
    {
      "type": "Feature",
      "properties": {
        "source": "GSI",
        "source_record_id": "GSI_Uttarakhand_(Rudraprayag)_20260924_215747",
        "event_type": "geological",
        "timestamp": "2026-09-24T21:57:47.211279",
        "valid_from": "2026-09-24T21:57:47.211279",
        "valid_until": "2026-09-25T03:57:47.211279",
        "location_name": "Uttarakhand (Rudraprayag)",
        "risk_zone": "high",
        "event_type_detail": null,
        "severity": null,
        "description": "Normal geological conditions"
      },
      "geometry": {
        "type": "Point",
        "coordinates": [
          88.9776,
          30.2865
        ]
      }
    },
    {
      "type": "Feature",
      "properties": {
        "source": "GSI",
        "source_record_id": "GSI_Himachal_Pradesh_(Mandi)_20260924_215747",
        "event_type": "geological",
        "timestamp": "2026-09-24T21:57:47.211279",
        "valid_from": "2026-09-24T21:57:47.211279",
        "valid_until": "2026-09-25T03:57:47.211279",
        "location_name": "Himachal Pradesh (Mandi)",
        "risk_zone": "medium",
        "event_type_detail": null,
        "severity": null,
        "description": "Normal geological conditions"
      },
      "geometry": {
        "type": "Point",
        "coordinates": [
          76.9366,
          31.7084
        ]
      }
    },
    {
      "type": "Feature",
      "properties": {
        "source": "GSI",
        "source_record_id": "GSI_Sikkim_(Gangtok)_20260924_215747",
        "event_type": "geological",
        "timestamp": "2026-09-24T21:57:47.211279",
        "valid_from": "2026-09-24T21:57:47.211279",
        "valid_until": "2026-09-25T03:57:47.211279",
        "location_name": "Sikkim (Gangtok)",
        "risk_zone": "high",
        "event_type_detail": null,
        "severity": null,
        "description": "Normal geological conditions"
      },
      "geometry": {
        "type": "Point",
        "coordinates": [
          88.6065,
          27.3389
        ]
      }
    },
    {
      "type": "Feature",
      "properties": {
        "source": "GSI",
        "source_record_id": "GSI_Assam_(Guwahati)_20260924_215747",
        "event_type": "geological",
        "timestamp": "2026-09-24T21:57:47.211279",
        "valid_from": "2026-09-24T21:57:47.211279",
        "valid_until": "2026-09-25T03:57:47.211279",
        "location_name": "Assam (Guwahati)",
        "risk_zone": "medium",
        "event_type_detail": null,
        "severity": null,
        "description": "Normal geological conditions"
      },
      "geometry": {
        "type": "Point",
        "coordinates": [
          91.7362,
          26.1445
        ]
      }
    },
    {
      "type": "Feature",
      "properties": {
        "source": "GSI",
        "source_record_id": "GSI_Darjeeling_West_Bengal_20260924_225747",
        "event_type": "geological",
        "timestamp": "2026-09-24T22:57:47.211279",
        "valid_from": "2026-09-24T22:57:47.211279",
        "valid_until": "2026-09-25T04:57:47.211279",
        "location_name": "Darjeeling, West Bengal",
        "risk_zone": "high",
        "event_type_detail": null,
        "severity": null,
        "description": "Normal geological conditions"
      },
      "geometry": {
        "type": "Point",
        "coordinates": [
          88.2627,
          27.036
        ]
      }
    },
    {
      "type": "Feature",
      "properties": {
        "source": "GSI",
        "source_record_id": "GSI_Uttarakhand_(Rudraprayag)_20260924_225747",
        "event_type": "geological",
        "timestamp": "2026-09-24T22:57:47.211279",
        "valid_from": "2026-09-24T22:57:47.211279",
        "valid_until": "2026-09-25T04:57:47.211279",
        "location_name": "Uttarakhand (Rudraprayag)",
        "risk_zone": "high",
        "event_type_detail": null,
        "severity": null,
        "description": "Normal geological conditions"
      },
      "geometry": {
        "type": "Point",
        "coordinates": [
          88.9776,
          30.2865
        ]
      }
    },
    {
      "type": "Feature",
      "properties": {
        "source": "GSI",
        "source_record_id": "GSI_Himachal_Pradesh_(Mandi)_20260924_225747",
        "event_type": "geological",
        "timestamp": "2026-09-24T22:57:47.211279",
        "valid_from": "2026-09-24T22:57:47.211279",
        "valid_until": "2026-09-25T04:57:47.211279",
        "location_name": "Himachal Pradesh (Mandi)",
        "risk_zone": "medium",
        "event_type_detail": null,
        "severity": null,
        "description": "Normal geological conditions"
      },
      "geometry": {
        "type": "Point",
        "coordinates": [
          76.9366,
          31.7084
        ]
      }
    },
    {
      "type": "Feature",
      "properties": {
        "source": "GSI",
        "source_record_id": "GSI_Sikkim_(Gangtok)_20260924_225747",
        "event_type": "geological",
        "timestamp": "2026-09-24T22:57:47.211279",
        "valid_from": "2026-09-24T22:57:47.211279",
        "valid_until": "2026-09-25T04:57:47.211279",
        "location_name": "Sikkim (Gangtok)",
        "risk_zone": "high",
        "event_type_detail": null,
        "severity": null,
        "description": "Normal geological conditions"
      },
      "geometry": {
        "type": "Point",
        "coordinates": [
          88.6065,
          27.3389
        ]
      }
    },
    {
      "type": "Feature",
      "properties": {
        "source": "GSI",
        "source_record_id": "GSI_Assam_(Guwahati)_20260924_225747",
        "event_type": "geological",
        "timestamp": "2026-09-24T22:57:47.211279",
        "valid_from": "2026-09-24T22:57:47.211279",
        "valid_until": "2026-09-25T04:57:47.211279",
        "location_name": "Assam (Guwahati)",
        "risk_zone": "medium",
        "event_type_detail": null,
        "severity": null,
        "description": "Normal geological conditions"
      },
      "geometry": {
        "type": "Point",
        "coordinates": [
          91.7362,
          26.1445
        ]
      }
    },
    {
      "type": "Feature",
      "properties": {
        "source": "GSI",
        "source_record_id": "GSI_Darjeeling_West_Bengal_20260924_235747",
        "event_type": "geological",
        "timestamp": "2026-09-24T23:57:47.211279",
        "valid_from": "2026-09-24T23:57:47.211279",
        "valid_until": "2026-09-25T05:57:47.211279",
        "location_name": "Darjeeling, West Bengal",
        "risk_zone": "high",
        "event_type_detail": null,
        "severity": null,
        "description": "Normal geological conditions"
      },
      "geometry": {
        "type": "Point",
        "coordinates": [
          88.2627,
          27.036
        ]
      }
    },
    {
      "type": "Feature",
      "properties": {
        "source": "GSI",
        "source_record_id": "GSI_Uttarakhand_(Rudraprayag)_20260924_235747",
        "event_type": "geological",
        "timestamp": "2026-09-24T23:57:47.211279",
        "valid_from": "2026-09-24T23:57:47.211279",
        "valid_until": "2026-09-25T05:57:47.211279",
        "location_name": "Uttarakhand (Rudraprayag)",
        "risk_zone": "high",
        "event_type_detail": null,
        "severity": null,
        "description": "Normal geological conditions"
      },
      "geometry": {
        "type": "Point",
        "coordinates": [
          88.9776,
          30.2865
        ]
      }
    },
    {
      "type": "Feature",
      "properties": {
        "source": "GSI",
        "source_record_id": "GSI_Himachal_Pradesh_(Mandi)_20260924_235747",
        "event_type": "geological",
        "timestamp": "2026-09-24T23:57:47.211279",
        "valid_from": "2026-09-24T23:57:47.211279",
        "valid_until": "2026-09-25T05:57:47.211279",
        "location_name": "Himachal Pradesh (Mandi)",
        "risk_zone": "medium",
        "event_type_detail": null,
        "severity": null,
        "description": "Normal geological conditions"
      },
      "geometry": {
        "type": "Point",
        "coordinates": [
          76.9366,
          31.7084
        ]
      }
    },
    {
      "type": "Feature",
      "properties": {
        "source": "GSI",
        "source_record_id": "GSI_Sikkim_(Gangtok)_20260924_235747",
        "event_type": "geological",
        "timestamp": "2026-09-24T23:57:47.211279",
        "valid_from": "2026-09-24T23:57:47.211279",
        "valid_until": "2026-09-25T05:57:47.211279",
        "location_name": "Sikkim (Gangtok)",
        "risk_zone": "high",
        "event_type_detail": null,
        "severity": null,
        "description": "Normal geological conditions"
      },
      "geometry": {
        "type": "Point",
        "coordinates": [
          88.6065,
          27.3389
        ]
      }
    },
    {
      "type": "Feature",
      "properties": {
        "source": "GSI",
        "source_record_id": "GSI_Assam_(Guwahati)_20260924_235747",
        "event_type": "geological",
        "timestamp": "2026-09-24T23:57:47.211279",
        "valid_from": "2026-09-24T23:57:47.211279",
        "valid_until": "2026-09-25T05:57:47.211279",
        "location_name": "Assam (Guwahati)",
        "risk_zone": "medium",
        "event_type_detail": null,
        "severity": null,
        "description": "Normal geological conditions"
      },
      "geometry": {
        "type": "Point",
        "coordinates": [
          91.7362,
          26.1445
        ]
      }
    },
    {
      "type": "Feature",
      "properties": {
        "source": "GSI",
        "source_record_id": "GSI_Darjeeling_West_Bengal_20260925_005747",
        "event_type": "geological",
        "timestamp": "2026-09-25T00:57:47.211279",
        "valid_from": "2026-09-25T00:57:47.211279",
        "valid_until": "2026-09-25T06:57:47.211279",
        "location_name": "Darjeeling, West Bengal",
        "risk_zone": "high",
        "event_type_detail": null,
        "severity": null,
        "description": "Normal geological conditions"
      },
      "geometry": {
        "type": "Point",
        "coordinates": [
          88.2627,
          27.036
        ]
      }
    },
    {
      "type": "Feature",
      "properties": {
        "source": "GSI",
        "source_record_id": "GSI_Uttarakhand_(Rudraprayag)_20260925_005747",
        "event_type": "geological",
        "timestamp": "2026-09-25T00:57:47.211279",
        "valid_from": "2026-09-25T00:57:47.211279",
        "valid_until": "2026-09-25T06:57:47.211279",
        "location_name": "Uttarakhand (Rudraprayag)",
        "risk_zone": "high",
        "event_type_detail": null,
        "severity": null,
        "description": "Normal geological conditions"
      },
      "geometry": {
        "type": "Point",
        "coordinates": [
          88.9776,
          30.2865
        ]
      }
    },
    {
      "type": "Feature",
      "properties": {
        "source": "GSI",
        "source_record_id": "GSI_Himachal_Pradesh_(Mandi)_20260925_005747",
        "event_type": "geological",
        "timestamp": "2026-09-25T00:57:47.211279",
        "valid_from": "2026-09-25T00:57:47.211279",
        "valid_until": "2026-09-25T06:57:47.211279",
        "location_name": "Himachal Pradesh (Mandi)",
        "risk_zone": "medium",
        "event_type_detail": null,
        "severity": null,
        "description": "Normal geological conditions"
      },
      "geometry": {
        "type": "Point",
        "coordinates": [
          76.9366,
          31.7084
        ]
      }
    },
    {
      "type": "Feature",
      "properties": {
        "source": "GSI",
        "source_record_id": "GSI_Sikkim_(Gangtok)_20260925_005747",
        "event_type": "geological",
        "timestamp": "2026-09-25T00:57:47.211279",
        "valid_from": "2026-09-25T00:57:47.211279",
        "valid_until": "2026-09-25T06:57:47.211279",
        "location_name": "Sikkim (Gangtok)",
        "risk_zone": "high",
        "event_type_detail": null,
        "severity": null,
        "description": "Normal geological conditions"
      },
      "geometry": {
        "type": "Point",
        "coordinates": [
          88.6065,
          27.3389
        ]
      }
    },
    {
      "type": "Feature",
      "properties": {
        "source": "GSI",
        "source_record_id": "GSI_Assam_(Guwahati)_20260925_005747",
        "event_type": "geological",
        "timestamp": "2026-09-25T00:57:47.211279",
        "valid_from": "2026-09-25T00:57:47.211279",
        "valid_until": "2026-09-25T06:57:47.211279",
        "location_name": "Assam (Guwahati)",
        "risk_zone": "medium",
        "event_type_detail": null,
        "severity": null,
        "description": "Normal geological conditions"
      },
      "geometry": {
        "type": "Point",
        "coordinates": [
          91.7362,
          26.1445
        ]
      }
    }
  ],
  "snapshotDate": "2026-09-24T20:27:47.217993Z",
  "count": 840
}